{"type":"FeatureCollection","features":[{"type":"Feature","geometry":{"geodesic":false,"type":"Polygon","coordinates":[[[9.286783407227613,35.68916792278447],[9.288580037795853,35.68916792278447],[9.288580037795853,35.69096455335271],[9.286783407227613,35.69096455335271],[9.286783407227613,35.68916792278447]]]},"id":"+10339+39730","properties":{"count":4,"zone_degradee":1}},{"type":"Feature","geometry":{"geodesic":false,"type":"Polygon","coordinates":[[[9.314631181035319,35.695456129773305],[9.317326126887677,35.695456129773305],[9.317326126887677,35.69725276034155],[9.314631181035319,35.69725276034155],[9.314631181035319,35.695456129773305]]]},"id":"+10371+39737","properties":{"count":6,"zone_degradee":1}},{"type":"Feature","geometry":{"geodesic":false,"type":"Polygon","coordinates":[[[9.319122757455917,35.69725276034155],[9.320021072740037,35.69725276034155],[9.320021072740037,35.69815107562567],[9.319122757455917,35.69815107562567],[9.319122757455917,35.69725276034155]]]},"id":"+10374+39738","properties":{"count":1,"zone_degradee":1}},{"type":"Feature","geometry":{"geodesic":false,"type":"Polygon","coordinates":[[[9.33259748671771,35.647845419714976],[9.334394117285948,35.647845419714976],[9.334394117285948,35.648743734999094],[9.33259748671771,35.648743734999094],[9.33259748671771,35.647845419714976]]]},"id":"+10390+39683","properties":{"count":2,"zone_degradee":1}},{"type":"Feature","geometry":{"geodesic":false,"type":"Polygon","coordinates":[[[9.336190747854188,35.64694710443085],[9.337089063138308,35.64694710443085],[9.337089063138308,35.647845419714976],[9.336190747854188,35.647845419714976],[9.336190747854188,35.64694710443085]]]},"id":"+10393+39682","properties":{"count":1,"zone_degradee":1}},{"type":"Feature","geometry":{"geodesic":false,"type":"Polygon","coordinates":[[[9.337987378422426,35.65593025727205],[9.339784008990666,35.65593025727205],[9.339784008990666,35.65772688784029],[9.337987378422426,35.65772688784029],[9.337987378422426,35.65593025727205]]]},"id":"+10396+39693","properties":{"count":4,"zone_degradee":1}},{"type":"Feature","geometry":{"geodesic":false,"type":"Polygon","coordinates":[[[9.337987378422426,35.680184769943274],[9.339784008990666,35.680184769943274],[9.339784008990666,35.68198140051152],[9.337987378422426,35.68198140051152],[9.337987378422426,35.680184769943274]]]},"id":"+10396+39720","properties":{"count":4,"zone_degradee":1}},{"type":"Feature","geometry":{"geodesic":false,"type":"Polygon","coordinates":[[[9.354157053536579,35.680184769943274],[9.355055368820697,35.680184769943274],[9.355055368820697,35.68108308522739],[9.354157053536579,35.68108308522739],[9.354157053536579,35.680184769943274]]]},"id":"+10413+39719","properties":{"count":1,"zone_degradee":1}},{"type":"Feature","geometry":{"geodesic":false,"type":"Polygon","coordinates":[[[9.359546945241295,35.717914011876296],[9.360445260525415,35.717914011876296],[9.360445260525415,35.718812327160414],[9.359546945241295,35.718812327160414],[9.359546945241295,35.717914011876296]]]},"id":"+10419+39761","properties":{"count":1,"zone_degradee":1}},{"type":"Feature","geometry":{"geodesic":false,"type":"Polygon","coordinates":[[[9.363140206377773,35.683778031079754],[9.364038521661893,35.683778031079754],[9.364038521661893,35.68467634636387],[9.363140206377773,35.68467634636387],[9.363140206377773,35.683778031079754]]]},"id":"+10423+39723","properties":{"count":1,"zone_degradee":1}},{"type":"Feature","geometry":{"geodesic":false,"type":"Polygon","coordinates":[[[9.36853009808249,35.66671004068148],[9.37032672865073,35.66671004068148],[9.37032672865073,35.66850667124972],[9.36853009808249,35.66850667124972],[9.36853009808249,35.66671004068148]]]},"id":"+10430+39705","properties":{"count":4,"zone_degradee":1}},{"type":"Feature","geometry":{"geodesic":false,"type":"Polygon","coordinates":[[[9.37122504393485,35.69455781448919],[9.372123359218968,35.69455781448919],[9.372123359218968,35.695456129773305],[9.37122504393485,35.695456129773305],[9.37122504393485,35.69455781448919]]]},"id":"+10432+39735","properties":{"count":1,"zone_degradee":1}},{"type":"Feature","geometry":{"geodesic":false,"type":"Polygon","coordinates":[[[9.372123359218968,35.695456129773305],[9.373021674503088,35.695456129773305],[9.373021674503088,35.69635444505743],[9.372123359218968,35.69635444505743],[9.372123359218968,35.695456129773305]]]},"id":"+10433+39736","properties":{"count":1,"zone_degradee":1}},{"type":"Feature","geometry":{"geodesic":false,"type":"Polygon","coordinates":[[[9.374818305071328,35.6999477061939],[9.374818305071328,35.699049390909785],[9.373919989787208,35.699049390909785],[9.373919989787208,35.69815107562567],[9.376614935639566,35.69815107562567],[9.376614935639566,35.699049390909785],[9.375716620355446,35.699049390909785],[9.375716620355446,35.6999477061939],[9.374818305071328,35.6999477061939]]]},"id":"+10436+39740","properties":{"count":4,"zone_degradee":1}},{"type":"Feature","geometry":{"geodesic":false,"type":"Polygon","coordinates":[[[9.378411566207804,35.68108308522739],[9.379309881491924,35.68108308522739],[9.379309881491924,35.68198140051152],[9.378411566207804,35.68198140051152],[9.378411566207804,35.68108308522739]]]},"id":"+10440+39720","properties":{"count":1,"zone_degradee":1}},{"type":"Feature","geometry":{"geodesic":false,"type":"Polygon","coordinates":[[[9.379309881491924,35.66850667124972],[9.381106512060164,35.66850667124972],[9.381106512060164,35.66940498653384],[9.379309881491924,35.66940498653384],[9.379309881491924,35.66850667124972]]]},"id":"+10442+39706","properties":{"count":2,"zone_degradee":1}},{"type":"Feature","geometry":{"geodesic":false,"type":"Polygon","coordinates":[[[9.389191349617239,35.675693193522676],[9.390089664901359,35.675693193522676],[9.390089664901359,35.6765915088068],[9.389191349617239,35.6765915088068],[9.389191349617239,35.675693193522676]]]},"id":"+10452+39714","properties":{"count":1,"zone_degradee":1}},{"type":"Feature","geometry":{"geodesic":false,"type":"Polygon","coordinates":[[[9.395479556606075,35.687371292216234],[9.396377871890195,35.687371292216234],[9.396377871890195,35.68826960750035],[9.395479556606075,35.68826960750035],[9.395479556606075,35.687371292216234]]]},"id":"+10459+39727","properties":{"count":1,"zone_degradee":1}},{"type":"Feature","geometry":{"geodesic":false,"type":"Polygon","coordinates":[[[9.400869448310793,35.664015094829125],[9.401767763594913,35.664015094829125],[9.401767763594913,35.66491341011324],[9.400869448310793,35.66491341011324],[9.400869448310793,35.664015094829125]]]},"id":"+10465+39701","properties":{"count":1,"zone_degradee":1}},{"type":"Feature","geometry":{"geodesic":false,"type":"Polygon","coordinates":[[[9.402666078879031,35.686472976932116],[9.403564394163151,35.686472976932116],[9.403564394163151,35.687371292216234],[9.402666078879031,35.687371292216234],[9.402666078879031,35.686472976932116]]]},"id":"+10467+39726","properties":{"count":1,"zone_degradee":1}},{"type":"Feature","geometry":{"geodesic":false,"type":"Polygon","coordinates":[[[9.405361024731391,35.68557466164799],[9.40625934001551,35.68557466164799],[9.40625934001551,35.686472976932116],[9.405361024731391,35.686472976932116],[9.405361024731391,35.68557466164799]]]},"id":"+10470+39725","properties":{"count":1,"zone_degradee":1}},{"type":"Feature","geometry":{"geodesic":false,"type":"Polygon","coordinates":[[[9.40625934001551,35.61730270005491],[9.40715765529963,35.61730270005491],[9.40715765529963,35.61820101533903],[9.40625934001551,35.61820101533903],[9.40625934001551,35.61730270005491]]]},"id":"+10471+39649","properties":{"count":1,"zone_degradee":1}},{"type":"Feature","geometry":{"geodesic":false,"type":"Polygon","coordinates":[[[9.40625934001551,35.680184769943274],[9.40625934001551,35.67838813937504],[9.40715765529963,35.67838813937504],[9.40715765529963,35.679286454659156],[9.40805597058375,35.679286454659156],[9.40805597058375,35.680184769943274],[9.40625934001551,35.680184769943274]]]},"id":"+10472+39718","properties":{"count":3,"zone_degradee":1}},{"type":"Feature","geometry":{"geodesic":false,"type":"Polygon","coordinates":[[[9.40805597058375,35.66940498653384],[9.40895428586787,35.66940498653384],[9.40895428586787,35.67030330181796],[9.40805597058375,35.67030330181796],[9.40805597058375,35.66940498653384]]]},"id":"+10473+39707","properties":{"count":1,"zone_degradee":1}},{"type":"Feature","geometry":{"geodesic":false,"type":"Polygon","coordinates":[[[9.411649231720228,35.67838813937504],[9.412547547004346,35.67838813937504],[9.412547547004346,35.679286454659156],[9.411649231720228,35.679286454659156],[9.411649231720228,35.67838813937504]]]},"id":"+10477+39717","properties":{"count":1,"zone_degradee":1}},{"type":"Feature","geometry":{"geodesic":false,"type":"Polygon","coordinates":[[[9.410750916436108,35.675693193522676],[9.410750916436108,35.6720999323862],[9.411649231720228,35.6720999323862],[9.411649231720228,35.67479487823856],[9.414344177572586,35.67479487823856],[9.414344177572586,35.675693193522676],[9.410750916436108,35.675693193522676]]]},"id":"+10479+39713","properties":{"count":7,"zone_degradee":1}},{"type":"Feature","geometry":{"geodesic":false,"type":"Polygon","coordinates":[[[9.414344177572586,35.68198140051152],[9.414344177572586,35.68108308522739],[9.413445862288466,35.68108308522739],[9.413445862288466,35.680184769943274],[9.416140808140824,35.680184769943274],[9.416140808140824,35.68108308522739],[9.415242492856706,35.68108308522739],[9.415242492856706,35.68198140051152],[9.414344177572586,35.68198140051152]]]},"id":"+10480+39720","properties":{"count":4,"zone_degradee":1}},{"type":"Feature","geometry":{"geodesic":false,"type":"Polygon","coordinates":[[[9.413445862288466,35.66940498653384],[9.416140808140824,35.66940498653384],[9.416140808140824,35.67030330181796],[9.413445862288466,35.67030330181796],[9.413445862288466,35.66940498653384]]]},"id":"+10481+39707","properties":{"count":3,"zone_degradee":1}},{"type":"Feature","geometry":{"geodesic":false,"type":"Polygon","coordinates":[[[9.416140808140824,35.68467634636387],[9.417039123424944,35.68467634636387],[9.417039123424944,35.686472976932116],[9.416140808140824,35.686472976932116],[9.416140808140824,35.68467634636387]]]},"id":"+10482+39725","properties":{"count":2,"zone_degradee":1}},{"type":"Feature","geometry":{"geodesic":false,"type":"Polygon","coordinates":[[[9.433208798539095,35.70174433676215],[9.434107113823215,35.70174433676215],[9.434107113823215,35.702642652046265],[9.433208798539095,35.702642652046265],[9.433208798539095,35.70174433676215]]]},"id":"+10501+39743","properties":{"count":1,"zone_degradee":1}},{"type":"Feature","geometry":{"geodesic":false,"type":"Polygon","coordinates":[[[9.441293636096171,35.695456129773305],[9.441293636096171,35.69455781448919],[9.439497005527933,35.69455781448919],[9.439497005527933,35.69365949920507],[9.438598690243813,35.69365949920507],[9.438598690243813,35.69186286863683],[9.442191951380291,35.69186286863683],[9.442191951380291,35.695456129773305],[9.441293636096171,35.695456129773305]]]},"id":"+10510+39735","properties":{"count":12,"zone_degradee":1}},{"type":"Feature","geometry":{"geodesic":false,"type":"Polygon","coordinates":[[[9.44398858194853,35.48525035328934],[9.44578521251677,35.48525035328934],[9.44578521251677,35.486148668573456],[9.44398858194853,35.486148668573456],[9.44398858194853,35.48525035328934]]]},"id":"+10514+39502","properties":{"count":2,"zone_degradee":1}},{"type":"Feature","geometry":{"geodesic":false,"type":"Polygon","coordinates":[[[9.452971734789726,35.70084602147802],[9.452971734789726,35.6999477061939],[9.452073419505606,35.6999477061939],[9.452073419505606,35.699049390909785],[9.453870050073844,35.699049390909785],[9.453870050073844,35.70084602147802],[9.452971734789726,35.70084602147802]]]},"id":"+10523+39741","properties":{"count":3,"zone_degradee":1}},{"type":"Feature","geometry":{"geodesic":false,"type":"Polygon","coordinates":[[[9.454768365357964,35.699049390909785],[9.455666680642084,35.699049390909785],[9.455666680642084,35.6999477061939],[9.454768365357964,35.6999477061939],[9.454768365357964,35.699049390909785]]]},"id":"+10525+39740","properties":{"count":1,"zone_degradee":1}},{"type":"Feature","geometry":{"geodesic":false,"type":"Polygon","coordinates":[[[9.4610565723468,35.706235913182745],[9.4610565723468,35.70354096733038],[9.46195488763092,35.70354096733038],[9.46195488763092,35.702642652046265],[9.46285320291504,35.702642652046265],[9.46285320291504,35.70354096733038],[9.46375151819916,35.70354096733038],[9.46375151819916,35.7044392826145],[9.46285320291504,35.7044392826145],[9.46285320291504,35.706235913182745],[9.4610565723468,35.706235913182745]]]},"id":"+10533+39747","properties":{"count":8,"zone_degradee":1}},{"type":"Feature","geometry":{"geodesic":false,"type":"Polygon","coordinates":[[[9.464649833483278,35.70982917431922],[9.464649833483278,35.70803254375098],[9.466446464051518,35.70803254375098],[9.466446464051518,35.7089308590351],[9.465548148767398,35.7089308590351],[9.465548148767398,35.70982917431922],[9.464649833483278,35.70982917431922]]]},"id":"+10536+39751","properties":{"count":3,"zone_degradee":1}},{"type":"Feature","geometry":{"geodesic":false,"type":"Polygon","coordinates":[[[9.467344779335637,35.71252412017158],[9.469141409903877,35.71252412017158],[9.469141409903877,35.714320750739816],[9.467344779335637,35.714320750739816],[9.467344779335637,35.71252412017158]]]},"id":"+10540+39756","properties":{"count":4,"zone_degradee":1}},{"type":"Feature","geometry":{"geodesic":false,"type":"Polygon","coordinates":[[[9.473632986324475,35.37026599692204],[9.474531301608593,35.37026599692204],[9.474531301608593,35.37206262749028],[9.473632986324475,35.37206262749028],[9.473632986324475,35.37026599692204]]]},"id":"+10546+39375","properties":{"count":2,"zone_degradee":1}},{"type":"Feature","geometry":{"geodesic":false,"type":"Polygon","coordinates":[[[9.480819508597431,35.38284241089971],[9.48261613916567,35.38284241089971],[9.48261613916567,35.38374072618383],[9.480819508597431,35.38374072618383],[9.480819508597431,35.38284241089971]]]},"id":"+10555+39388","properties":{"count":2,"zone_degradee":1}},{"type":"Feature","geometry":{"geodesic":false,"type":"Polygon","coordinates":[[[9.486209400302148,35.36936768163792],[9.487107715586268,35.36936768163792],[9.487107715586268,35.37116431220616],[9.486209400302148,35.37116431220616],[9.486209400302148,35.36936768163792]]]},"id":"+10560+39374","properties":{"count":2,"zone_degradee":1}},{"type":"Feature","geometry":{"geodesic":false,"type":"Polygon","coordinates":[[[9.491599292006864,35.71971064244453],[9.493395922575104,35.71971064244453],[9.493395922575104,35.721507273012776],[9.491599292006864,35.721507273012776],[9.491599292006864,35.71971064244453]]]},"id":"+10567+39764","properties":{"count":4,"zone_degradee":1}},{"type":"Feature","geometry":{"geodesic":false,"type":"Polygon","coordinates":[[[9.496090868427462,35.37565588862676],[9.496989183711582,35.37565588862676],[9.496989183711582,35.37655420391088],[9.496090868427462,35.37655420391088],[9.496090868427462,35.37565588862676]]]},"id":"+10571+39380","properties":{"count":1,"zone_degradee":1}},{"type":"Feature","geometry":{"geodesic":false,"type":"Polygon","coordinates":[[[9.496989183711582,35.72420221886513],[9.497887498995702,35.72420221886513],[9.497887498995702,35.72510053414925],[9.496989183711582,35.72510053414925],[9.496989183711582,35.72420221886513]]]},"id":"+10572+39768","properties":{"count":1,"zone_degradee":1}},{"type":"Feature","geometry":{"geodesic":false,"type":"Polygon","coordinates":[[[9.49968412956394,35.37116431220616],[9.501480760132178,35.37116431220616],[9.501480760132178,35.3729609427744],[9.49968412956394,35.3729609427744],[9.49968412956394,35.37116431220616]]]},"id":"+10576+39376","properties":{"count":4,"zone_degradee":1}},{"type":"Feature","geometry":{"geodesic":false,"type":"Polygon","coordinates":[[[9.501480760132178,35.717914011876296],[9.502379075416298,35.717914011876296],[9.502379075416298,35.71971064244453],[9.501480760132178,35.71971064244453],[9.501480760132178,35.717914011876296]]]},"id":"+10577+39762","properties":{"count":2,"zone_degradee":1}},{"type":"Feature","geometry":{"geodesic":false,"type":"Polygon","coordinates":[[[9.505074021268657,35.3684693663538],[9.506870651836897,35.3684693663538],[9.506870651836897,35.37026599692204],[9.505074021268657,35.37026599692204],[9.505074021268657,35.3684693663538]]]},"id":"+10582+39373","properties":{"count":4,"zone_degradee":1}},{"type":"Feature","geometry":{"geodesic":false,"type":"Polygon","coordinates":[[[9.510463912973375,35.36128284408085],[9.512260543541613,35.36128284408085],[9.512260543541613,35.36307947464908],[9.510463912973375,35.36307947464908],[9.510463912973375,35.36128284408085]]]},"id":"+10588+39365","properties":{"count":4,"zone_degradee":1}},{"type":"Feature","geometry":{"geodesic":false,"type":"Polygon","coordinates":[[[9.510463912973375,35.40619860828682],[9.510463912973375,35.4053002930027],[9.509565597689255,35.4053002930027],[9.509565597689255,35.404401977718585],[9.508667282405135,35.404401977718585],[9.508667282405135,35.40350366243446],[9.510463912973375,35.40350366243446],[9.510463912973375,35.404401977718585],[9.511362228257495,35.404401977718585],[9.511362228257495,35.4053002930027],[9.513158858825733,35.4053002930027],[9.513158858825733,35.40619860828682],[9.510463912973375,35.40619860828682]]]},"id":"+10589+39413","properties":{"count":7,"zone_degradee":1}},{"type":"Feature","geometry":{"geodesic":false,"type":"Polygon","coordinates":[[[9.512260543541613,35.79337249574233],[9.512260543541613,35.791575865174096],[9.514057174109853,35.791575865174096],[9.514057174109853,35.79067754988998],[9.514955489393973,35.79067754988998],[9.514955489393973,35.78977923460586],[9.515853804678091,35.78977923460586],[9.515853804678091,35.78888091932174],[9.516752119962211,35.78888091932174],[9.516752119962211,35.791575865174096],[9.515853804678091,35.791575865174096],[9.515853804678091,35.792474180458214],[9.513158858825733,35.792474180458214],[9.513158858825733,35.79337249574233],[9.512260543541613,35.79337249574233]]]},"id":"+10589+39844","properties":{"count":11,"zone_degradee":1}},{"type":"Feature","geometry":{"geodesic":false,"type":"Polygon","coordinates":[[[9.513158858825733,35.34960474538729],[9.514057174109853,35.34960474538729],[9.514057174109853,35.350503060671414],[9.513158858825733,35.350503060671414],[9.513158858825733,35.34960474538729]]]},"id":"+10590+39351","properties":{"count":1,"zone_degradee":1}},{"type":"Feature","geometry":{"geodesic":false,"type":"Polygon","coordinates":[[[9.517650435246331,35.4187750222645],[9.51854875053045,35.4187750222645],[9.51854875053045,35.419673337548616],[9.517650435246331,35.419673337548616],[9.517650435246331,35.4187750222645]]]},"id":"+10595+39428","properties":{"count":1,"zone_degradee":1}},{"type":"Feature","geometry":{"geodesic":false,"type":"Polygon","coordinates":[[[9.52034538109869,35.404401977718585],[9.52124369638281,35.404401977718585],[9.52124369638281,35.4053002930027],[9.52034538109869,35.4053002930027],[9.52034538109869,35.404401977718585]]]},"id":"+10598+39412","properties":{"count":1,"zone_degradee":1}},{"type":"Feature","geometry":{"geodesic":false,"type":"Polygon","coordinates":[[[9.52124369638281,35.71971064244453],[9.522142011666928,35.71971064244453],[9.522142011666928,35.72060895772866],[9.52124369638281,35.72060895772866],[9.52124369638281,35.71971064244453]]]},"id":"+10599+39763","properties":{"count":1,"zone_degradee":1}},{"type":"Feature","geometry":{"geodesic":false,"type":"Polygon","coordinates":[[[9.522142011666928,35.718812327160414],[9.523040326951048,35.718812327160414],[9.523040326951048,35.71971064244453],[9.522142011666928,35.71971064244453],[9.522142011666928,35.718812327160414]]]},"id":"+10600+39762","properties":{"count":1,"zone_degradee":1}},{"type":"Feature","geometry":{"geodesic":false,"type":"Polygon","coordinates":[[[9.526633588087526,35.70174433676215],[9.527531903371646,35.70174433676215],[9.527531903371646,35.702642652046265],[9.526633588087526,35.702642652046265],[9.526633588087526,35.70174433676215]]]},"id":"+10605+39743","properties":{"count":1,"zone_degradee":1}},{"type":"Feature","geometry":{"geodesic":false,"type":"Polygon","coordinates":[[[9.529328533939884,35.853559619778345],[9.530226849224004,35.853559619778345],[9.530226849224004,35.85445793506246],[9.529328533939884,35.85445793506246],[9.529328533939884,35.853559619778345]]]},"id":"+10608+39912","properties":{"count":1,"zone_degradee":1}},{"type":"Feature","geometry":{"geodesic":false,"type":"Polygon","coordinates":[[[9.530226849224004,35.85445793506246],[9.531125164508124,35.85445793506246],[9.531125164508124,35.85535625034658],[9.530226849224004,35.85535625034658],[9.530226849224004,35.85445793506246]]]},"id":"+10609+39913","properties":{"count":1,"zone_degradee":1}},{"type":"Feature","geometry":{"geodesic":false,"type":"Polygon","coordinates":[[[9.533820110360482,35.389130617888554],[9.533820110360482,35.38823230260443],[9.532921795076362,35.38823230260443],[9.532921795076362,35.38733398732031],[9.534718425644602,35.38733398732031],[9.534718425644602,35.38643567203619],[9.53651505621284,35.38643567203619],[9.53651505621284,35.384639041467956],[9.53741337149696,35.384639041467956],[9.53741337149696,35.38733398732031],[9.53561674092872,35.38733398732031],[9.53561674092872,35.38823230260443],[9.534718425644602,35.38823230260443],[9.534718425644602,35.389130617888554],[9.533820110360482,35.389130617888554]]]},"id":"+10613+39394","properties":{"count":9,"zone_degradee":1}},{"type":"Feature","geometry":{"geodesic":false,"type":"Polygon","coordinates":[[[9.540108317349318,35.838288259948314],[9.541904947917558,35.838288259948314],[9.541904947917558,35.84098320580067],[9.540108317349318,35.84098320580067],[9.540108317349318,35.838288259948314]]]},"id":"+10621+39897","properties":{"count":6,"zone_degradee":1}},{"type":"Feature","geometry":{"geodesic":false,"type":"Polygon","coordinates":[[[9.542803263201677,35.7825927123329],[9.544599893769917,35.7825927123329],[9.544599893769917,35.78438934290114],[9.542803263201677,35.78438934290114],[9.542803263201677,35.7825927123329]]]},"id":"+10624+39834","properties":{"count":4,"zone_degradee":1}},{"type":"Feature","geometry":{"geodesic":false,"type":"Polygon","coordinates":[[[9.545498209054037,35.567895359428334],[9.546396524338155,35.567895359428334],[9.546396524338155,35.56879367471245],[9.545498209054037,35.56879367471245],[9.545498209054037,35.567895359428334]]]},"id":"+10626+39594","properties":{"count":1,"zone_degradee":1}},{"type":"Feature","geometry":{"geodesic":false,"type":"Polygon","coordinates":[[[9.544599893769917,35.86344108790366],[9.546396524338155,35.86344108790366],[9.546396524338155,35.86433940318778],[9.544599893769917,35.86433940318778],[9.544599893769917,35.86344108790366]]]},"id":"+10626+39923","properties":{"count":2,"zone_degradee":1}},{"type":"Feature","geometry":{"geodesic":false,"type":"Polygon","coordinates":[[[9.544599893769917,35.86703434904014],[9.544599893769917,35.866136033756014],[9.545498209054037,35.866136033756014],[9.545498209054037,35.865237718471896],[9.546396524338155,35.865237718471896],[9.546396524338155,35.86703434904014],[9.544599893769917,35.86703434904014]]]},"id":"+10626+39926","properties":{"count":3,"zone_degradee":1}},{"type":"Feature","geometry":{"geodesic":false,"type":"Polygon","coordinates":[[[9.546396524338155,35.876915817165454],[9.547294839622275,35.876915817165454],[9.547294839622275,35.87781413244957],[9.546396524338155,35.87781413244957],[9.546396524338155,35.876915817165454]]]},"id":"+10627+39938","properties":{"count":1,"zone_degradee":1}},{"type":"Feature","geometry":{"geodesic":false,"type":"Polygon","coordinates":[[[9.549091470190515,35.87871244773369],[9.549989785474633,35.87871244773369],[9.549989785474633,35.87961076301781],[9.549091470190515,35.87961076301781],[9.549091470190515,35.87871244773369]]]},"id":"+10630+39940","properties":{"count":1,"zone_degradee":1}},{"type":"Feature","geometry":{"geodesic":false,"type":"Polygon","coordinates":[[[9.547294839622275,35.88410233943841],[9.547294839622275,35.88140739358605],[9.549091470190515,35.88140739358605],[9.549091470190515,35.88050907830193],[9.549989785474633,35.88050907830193],[9.549989785474633,35.88410233943841],[9.547294839622275,35.88410233943841]]]},"id":"+10630+39945","properties":{"count":10,"zone_degradee":1}},{"type":"Feature","geometry":{"geodesic":false,"type":"Polygon","coordinates":[[[9.549989785474633,35.721507273012776],[9.550888100758753,35.721507273012776],[9.550888100758753,35.722405588296894],[9.549989785474633,35.722405588296894],[9.549989785474633,35.721507273012776]]]},"id":"+10631+39765","properties":{"count":1,"zone_degradee":1}},{"type":"Feature","geometry":{"geodesic":false,"type":"Polygon","coordinates":[[[9.549989785474633,35.84727141278951],[9.550888100758753,35.84727141278951],[9.550888100758753,35.84816972807363],[9.549989785474633,35.84816972807363],[9.549989785474633,35.84727141278951]]]},"id":"+10631+39905","properties":{"count":1,"zone_degradee":1}},{"type":"Feature","geometry":{"geodesic":false,"type":"Polygon","coordinates":[[[9.549989785474633,35.570590305280696],[9.551786416042873,35.570590305280696],[9.551786416042873,35.571488620564814],[9.549989785474633,35.571488620564814],[9.549989785474633,35.570590305280696]]]},"id":"+10632+39597","properties":{"count":2,"zone_degradee":1}},{"type":"Feature","geometry":{"geodesic":false,"type":"Polygon","coordinates":[[[9.550888100758753,35.57687851226953],[9.550888100758753,35.57598019698541],[9.549989785474633,35.57598019698541],[9.549989785474633,35.574183566417176],[9.552684731326991,35.574183566417176],[9.552684731326991,35.575081881701294],[9.553583046611111,35.575081881701294],[9.553583046611111,35.57687851226953],[9.550888100758753,35.57687851226953]]]},"id":"+10634+39603","properties":{"count":10,"zone_degradee":1}},{"type":"Feature","geometry":{"geodesic":false,"type":"Polygon","coordinates":[[[9.553583046611111,35.85894951148306],[9.555379677179351,35.85894951148306],[9.555379677179351,35.8607461420513],[9.553583046611111,35.8607461420513],[9.553583046611111,35.85894951148306]]]},"id":"+10636+39919","properties":{"count":4,"zone_degradee":1}},{"type":"Feature","geometry":{"geodesic":false,"type":"Polygon","coordinates":[[[9.552684731326991,35.88320402415429],[9.552684731326991,35.88230570887017],[9.553583046611111,35.88230570887017],[9.553583046611111,35.88140739358605],[9.555379677179351,35.88140739358605],[9.555379677179351,35.88320402415429],[9.552684731326991,35.88320402415429]]]},"id":"+10636+39944","properties":{"count":5,"zone_degradee":1}},{"type":"Feature","geometry":{"geodesic":false,"type":"Polygon","coordinates":[[[9.55627799246347,35.873322556028974],[9.55717630774759,35.873322556028974],[9.55717630774759,35.87422087131309],[9.55627799246347,35.87422087131309],[9.55627799246347,35.873322556028974]]]},"id":"+10638+39934","properties":{"count":1,"zone_degradee":1}},{"type":"Feature","geometry":{"geodesic":false,"type":"Polygon","coordinates":[[[9.55627799246347,35.88140739358605],[9.55717630774759,35.88140739358605],[9.55717630774759,35.88230570887017],[9.55627799246347,35.88230570887017],[9.55627799246347,35.88140739358605]]]},"id":"+10638+39943","properties":{"count":1,"zone_degradee":1}},{"type":"Feature","geometry":{"geodesic":false,"type":"Polygon","coordinates":[[[9.555379677179351,35.39631714016151],[9.55807462303171,35.39631714016151],[9.55807462303171,35.397215455445625],[9.555379677179351,35.397215455445625],[9.555379677179351,35.39631714016151]]]},"id":"+10639+39403","properties":{"count":3,"zone_degradee":1}},{"type":"Feature","geometry":{"geodesic":false,"type":"Polygon","coordinates":[[[9.55717630774759,35.61909933062315],[9.55807462303171,35.61909933062315],[9.55807462303171,35.61999764590727],[9.55717630774759,35.61999764590727],[9.55717630774759,35.61909933062315]]]},"id":"+10639+39651","properties":{"count":1,"zone_degradee":1}},{"type":"Feature","geometry":{"geodesic":false,"type":"Polygon","coordinates":[[[9.55717630774759,35.62089596119139],[9.55807462303171,35.62089596119139],[9.55807462303171,35.621794276475505],[9.55717630774759,35.621794276475505],[9.55717630774759,35.62089596119139]]]},"id":"+10639+39653","properties":{"count":1,"zone_degradee":1}},{"type":"Feature","geometry":{"geodesic":false,"type":"Polygon","coordinates":[[[9.55807462303171,35.61999764590727],[9.55897293831583,35.61999764590727],[9.55897293831583,35.62089596119139],[9.55807462303171,35.62089596119139],[9.55807462303171,35.61999764590727]]]},"id":"+10640+39652","properties":{"count":1,"zone_degradee":1}},{"type":"Feature","geometry":{"geodesic":false,"type":"Polygon","coordinates":[[[9.55807462303171,35.70354096733038],[9.559871253599947,35.70354096733038],[9.559871253599947,35.70533759789862],[9.55807462303171,35.70533759789862],[9.55807462303171,35.70354096733038]]]},"id":"+10641+39746","properties":{"count":4,"zone_degradee":1}},{"type":"Feature","geometry":{"geodesic":false,"type":"Polygon","coordinates":[[[9.55807462303171,35.88320402415429],[9.559871253599947,35.88320402415429],[9.559871253599947,35.885000654722525],[9.55807462303171,35.885000654722525],[9.55807462303171,35.88320402415429]]]},"id":"+10641+39946","properties":{"count":4,"zone_degradee":1}},{"type":"Feature","geometry":{"geodesic":false,"type":"Polygon","coordinates":[[[9.55897293831583,35.89128886171137],[9.559871253599947,35.89128886171137],[9.559871253599947,35.892187176995485],[9.55897293831583,35.892187176995485],[9.55897293831583,35.89128886171137]]]},"id":"+10641+39954","properties":{"count":1,"zone_degradee":1}},{"type":"Feature","geometry":{"geodesic":false,"type":"Polygon","coordinates":[[[9.559871253599947,35.566997044144216],[9.560769568884067,35.566997044144216],[9.560769568884067,35.567895359428334],[9.559871253599947,35.567895359428334],[9.559871253599947,35.566997044144216]]]},"id":"+10642+39593","properties":{"count":1,"zone_degradee":1}},{"type":"Feature","geometry":{"geodesic":false,"type":"Polygon","coordinates":[[[9.561667884168187,35.575081881701294],[9.561667884168187,35.56969198999658],[9.563464514736426,35.56969198999658],[9.563464514736426,35.56879367471245],[9.565261145304666,35.56879367471245],[9.565261145304666,35.571488620564814],[9.564362830020546,35.571488620564814],[9.564362830020546,35.57238693584893],[9.563464514736426,35.57238693584893],[9.563464514736426,35.574183566417176],[9.562566199452307,35.574183566417176],[9.562566199452307,35.575081881701294],[9.561667884168187,35.575081881701294]]]},"id":"+10644+39601","properties":{"count":18,"zone_degradee":1}},{"type":"Feature","geometry":{"geodesic":false,"type":"Polygon","coordinates":[[[9.539210002065198,35.91823832023495],[9.541006632633438,35.91823832023495],[9.541006632633438,35.91644168966671],[9.540108317349318,35.91644168966671],[9.540108317349318,35.91464505909847],[9.543701578485797,35.91464505909847],[9.543701578485797,35.91374674381435],[9.544599893769917,35.91374674381435],[9.544599893769917,35.91284842853023],[9.545498209054037,35.91284842853023],[9.545498209054037,35.91374674381435],[9.546396524338155,35.91374674381435],[9.546396524338155,35.91464505909847],[9.547294839622275,35.91464505909847],[9.547294839622275,35.91374674381435],[9.550888100758753,35.91374674381435],[9.550888100758753,35.911950113246114],[9.552684731326993,35.911950113246114],[9.552684731326993,35.91284842853023],[9.553583046611111,35.91284842853023],[9.553583046611111,35.91464505909847],[9.554481361895231,35.91464505909847],[9.554481361895231,35.915543374382594],[9.555379677179351,35.915543374382594],[9.555379677179351,35.91464505909847],[9.55807462303171,35.91464505909847],[9.55807462303171,35.915543374382594],[9.55897293831583,35.915543374382594],[9.55897293831583,35.91644168966671],[9.559871253599947,35.91644168966671],[9.559871253599947,35.91913663551907],[9.563464514736426,35.91913663551907],[9.563464514736426,35.92272989665555],[9.562566199452307,35.92272989665555],[9.562566199452307,35.923628211939665],[9.563464514736426,35.923628211939665],[9.563464514736426,35.92452652722378],[9.566159460588786,35.92452652722378],[9.566159460588786,35.923628211939665],[9.567956091157024,35.923628211939665],[9.567956091157024,35.92452652722378],[9.567057775872904,35.92452652722378],[9.567057775872904,35.92542484250791],[9.564362830020546,35.92542484250791],[9.564362830020546,35.927221473076145],[9.563464514736426,35.927221473076145],[9.563464514736426,35.92811978836026],[9.562566199452307,35.92811978836026],[9.562566199452307,35.92901810364438],[9.561667884168187,35.92901810364438],[9.561667884168187,35.92811978836026],[9.560769568884067,35.92811978836026],[9.560769568884067,35.927221473076145],[9.559871253599947,35.927221473076145],[9.559871253599947,35.92632315779203],[9.55897293831583,35.92632315779203],[9.55897293831583,35.92452652722378],[9.559871253599947,35.92452652722378],[9.559871253599947,35.92183158137143],[9.55807462303171,35.92183158137143],[9.55807462303171,35.923628211939665],[9.55717630774759,35.923628211939665],[9.55717630774759,35.92542484250791],[9.55627799246347,35.92542484250791],[9.55627799246347,35.92632315779203],[9.555379677179351,35.92632315779203],[9.555379677179351,35.92542484250791],[9.554481361895231,35.92542484250791],[9.554481361895231,35.92632315779203],[9.553583046611111,35.92632315779203],[9.553583046611111,35.92542484250791],[9.548193154906395,35.92542484250791],[9.548193154906395,35.92452652722378],[9.547294839622275,35.92452652722378],[9.547294839622275,35.923628211939665],[9.546396524338155,35.923628211939665],[9.546396524338155,35.92272989665555],[9.547294839622275,35.92272989665555],[9.547294839622275,35.92093326608731],[9.545498209054037,35.92093326608731],[9.545498209054037,35.92183158137143],[9.544599893769917,35.92183158137143],[9.544599893769917,35.92272989665555],[9.545498209054037,35.92272989665555],[9.545498209054037,35.923628211939665],[9.544599893769917,35.923628211939665],[9.544599893769917,35.92452652722378],[9.542803263201677,35.92452652722378],[9.542803263201677,35.923628211939665],[9.541904947917558,35.923628211939665],[9.541904947917558,35.92272989665555],[9.541006632633438,35.92272989665555],[9.541006632633438,35.92183158137143],[9.541904947917558,35.92183158137143],[9.541904947917558,35.92093326608731],[9.541006632633438,35.92093326608731],[9.541006632633438,35.920034950803185],[9.539210002065198,35.920034950803185],[9.539210002065198,35.91823832023495]],[[9.545498209054037,35.915543374382594],[9.547294839622275,35.915543374382594],[9.547294839622275,35.91644168966671],[9.545498209054037,35.91644168966671],[9.545498209054037,35.915543374382594]],[[9.550888100758753,35.91734000495083],[9.551786416042873,35.91734000495083],[9.551786416042873,35.91823832023495],[9.550888100758753,35.91823832023495],[9.550888100758753,35.91734000495083]],[[9.55627799246347,35.91913663551907],[9.55627799246347,35.920034950803185],[9.55717630774759,35.920034950803185],[9.55717630774759,35.92093326608731],[9.55627799246347,35.92093326608731],[9.55627799246347,35.92183158137143],[9.553583046611111,35.92183158137143],[9.553583046611111,35.92093326608731],[9.552684731326993,35.92093326608731],[9.552684731326993,35.920034950803185],[9.553583046611111,35.920034950803185],[9.553583046611111,35.91823832023495],[9.555379677179351,35.91823832023495],[9.555379677179351,35.91913663551907],[9.55627799246347,35.91913663551907]],[[9.55627799246347,35.91913663551907],[9.55627799246347,35.91823832023495],[9.55717630774759,35.91823832023495],[9.55717630774759,35.91913663551907],[9.55627799246347,35.91913663551907]]]},"id":"+10644+39995","properties":{"count":273,"zone_degradee":1}},{"type":"Feature","geometry":{"geodesic":false,"type":"Polygon","coordinates":[[[9.562566199452307,35.8975770687002],[9.563464514736426,35.8975770687002],[9.563464514736426,35.89847538398432],[9.562566199452307,35.89847538398432],[9.562566199452307,35.8975770687002]]]},"id":"+10645+39961","properties":{"count":1,"zone_degradee":1}},{"type":"Feature","geometry":{"geodesic":false,"type":"Polygon","coordinates":[[[9.562566199452307,35.838288259948314],[9.562566199452307,35.837389944664196],[9.561667884168187,35.837389944664196],[9.561667884168187,35.83559331409595],[9.564362830020546,35.83559331409595],[9.564362830020546,35.838288259948314],[9.562566199452307,35.838288259948314]]]},"id":"+10646+39894","properties":{"count":8,"zone_degradee":1}},{"type":"Feature","geometry":{"geodesic":false,"type":"Polygon","coordinates":[[[9.562566199452307,35.85894951148306],[9.562566199452307,35.857152880914825],[9.561667884168187,35.857152880914825],[9.561667884168187,35.85535625034658],[9.563464514736426,35.85535625034658],[9.563464514736426,35.85805119619894],[9.564362830020546,35.85805119619894],[9.564362830020546,35.85894951148306],[9.562566199452307,35.85894951148306]]]},"id":"+10646+39917","properties":{"count":7,"zone_degradee":1}},{"type":"Feature","geometry":{"geodesic":false,"type":"Polygon","coordinates":[[[9.562566199452307,35.846373097505385],[9.562566199452307,35.84547478222127],[9.563464514736426,35.84547478222127],[9.563464514736426,35.84457646693715],[9.564362830020546,35.84457646693715],[9.564362830020546,35.84367815165303],[9.566159460588786,35.84367815165303],[9.566159460588786,35.84547478222127],[9.565261145304666,35.84547478222127],[9.565261145304666,35.846373097505385],[9.562566199452307,35.846373097505385]]]},"id":"+10647+39903","properties":{"count":8,"zone_degradee":1}},{"type":"Feature","geometry":{"geodesic":false,"type":"Polygon","coordinates":[[[9.565261145304666,35.73318537170633],[9.566159460588786,35.73318537170633],[9.566159460588786,35.734083686990445],[9.565261145304666,35.734083686990445],[9.565261145304666,35.73318537170633]]]},"id":"+10648+39778","properties":{"count":1,"zone_degradee":1}},{"type":"Feature","geometry":{"geodesic":false,"type":"Polygon","coordinates":[[[9.566159460588786,35.721507273012776],[9.567057775872904,35.721507273012776],[9.567057775872904,35.722405588296894],[9.566159460588786,35.722405588296894],[9.566159460588786,35.721507273012776]]]},"id":"+10649+39765","properties":{"count":1,"zone_degradee":1}},{"type":"Feature","geometry":{"geodesic":false,"type":"Polygon","coordinates":[[[9.566159460588786,35.725998849433374],[9.567057775872904,35.725998849433374],[9.567057775872904,35.72689716471749],[9.566159460588786,35.72689716471749],[9.566159460588786,35.725998849433374]]]},"id":"+10649+39770","properties":{"count":1,"zone_degradee":1}},{"type":"Feature","geometry":{"geodesic":false,"type":"Polygon","coordinates":[[[9.566159460588786,35.72869379528573],[9.567057775872904,35.72869379528573],[9.567057775872904,35.72959211056985],[9.566159460588786,35.72959211056985],[9.566159460588786,35.72869379528573]]]},"id":"+10649+39773","properties":{"count":1,"zone_degradee":1}},{"type":"Feature","geometry":{"geodesic":false,"type":"Polygon","coordinates":[[[9.566159460588786,35.73228705642221],[9.567057775872904,35.73228705642221],[9.567057775872904,35.73318537170633],[9.566159460588786,35.73318537170633],[9.566159460588786,35.73228705642221]]]},"id":"+10649+39777","properties":{"count":1,"zone_degradee":1}},{"type":"Feature","geometry":{"geodesic":false,"type":"Polygon","coordinates":[[[9.566159460588786,35.88410233943841],[9.567057775872904,35.88410233943841],[9.567057775872904,35.885000654722525],[9.566159460588786,35.885000654722525],[9.566159460588786,35.88410233943841]]]},"id":"+10649+39946","properties":{"count":1,"zone_degradee":1}},{"type":"Feature","geometry":{"geodesic":false,"type":"Polygon","coordinates":[[[9.567057775872904,35.59484481795192],[9.567057775872904,35.59304818738368],[9.567956091157024,35.59304818738368],[9.567956091157024,35.59214987209956],[9.568854406441144,35.59214987209956],[9.568854406441144,35.59304818738368],[9.569752721725264,35.59304818738368],[9.569752721725264,35.59484481795192],[9.567057775872904,35.59484481795192]]]},"id":"+10652+39623","properties":{"count":7,"zone_degradee":1}},{"type":"Feature","geometry":{"geodesic":false,"type":"Polygon","coordinates":[[[9.568854406441144,35.85894951148306],[9.569752721725264,35.85894951148306],[9.569752721725264,35.85984782676718],[9.568854406441144,35.85984782676718],[9.568854406441144,35.85894951148306]]]},"id":"+10652+39918","properties":{"count":1,"zone_degradee":1}},{"type":"Feature","geometry":{"geodesic":false,"type":"Polygon","coordinates":[[[9.567057775872904,35.89847538398432],[9.567057775872904,35.89578043813196],[9.568854406441144,35.89578043813196],[9.568854406441144,35.89667875341608],[9.570651037009382,35.89667875341608],[9.570651037009382,35.89847538398432],[9.567057775872904,35.89847538398432]]]},"id":"+10653+39961","properties":{"count":10,"zone_degradee":1}},{"type":"Feature","geometry":{"geodesic":false,"type":"Polygon","coordinates":[[[9.569752721725264,35.93979788705382],[9.569752721725264,35.93800125648558],[9.570651037009382,35.93800125648558],[9.570651037009382,35.93710294120146],[9.571549352293502,35.93710294120146],[9.571549352293502,35.93620462591734],[9.57424429814586,35.93620462591734],[9.57424429814586,35.93800125648558],[9.571549352293502,35.93800125648558],[9.571549352293502,35.93979788705382],[9.569752721725264,35.93979788705382]]]},"id":"+10654+40007","properties":{"count":11,"zone_degradee":1}},{"type":"Feature","geometry":{"geodesic":false,"type":"Polygon","coordinates":[[[9.570651037009382,35.63796395158966],[9.570651037009382,35.637065636305536],[9.571549352293502,35.637065636305536],[9.571549352293502,35.63616732102142],[9.57334598286174,35.63616732102142],[9.57334598286174,35.63796395158966],[9.570651037009382,35.63796395158966]]]},"id":"+10656+39671","properties":{"count":5,"zone_degradee":1}},{"type":"Feature","geometry":{"geodesic":false,"type":"Polygon","coordinates":[[[9.570651037009382,35.866136033756014],[9.570651037009382,35.865237718471896],[9.567956091157024,35.865237718471896],[9.567956091157024,35.86433940318778],[9.568854406441144,35.86433940318778],[9.568854406441144,35.86344108790366],[9.571549352293502,35.86344108790366],[9.571549352293502,35.86254277261954],[9.57334598286174,35.86254277261954],[9.57334598286174,35.866136033756014],[9.570651037009382,35.866136033756014]]]},"id":"+10656+39925","properties":{"count":16,"zone_degradee":1}},{"type":"Feature","geometry":{"geodesic":false,"type":"Polygon","coordinates":[[[9.572447667577622,35.702642652046265],[9.57424429814586,35.702642652046265],[9.57424429814586,35.7044392826145],[9.572447667577622,35.7044392826145],[9.572447667577622,35.702642652046265]]]},"id":"+10657+39745","properties":{"count":4,"zone_degradee":1}},{"type":"Feature","geometry":{"geodesic":false,"type":"Polygon","coordinates":[[[9.571549352293502,35.70713422846686],[9.57424429814586,35.70713422846686],[9.57424429814586,35.7089308590351],[9.571549352293502,35.7089308590351],[9.571549352293502,35.70713422846686]]]},"id":"+10657+39750","properties":{"count":6,"zone_degradee":1}},{"type":"Feature","geometry":{"geodesic":false,"type":"Polygon","coordinates":[[[9.571549352293502,35.88050907830193],[9.571549352293502,35.87781413244957],[9.57334598286174,35.87781413244957],[9.57334598286174,35.87871244773369],[9.57424429814586,35.87871244773369],[9.57424429814586,35.88050907830193],[9.571549352293502,35.88050907830193]]]},"id":"+10657+39941","properties":{"count":8,"zone_degradee":1}},{"type":"Feature","geometry":{"geodesic":false,"type":"Polygon","coordinates":[[[9.571549352293502,35.88949223114312],[9.57424429814586,35.88949223114312],[9.57424429814586,35.89039054642724],[9.571549352293502,35.89039054642724],[9.571549352293502,35.88949223114312]]]},"id":"+10657+39952","properties":{"count":3,"zone_degradee":1}},{"type":"Feature","geometry":{"geodesic":false,"type":"Polygon","coordinates":[[[9.572447667577622,35.8975770687002],[9.572447667577622,35.89578043813196],[9.57334598286174,35.89578043813196],[9.57334598286174,35.89488212284784],[9.57424429814586,35.89488212284784],[9.57424429814586,35.89398380756372],[9.580532505134697,35.89398380756372],[9.580532505134697,35.89578043813196],[9.578735874566458,35.89578043813196],[9.578735874566458,35.89488212284784],[9.57514261342998,35.89488212284784],[9.57514261342998,35.89578043813196],[9.57424429814586,35.89578043813196],[9.57424429814586,35.8975770687002],[9.572447667577622,35.8975770687002]]]},"id":"+10657+39960","properties":{"count":15,"zone_degradee":1}},{"type":"Feature","geometry":{"geodesic":false,"type":"Polygon","coordinates":[[[9.572447667577622,35.71971064244453],[9.572447667577622,35.718812327160414],[9.571549352293502,35.718812327160414],[9.571549352293502,35.71611738130806],[9.570651037009382,35.71611738130806],[9.570651037009382,35.715219066023934],[9.569752721725264,35.715219066023934],[9.569752721725264,35.71252412017158],[9.571549352293502,35.71252412017158],[9.571549352293502,35.71162580488746],[9.572447667577622,35.71162580488746],[9.572447667577622,35.7134224354557],[9.57334598286174,35.7134224354557],[9.57334598286174,35.71701569659218],[9.57424429814586,35.71701569659218],[9.57424429814586,35.718812327160414],[9.57514261342998,35.718812327160414],[9.57514261342998,35.71971064244453],[9.572447667577622,35.71971064244453]]]},"id":"+10658+39762","properties":{"count":26,"zone_degradee":1}},{"type":"Feature","geometry":{"geodesic":false,"type":"Polygon","coordinates":[[[9.5760409287141,35.90296696040492],[9.5760409287141,35.9020686451208],[9.57514261342998,35.9020686451208],[9.57514261342998,35.90117032983668],[9.57424429814586,35.90117032983668],[9.57424429814586,35.89937369926844],[9.57514261342998,35.89937369926844],[9.57514261342998,35.900272014552556],[9.576939243998218,35.900272014552556],[9.576939243998218,35.90296696040492],[9.5760409287141,35.90296696040492]]]},"id":"+10660+39966","properties":{"count":7,"zone_degradee":1}},{"type":"Feature","geometry":{"geodesic":false,"type":"Polygon","coordinates":[[[9.5760409287141,35.72060895772866],[9.5760409287141,35.718812327160414],[9.576939243998218,35.718812327160414],[9.576939243998218,35.71971064244453],[9.577837559282338,35.71971064244453],[9.577837559282338,35.72060895772866],[9.5760409287141,35.72060895772866]]]},"id":"+10661+39763","properties":{"count":3,"zone_degradee":1}},{"type":"Feature","geometry":{"geodesic":false,"type":"Polygon","coordinates":[[[9.576939243998218,35.72420221886513],[9.578735874566458,35.72420221886513],[9.578735874566458,35.725998849433374],[9.576939243998218,35.725998849433374],[9.576939243998218,35.72420221886513]]]},"id":"+10662+39769","properties":{"count":4,"zone_degradee":1}},{"type":"Feature","geometry":{"geodesic":false,"type":"Polygon","coordinates":[[[9.5760409287141,35.70533759789862],[9.579634189850578,35.70533759789862],[9.579634189850578,35.70713422846686],[9.5760409287141,35.70713422846686],[9.5760409287141,35.70533759789862]]]},"id":"+10663+39748","properties":{"count":8,"zone_degradee":1}},{"type":"Feature","geometry":{"geodesic":false,"type":"Polygon","coordinates":[[[9.579634189850578,35.760134830229916],[9.579634189850578,35.757439884377554],[9.581430820418817,35.757439884377554],[9.581430820418817,35.75923651494579],[9.580532505134697,35.75923651494579],[9.580532505134697,35.760134830229916],[9.579634189850578,35.760134830229916]]]},"id":"+10664+39807","properties":{"count":5,"zone_degradee":1}},{"type":"Feature","geometry":{"geodesic":false,"type":"Polygon","coordinates":[[[9.581430820418817,35.65952351840853],[9.582329135702937,35.65952351840853],[9.582329135702937,35.660421833692645],[9.581430820418817,35.660421833692645],[9.581430820418817,35.65952351840853]]]},"id":"+10666+39696","properties":{"count":1,"zone_degradee":1}},{"type":"Feature","geometry":{"geodesic":false,"type":"Polygon","coordinates":[[[9.581430820418817,35.695456129773305],[9.581430820418817,35.69186286863683],[9.583227450987057,35.69186286863683],[9.583227450987057,35.69276118392095],[9.584125766271175,35.69276118392095],[9.584125766271175,35.69455781448919],[9.582329135702937,35.69455781448919],[9.582329135702937,35.695456129773305],[9.581430820418817,35.695456129773305]]]},"id":"+10666+39735","properties":{"count":9,"zone_degradee":1}},{"type":"Feature","geometry":{"geodesic":false,"type":"Polygon","coordinates":[[[9.580532505134697,35.88769560057489],[9.580532505134697,35.88410233943841],[9.577837559282338,35.88410233943841],[9.577837559282338,35.88320402415429],[9.579634189850578,35.88320402415429],[9.579634189850578,35.88230570887017],[9.580532505134697,35.88230570887017],[9.580532505134697,35.87871244773369],[9.582329135702937,35.87871244773369],[9.582329135702937,35.876915817165454],[9.585024081555295,35.876915817165454],[9.585024081555295,35.87871244773369],[9.583227450987057,35.87871244773369],[9.583227450987057,35.88230570887017],[9.582329135702937,35.88230570887017],[9.582329135702937,35.88769560057489],[9.580532505134697,35.88769560057489]]]},"id":"+10666+39949","properties":{"count":34,"zone_degradee":1}},{"type":"Feature","geometry":{"geodesic":false,"type":"Polygon","coordinates":[[[9.581430820418817,35.90925516739375],[9.582329135702937,35.90925516739375],[9.582329135702937,35.91015348267787],[9.581430820418817,35.91015348267787],[9.581430820418817,35.90925516739375]]]},"id":"+10666+39974","properties":{"count":1,"zone_degradee":1}},{"type":"Feature","geometry":{"geodesic":false,"type":"Polygon","coordinates":[[[9.581430820418817,35.911051797961996],[9.582329135702937,35.911051797961996],[9.582329135702937,35.911950113246114],[9.581430820418817,35.911950113246114],[9.581430820418817,35.911051797961996]]]},"id":"+10666+39976","properties":{"count":1,"zone_degradee":1}},{"type":"Feature","geometry":{"geodesic":false,"type":"Polygon","coordinates":[[[9.581430820418817,35.59574313323604],[9.583227450987057,35.59574313323604],[9.583227450987057,35.59753976380428],[9.581430820418817,35.59753976380428],[9.581430820418817,35.59574313323604]]]},"id":"+10667+39626","properties":{"count":4,"zone_degradee":1}},{"type":"Feature","geometry":{"geodesic":false,"type":"Polygon","coordinates":[[[9.581430820418817,35.72779548000161],[9.581430820418817,35.72420221886513],[9.582329135702937,35.72420221886513],[9.582329135702937,35.72689716471749],[9.583227450987057,35.72689716471749],[9.583227450987057,35.72779548000161],[9.581430820418817,35.72779548000161]]]},"id":"+10667+39771","properties":{"count":5,"zone_degradee":1}},{"type":"Feature","geometry":{"geodesic":false,"type":"Polygon","coordinates":[[[9.582329135702937,35.91015348267787],[9.583227450987057,35.91015348267787],[9.583227450987057,35.911051797961996],[9.582329135702937,35.911051797961996],[9.582329135702937,35.91015348267787]]]},"id":"+10667+39975","properties":{"count":1,"zone_degradee":1}},{"type":"Feature","geometry":{"geodesic":false,"type":"Polygon","coordinates":[[[9.583227450987057,35.89847538398432],[9.584125766271175,35.89847538398432],[9.584125766271175,35.89937369926844],[9.583227450987057,35.89937369926844],[9.583227450987057,35.89847538398432]]]},"id":"+10668+39962","properties":{"count":1,"zone_degradee":1}},{"type":"Feature","geometry":{"geodesic":false,"type":"Polygon","coordinates":[[[9.583227450987057,35.91015348267787],[9.583227450987057,35.90925516739375],[9.582329135702937,35.90925516739375],[9.582329135702937,35.908356852109634],[9.583227450987057,35.908356852109634],[9.583227450987057,35.907458536825516],[9.584125766271175,35.907458536825516],[9.584125766271175,35.91015348267787],[9.583227450987057,35.91015348267787]]]},"id":"+10668+39974","properties":{"count":4,"zone_degradee":1}},{"type":"Feature","geometry":{"geodesic":false,"type":"Polygon","coordinates":[[[9.584125766271175,35.7134224354557],[9.585024081555295,35.7134224354557],[9.585024081555295,35.714320750739816],[9.584125766271175,35.714320750739816],[9.584125766271175,35.7134224354557]]]},"id":"+10669+39756","properties":{"count":1,"zone_degradee":1}},{"type":"Feature","geometry":{"geodesic":false,"type":"Polygon","coordinates":[[[9.583227450987057,35.88230570887017],[9.585024081555295,35.88230570887017],[9.585024081555295,35.88320402415429],[9.583227450987057,35.88320402415429],[9.583227450987057,35.88230570887017]]]},"id":"+10669+39944","properties":{"count":2,"zone_degradee":1}},{"type":"Feature","geometry":{"geodesic":false,"type":"Polygon","coordinates":[[[9.585024081555295,35.73857526341104],[9.585922396839415,35.73857526341104],[9.585922396839415,35.73947357869516],[9.585024081555295,35.73947357869516],[9.585024081555295,35.73857526341104]]]},"id":"+10670+39784","properties":{"count":1,"zone_degradee":1}},{"type":"Feature","geometry":{"geodesic":false,"type":"Polygon","coordinates":[[[9.585922396839415,35.70803254375098],[9.586820712123535,35.70803254375098],[9.586820712123535,35.7089308590351],[9.585922396839415,35.7089308590351],[9.585922396839415,35.70803254375098]]]},"id":"+10671+39750","properties":{"count":1,"zone_degradee":1}},{"type":"Feature","geometry":{"geodesic":false,"type":"Polygon","coordinates":[[[9.583227450987057,35.71701569659218],[9.583227450987057,35.71611738130806],[9.584125766271175,35.71611738130806],[9.584125766271175,35.715219066023934],[9.585922396839415,35.715219066023934],[9.585922396839415,35.71611738130806],[9.586820712123535,35.71611738130806],[9.586820712123535,35.71701569659218],[9.583227450987057,35.71701569659218]]]},"id":"+10671+39759","properties":{"count":6,"zone_degradee":1}},{"type":"Feature","geometry":{"geodesic":false,"type":"Polygon","coordinates":[[[9.585922396839415,35.87871244773369],[9.586820712123535,35.87871244773369],[9.586820712123535,35.88050907830193],[9.585922396839415,35.88050907830193],[9.585922396839415,35.87871244773369]]]},"id":"+10671+39941","properties":{"count":2,"zone_degradee":1}},{"type":"Feature","geometry":{"geodesic":false,"type":"Polygon","coordinates":[[[9.585922396839415,35.90117032983668],[9.586820712123535,35.90117032983668],[9.586820712123535,35.9020686451208],[9.585922396839415,35.9020686451208],[9.585922396839415,35.90117032983668]]]},"id":"+10671+39965","properties":{"count":1,"zone_degradee":1}},{"type":"Feature","geometry":{"geodesic":false,"type":"Polygon","coordinates":[[[9.586820712123535,35.73857526341104],[9.587719027407653,35.73857526341104],[9.587719027407653,35.74037189397929],[9.586820712123535,35.74037189397929],[9.586820712123535,35.73857526341104]]]},"id":"+10672+39785","properties":{"count":2,"zone_degradee":1}},{"type":"Feature","geometry":{"geodesic":false,"type":"Polygon","coordinates":[[[9.585922396839415,35.70533759789862],[9.588617342691773,35.70533759789862],[9.588617342691773,35.706235913182745],[9.585922396839415,35.706235913182745],[9.585922396839415,35.70533759789862]]]},"id":"+10673+39747","properties":{"count":3,"zone_degradee":1}},{"type":"Feature","geometry":{"geodesic":false,"type":"Polygon","coordinates":[[[9.587719027407653,35.71611738130806],[9.588617342691773,35.71611738130806],[9.588617342691773,35.71701569659218],[9.587719027407653,35.71701569659218],[9.587719027407653,35.71611738130806]]]},"id":"+10673+39759","properties":{"count":1,"zone_degradee":1}},{"type":"Feature","geometry":{"geodesic":false,"type":"Polygon","coordinates":[[[9.586820712123535,35.861644457335416],[9.588617342691773,35.861644457335416],[9.588617342691773,35.86254277261954],[9.586820712123535,35.86254277261954],[9.586820712123535,35.861644457335416]]]},"id":"+10673+39921","properties":{"count":2,"zone_degradee":1}},{"type":"Feature","geometry":{"geodesic":false,"type":"Polygon","coordinates":[[[9.587719027407653,35.91464505909847],[9.587719027407653,35.91374674381435],[9.584125766271175,35.91374674381435],[9.584125766271175,35.91284842853023],[9.585024081555295,35.91284842853023],[9.585024081555295,35.91015348267787],[9.588617342691773,35.91015348267787],[9.588617342691773,35.91464505909847],[9.587719027407653,35.91464505909847]]]},"id":"+10673+39979","properties":{"count":18,"zone_degradee":1}},{"type":"Feature","geometry":{"geodesic":false,"type":"Polygon","coordinates":[[[9.587719027407653,35.72330390358101],[9.587719027407653,35.722405588296894],[9.586820712123535,35.722405588296894],[9.586820712123535,35.721507273012776],[9.585024081555295,35.721507273012776],[9.585024081555295,35.72060895772866],[9.584125766271175,35.72060895772866],[9.584125766271175,35.71971064244453],[9.585024081555295,35.71971064244453],[9.585024081555295,35.718812327160414],[9.586820712123535,35.718812327160414],[9.586820712123535,35.72060895772866],[9.587719027407653,35.72060895772866],[9.587719027407653,35.721507273012776],[9.588617342691773,35.721507273012776],[9.588617342691773,35.722405588296894],[9.589515657975893,35.722405588296894],[9.589515657975893,35.72330390358101],[9.587719027407653,35.72330390358101]]]},"id":"+10674+39766","properties":{"count":12,"zone_degradee":1}},{"type":"Feature","geometry":{"geodesic":false,"type":"Polygon","coordinates":[[[9.589515657975893,35.74216852454752],[9.589515657975893,35.74037189397929],[9.591312288544131,35.74037189397929],[9.591312288544131,35.741270209263405],[9.590413973260011,35.741270209263405],[9.590413973260011,35.74216852454752],[9.589515657975893,35.74216852454752]]]},"id":"+10675+39787","properties":{"count":3,"zone_degradee":1}},{"type":"Feature","geometry":{"geodesic":false,"type":"Polygon","coordinates":[[[9.587719027407653,35.744863470399885],[9.587719027407653,35.74396515511576],[9.588617342691773,35.74396515511576],[9.588617342691773,35.74306683983164],[9.590413973260011,35.74306683983164],[9.590413973260011,35.744863470399885],[9.587719027407653,35.744863470399885]]]},"id":"+10675+39790","properties":{"count":5,"zone_degradee":1}},{"type":"Feature","geometry":{"geodesic":false,"type":"Polygon","coordinates":[[[9.590413973260011,35.74216852454752],[9.591312288544131,35.74216852454752],[9.591312288544131,35.74306683983164],[9.590413973260011,35.74306683983164],[9.590413973260011,35.74216852454752]]]},"id":"+10676+39788","properties":{"count":1,"zone_degradee":1}},{"type":"Feature","geometry":{"geodesic":false,"type":"Polygon","coordinates":[[[9.589515657975893,35.88679728529077],[9.589515657975893,35.88589897000664],[9.588617342691773,35.88589897000664],[9.588617342691773,35.88320402415429],[9.590413973260011,35.88320402415429],[9.590413973260011,35.88410233943841],[9.591312288544131,35.88410233943841],[9.591312288544131,35.88679728529077],[9.589515657975893,35.88679728529077]]]},"id":"+10676+39948","properties":{"count":10,"zone_degradee":1}},{"type":"Feature","geometry":{"geodesic":false,"type":"Polygon","coordinates":[[[9.591312288544131,35.87781413244957],[9.592210603828251,35.87781413244957],[9.592210603828251,35.87871244773369],[9.591312288544131,35.87871244773369],[9.591312288544131,35.87781413244957]]]},"id":"+10677+39939","properties":{"count":1,"zone_degradee":1}},{"type":"Feature","geometry":{"geodesic":false,"type":"Polygon","coordinates":[[[9.591312288544131,35.888593915859005],[9.593108919112371,35.888593915859005],[9.593108919112371,35.88949223114312],[9.591312288544131,35.88949223114312],[9.591312288544131,35.888593915859005]]]},"id":"+10678+39951","properties":{"count":2,"zone_degradee":1}},{"type":"Feature","geometry":{"geodesic":false,"type":"Polygon","coordinates":[[[9.592210603828251,35.915543374382594],[9.593108919112371,35.915543374382594],[9.593108919112371,35.91644168966671],[9.592210603828251,35.91644168966671],[9.592210603828251,35.915543374382594]]]},"id":"+10678+39981","properties":{"count":1,"zone_degradee":1}},{"type":"Feature","geometry":{"geodesic":false,"type":"Polygon","coordinates":[[[9.593108919112371,35.69815107562567],[9.59490554968061,35.69815107562567],[9.59490554968061,35.6999477061939],[9.593108919112371,35.6999477061939],[9.593108919112371,35.69815107562567]]]},"id":"+10680+39740","properties":{"count":4,"zone_degradee":1}},{"type":"Feature","geometry":{"geodesic":false,"type":"Polygon","coordinates":[[[9.592210603828251,35.718812327160414],[9.592210603828251,35.717914011876296],[9.593108919112371,35.717914011876296],[9.593108919112371,35.71611738130806],[9.59580386496473,35.71611738130806],[9.59580386496473,35.715219066023934],[9.597600495532967,35.715219066023934],[9.597600495532967,35.71701569659218],[9.59580386496473,35.71701569659218],[9.59580386496473,35.717914011876296],[9.59490554968061,35.717914011876296],[9.59490554968061,35.718812327160414],[9.592210603828251,35.718812327160414]]]},"id":"+10680+39761","properties":{"count":13,"zone_degradee":1}},{"type":"Feature","geometry":{"geodesic":false,"type":"Polygon","coordinates":[[[9.593108919112371,35.72330390358101],[9.593108919112371,35.722405588296894],[9.592210603828251,35.722405588296894],[9.592210603828251,35.72060895772866],[9.593108919112371,35.72060895772866],[9.593108919112371,35.71971064244453],[9.59580386496473,35.71971064244453],[9.59580386496473,35.72060895772866],[9.59670218024885,35.72060895772866],[9.59670218024885,35.722405588296894],[9.59490554968061,35.722405588296894],[9.59490554968061,35.72330390358101],[9.593108919112371,35.72330390358101]]]},"id":"+10680+39766","properties":{"count":15,"zone_degradee":1}},{"type":"Feature","geometry":{"geodesic":false,"type":"Polygon","coordinates":[[[9.59400723439649,35.74845673153636],[9.59490554968061,35.74845673153636],[9.59490554968061,35.749355046820476],[9.59400723439649,35.749355046820476],[9.59400723439649,35.74845673153636]]]},"id":"+10680+39795","properties":{"count":1,"zone_degradee":1}},{"type":"Feature","geometry":{"geodesic":false,"type":"Polygon","coordinates":[[[9.593108919112371,35.7089308590351],[9.593108919112371,35.70803254375098],[9.592210603828251,35.70803254375098],[9.592210603828251,35.7089308590351],[9.590413973260011,35.7089308590351],[9.590413973260011,35.70713422846686],[9.593108919112371,35.70713422846686],[9.593108919112371,35.70533759789862],[9.59580386496473,35.70533759789862],[9.59580386496473,35.706235913182745],[9.59670218024885,35.706235913182745],[9.59670218024885,35.70713422846686],[9.597600495532967,35.70713422846686],[9.597600495532967,35.7089308590351],[9.593108919112371,35.7089308590351]]]},"id":"+10683+39750","properties":{"count":22,"zone_degradee":1}},{"type":"Feature","geometry":{"geodesic":false,"type":"Polygon","coordinates":[[[9.59670218024885,35.70084602147802],[9.59670218024885,35.69815107562567],[9.598498810817087,35.69815107562567],[9.598498810817087,35.6999477061939],[9.599397126101207,35.6999477061939],[9.599397126101207,35.70084602147802],[9.59670218024885,35.70084602147802]]]},"id":"+10685+39741","properties":{"count":7,"zone_degradee":1}},{"type":"Feature","geometry":{"geodesic":false,"type":"Polygon","coordinates":[[[9.598498810817087,35.41338513055978],[9.598498810817087,35.4097918694233],[9.599397126101207,35.4097918694233],[9.599397126101207,35.40799523885506],[9.602092071953566,35.40799523885506],[9.602092071953566,35.40619860828682],[9.603888702521806,35.40619860828682],[9.603888702521806,35.4053002930027],[9.610176909510642,35.4053002930027],[9.610176909510642,35.40619860828682],[9.608380278942402,35.40619860828682],[9.608380278942402,35.40799523885506],[9.606583648374164,35.40799523885506],[9.606583648374164,35.40889355413918],[9.603888702521806,35.40889355413918],[9.603888702521806,35.4097918694233],[9.601193756669446,35.4097918694233],[9.601193756669446,35.412486815275656],[9.600295441385327,35.412486815275656],[9.600295441385327,35.41338513055978],[9.598498810817087,35.41338513055978]]]},"id":"+10686+39421","properties":{"count":45,"zone_degradee":1}},{"type":"Feature","geometry":{"geodesic":false,"type":"Polygon","coordinates":[[[9.598498810817087,35.885000654722525],[9.600295441385327,35.885000654722525],[9.600295441385327,35.88589897000664],[9.598498810817087,35.88589897000664],[9.598498810817087,35.885000654722525]]]},"id":"+10686+39947","properties":{"count":2,"zone_degradee":1}},{"type":"Feature","geometry":{"geodesic":false,"type":"Polygon","coordinates":[[[9.599397126101207,35.9344079953491],[9.600295441385327,35.9344079953491],[9.600295441385327,35.93530631063322],[9.599397126101207,35.93530631063322],[9.599397126101207,35.9344079953491]]]},"id":"+10686+40002","properties":{"count":1,"zone_degradee":1}},{"type":"Feature","geometry":{"geodesic":false,"type":"Polygon","coordinates":[[[9.598498810817087,35.866136033756014],[9.598498810817087,35.865237718471896],[9.597600495532967,35.865237718471896],[9.597600495532967,35.86433940318778],[9.601193756669446,35.86433940318778],[9.601193756669446,35.866136033756014],[9.598498810817087,35.866136033756014]]]},"id":"+10687+39925","properties":{"count":7,"zone_degradee":1}},{"type":"Feature","geometry":{"geodesic":false,"type":"Polygon","coordinates":[[[9.601193756669446,35.71611738130806],[9.602092071953566,35.71611738130806],[9.602092071953566,35.71701569659218],[9.601193756669446,35.71701569659218],[9.601193756669446,35.71611738130806]]]},"id":"+10688+39759","properties":{"count":1,"zone_degradee":1}},{"type":"Feature","geometry":{"geodesic":false,"type":"Polygon","coordinates":[[[9.602990387237686,35.85535625034658],[9.603888702521806,35.85535625034658],[9.603888702521806,35.8562545656307],[9.602990387237686,35.8562545656307],[9.602990387237686,35.85535625034658]]]},"id":"+10690+39914","properties":{"count":1,"zone_degradee":1}},{"type":"Feature","geometry":{"geodesic":false,"type":"Polygon","coordinates":[[[9.602092071953566,35.873322556028974],[9.603888702521806,35.873322556028974],[9.603888702521806,35.87511918659721],[9.602092071953566,35.87511918659721],[9.602092071953566,35.873322556028974]]]},"id":"+10690+39935","properties":{"count":4,"zone_degradee":1}},{"type":"Feature","geometry":{"geodesic":false,"type":"Polygon","coordinates":[[[9.603888702521806,35.83200005295947],[9.604787017805924,35.83200005295947],[9.604787017805924,35.833796683527716],[9.603888702521806,35.833796683527716],[9.603888702521806,35.83200005295947]]]},"id":"+10691+39889","properties":{"count":2,"zone_degradee":1}},{"type":"Feature","geometry":{"geodesic":false,"type":"Polygon","coordinates":[[[9.604787017805924,35.88410233943841],[9.605685333090044,35.88410233943841],[9.605685333090044,35.88589897000664],[9.604787017805924,35.88589897000664],[9.604787017805924,35.88410233943841]]]},"id":"+10692+39947","properties":{"count":2,"zone_degradee":1}},{"type":"Feature","geometry":{"geodesic":false,"type":"Polygon","coordinates":[[[9.604787017805924,35.70354096733038],[9.606583648374164,35.70354096733038],[9.606583648374164,35.7044392826145],[9.604787017805924,35.7044392826145],[9.604787017805924,35.70354096733038]]]},"id":"+10693+39745","properties":{"count":2,"zone_degradee":1}},{"type":"Feature","geometry":{"geodesic":false,"type":"Polygon","coordinates":[[[9.606583648374164,35.8562545656307],[9.607481963658282,35.8562545656307],[9.607481963658282,35.857152880914825],[9.606583648374164,35.857152880914825],[9.606583648374164,35.8562545656307]]]},"id":"+10694+39915","properties":{"count":1,"zone_degradee":1}},{"type":"Feature","geometry":{"geodesic":false,"type":"Polygon","coordinates":[[[9.606583648374164,35.89039054642724],[9.607481963658282,35.89039054642724],[9.607481963658282,35.89128886171137],[9.606583648374164,35.89128886171137],[9.606583648374164,35.89039054642724]]]},"id":"+10694+39953","properties":{"count":1,"zone_degradee":1}},{"type":"Feature","geometry":{"geodesic":false,"type":"Polygon","coordinates":[[[9.605685333090044,35.9344079953491],[9.605685333090044,35.93261136478086],[9.609278594226522,35.93261136478086],[9.609278594226522,35.93350968006498],[9.607481963658282,35.93350968006498],[9.607481963658282,35.9344079953491],[9.605685333090044,35.9344079953491]]]},"id":"+10694+40001","properties":{"count":6,"zone_degradee":1}},{"type":"Feature","geometry":{"geodesic":false,"type":"Polygon","coordinates":[[[9.607481963658282,35.621794276475505],[9.607481963658282,35.62089596119139],[9.606583648374164,35.62089596119139],[9.606583648374164,35.61999764590727],[9.610176909510642,35.61999764590727],[9.610176909510642,35.62089596119139],[9.608380278942402,35.62089596119139],[9.608380278942402,35.621794276475505],[9.607481963658282,35.621794276475505]]]},"id":"+10695+39653","properties":{"count":5,"zone_degradee":1}},{"type":"Feature","geometry":{"geodesic":false,"type":"Polygon","coordinates":[[[9.607481963658282,35.85535625034658],[9.608380278942402,35.85535625034658],[9.608380278942402,35.8562545656307],[9.607481963658282,35.8562545656307],[9.607481963658282,35.85535625034658]]]},"id":"+10695+39914","properties":{"count":1,"zone_degradee":1}},{"type":"Feature","geometry":{"geodesic":false,"type":"Polygon","coordinates":[[[9.608380278942402,35.88230570887017],[9.610176909510642,35.88230570887017],[9.610176909510642,35.88410233943841],[9.608380278942402,35.88410233943841],[9.608380278942402,35.88230570887017]]]},"id":"+10697+39945","properties":{"count":4,"zone_degradee":1}},{"type":"Feature","geometry":{"geodesic":false,"type":"Polygon","coordinates":[[[9.609278594226522,35.938899571769696],[9.610176909510642,35.938899571769696],[9.610176909510642,35.93979788705382],[9.609278594226522,35.93979788705382],[9.609278594226522,35.938899571769696]]]},"id":"+10697+40007","properties":{"count":1,"zone_degradee":1}},{"type":"Feature","geometry":{"geodesic":false,"type":"Polygon","coordinates":[[[9.609278594226522,35.94069620233794],[9.610176909510642,35.94069620233794],[9.610176909510642,35.94159451762206],[9.609278594226522,35.94159451762206],[9.609278594226522,35.94069620233794]]]},"id":"+10697+40009","properties":{"count":1,"zone_degradee":1}},{"type":"Feature","geometry":{"geodesic":false,"type":"Polygon","coordinates":[[[9.608380278942402,35.89398380756372],[9.608380278942402,35.8930854922796],[9.609278594226522,35.8930854922796],[9.609278594226522,35.892187176995485],[9.61107522479476,35.892187176995485],[9.61107522479476,35.89398380756372],[9.608380278942402,35.89398380756372]]]},"id":"+10698+39956","properties":{"count":5,"zone_degradee":1}},{"type":"Feature","geometry":{"geodesic":false,"type":"Polygon","coordinates":[[[9.610176909510642,35.930814734212625],[9.61107522479476,35.930814734212625],[9.61107522479476,35.93171304949674],[9.610176909510642,35.93171304949674],[9.610176909510642,35.930814734212625]]]},"id":"+10698+39998","properties":{"count":1,"zone_degradee":1}},{"type":"Feature","geometry":{"geodesic":false,"type":"Polygon","coordinates":[[[9.61377017064712,35.88410233943841],[9.614668485931238,35.88410233943841],[9.614668485931238,35.885000654722525],[9.61377017064712,35.885000654722525],[9.61377017064712,35.88410233943841]]]},"id":"+10702+39946","properties":{"count":1,"zone_degradee":1}},{"type":"Feature","geometry":{"geodesic":false,"type":"Polygon","coordinates":[[[9.61377017064712,35.94069620233794],[9.61377017064712,35.93979788705382],[9.612871855363,35.93979788705382],[9.612871855363,35.938899571769696],[9.614668485931238,35.938899571769696],[9.614668485931238,35.93979788705382],[9.615566801215358,35.93979788705382],[9.615566801215358,35.94069620233794],[9.61377017064712,35.94069620233794]]]},"id":"+10703+40008","properties":{"count":4,"zone_degradee":1}},{"type":"Feature","geometry":{"geodesic":false,"type":"Polygon","coordinates":[[[9.610176909510642,35.96315408444092],[9.610176909510642,35.96045913858857],[9.609278594226522,35.96045913858857],[9.609278594226522,35.95776419273621],[9.61107522479476,35.95776419273621],[9.61107522479476,35.95686587745209],[9.61377017064712,35.95686587745209],[9.61377017064712,35.95596756216797],[9.615566801215358,35.95596756216797],[9.615566801215358,35.958662508020325],[9.616465116499478,35.958662508020325],[9.616465116499478,35.96045913858857],[9.617363431783598,35.96045913858857],[9.617363431783598,35.962255769156805],[9.615566801215358,35.962255769156805],[9.615566801215358,35.96315408444092],[9.610176909510642,35.96315408444092]]]},"id":"+10703+40033","properties":{"count":52,"zone_degradee":1}},{"type":"Feature","geometry":{"geodesic":false,"type":"Polygon","coordinates":[[[9.615566801215358,35.82032195426592],[9.616465116499478,35.82032195426592],[9.616465116499478,35.82122026955004],[9.615566801215358,35.82122026955004],[9.615566801215358,35.82032195426592]]]},"id":"+10704+39875","properties":{"count":1,"zone_degradee":1}},{"type":"Feature","geometry":{"geodesic":false,"type":"Polygon","coordinates":[[[9.616465116499478,35.6352690057373],[9.617363431783598,35.6352690057373],[9.617363431783598,35.63616732102142],[9.616465116499478,35.63616732102142],[9.616465116499478,35.6352690057373]]]},"id":"+10705+39669","properties":{"count":1,"zone_degradee":1}},{"type":"Feature","geometry":{"geodesic":false,"type":"Polygon","coordinates":[[[9.615566801215358,35.93800125648558],[9.615566801215358,35.93620462591734],[9.616465116499478,35.93620462591734],[9.616465116499478,35.93530631063322],[9.619160062351837,35.93530631063322],[9.619160062351837,35.93620462591734],[9.620956692920076,35.93620462591734],[9.620956692920076,35.93710294120146],[9.617363431783598,35.93710294120146],[9.617363431783598,35.93800125648558],[9.615566801215358,35.93800125648558]]]},"id":"+10705+40005","properties":{"count":11,"zone_degradee":1}},{"type":"Feature","geometry":{"geodesic":false,"type":"Polygon","coordinates":[[[9.618261747067717,35.94428946347441],[9.618261747067717,35.943391148190294],[9.617363431783598,35.943391148190294],[9.617363431783598,35.942492832906176],[9.619160062351837,35.942492832906176],[9.619160062351837,35.94428946347441],[9.618261747067717,35.94428946347441]]]},"id":"+10707+40012","properties":{"count":3,"zone_degradee":1}},{"type":"Feature","geometry":{"geodesic":false,"type":"Polygon","coordinates":[[[9.618261747067717,35.89578043813196],[9.618261747067717,35.89488212284784],[9.617363431783598,35.89488212284784],[9.617363431783598,35.89398380756372],[9.618261747067717,35.89398380756372],[9.618261747067717,35.8930854922796],[9.619160062351837,35.8930854922796],[9.619160062351837,35.892187176995485],[9.620058377635957,35.892187176995485],[9.620058377635957,35.89578043813196],[9.618261747067717,35.89578043813196]]]},"id":"+10708+39958","properties":{"count":8,"zone_degradee":1}},{"type":"Feature","geometry":{"geodesic":false,"type":"Polygon","coordinates":[[[9.618261747067717,35.92272989665555],[9.620058377635957,35.92272989665555],[9.620058377635957,35.923628211939665],[9.618261747067717,35.923628211939665],[9.618261747067717,35.92272989665555]]]},"id":"+10708+39989","properties":{"count":2,"zone_degradee":1}},{"type":"Feature","geometry":{"geodesic":false,"type":"Polygon","coordinates":[[[9.616465116499478,35.94878103989501],[9.616465116499478,35.946984409326774],[9.619160062351837,35.946984409326774],[9.619160062351837,35.94788272461089],[9.620058377635957,35.94788272461089],[9.620058377635957,35.94878103989501],[9.616465116499478,35.94878103989501]]]},"id":"+10708+40017","properties":{"count":7,"zone_degradee":1}},{"type":"Feature","geometry":{"geodesic":false,"type":"Polygon","coordinates":[[[9.618261747067717,35.984713651259796],[9.620058377635957,35.984713651259796],[9.620058377635957,35.98651028182803],[9.618261747067717,35.98651028182803],[9.618261747067717,35.984713651259796]]]},"id":"+10708+40059","properties":{"count":4,"zone_degradee":1}},{"type":"Feature","geometry":{"geodesic":false,"type":"Polygon","coordinates":[[[9.620058377635957,35.70803254375098],[9.621855008204195,35.70803254375098],[9.621855008204195,35.71072748960334],[9.620058377635957,35.71072748960334],[9.620058377635957,35.70803254375098]]]},"id":"+10710+39752","properties":{"count":6,"zone_degradee":1}},{"type":"Feature","geometry":{"geodesic":false,"type":"Polygon","coordinates":[[[9.620956692920076,35.722405588296894],[9.622753323488315,35.722405588296894],[9.622753323488315,35.72330390358101],[9.620956692920076,35.72330390358101],[9.620956692920076,35.722405588296894]]]},"id":"+10711+39766","properties":{"count":2,"zone_degradee":1}},{"type":"Feature","geometry":{"geodesic":false,"type":"Polygon","coordinates":[[[9.620956692920076,35.89398380756372],[9.622753323488315,35.89398380756372],[9.622753323488315,35.89578043813196],[9.620956692920076,35.89578043813196],[9.620956692920076,35.89398380756372]]]},"id":"+10711+39958","properties":{"count":4,"zone_degradee":1}},{"type":"Feature","geometry":{"geodesic":false,"type":"Polygon","coordinates":[[[9.621855008204195,35.91015348267787],[9.622753323488315,35.91015348267787],[9.622753323488315,35.911051797961996],[9.621855008204195,35.911051797961996],[9.621855008204195,35.91015348267787]]]},"id":"+10711+39975","properties":{"count":1,"zone_degradee":1}},{"type":"Feature","geometry":{"geodesic":false,"type":"Polygon","coordinates":[[[9.621855008204195,35.942492832906176],[9.621855008204195,35.94159451762206],[9.620956692920076,35.94159451762206],[9.620956692920076,35.94069620233794],[9.621855008204195,35.94069620233794],[9.621855008204195,35.93620462591734],[9.622753323488315,35.93620462591734],[9.622753323488315,35.93530631063322],[9.624549954056553,35.93530631063322],[9.624549954056553,35.93710294120146],[9.625448269340673,35.93710294120146],[9.625448269340673,35.93979788705382],[9.624549954056553,35.93979788705382],[9.624549954056553,35.94069620233794],[9.623651638772435,35.94069620233794],[9.623651638772435,35.94159451762206],[9.622753323488315,35.94159451762206],[9.622753323488315,35.942492832906176],[9.621855008204195,35.942492832906176]]]},"id":"+10711+40010","properties":{"count":24,"zone_degradee":1}},{"type":"Feature","geometry":{"geodesic":false,"type":"Polygon","coordinates":[[[9.621855008204195,35.946086094042656],[9.622753323488315,35.946086094042656],[9.622753323488315,35.946984409326774],[9.621855008204195,35.946984409326774],[9.621855008204195,35.946086094042656]]]},"id":"+10711+40015","properties":{"count":1,"zone_degradee":1}},{"type":"Feature","geometry":{"geodesic":false,"type":"Polygon","coordinates":[[[9.624549954056553,35.942492832906176],[9.625448269340673,35.942492832906176],[9.625448269340673,35.943391148190294],[9.624549954056553,35.943391148190294],[9.624549954056553,35.942492832906176]]]},"id":"+10714+40011","properties":{"count":1,"zone_degradee":1}},{"type":"Feature","geometry":{"geodesic":false,"type":"Polygon","coordinates":[[[9.625448269340673,35.84906804335775],[9.626346584624793,35.84906804335775],[9.626346584624793,35.849966358641865],[9.625448269340673,35.849966358641865],[9.625448269340673,35.84906804335775]]]},"id":"+10715+39907","properties":{"count":1,"zone_degradee":1}},{"type":"Feature","geometry":{"geodesic":false,"type":"Polygon","coordinates":[[[9.622753323488315,35.89398380756372],[9.622753323488315,35.892187176995485],[9.623651638772435,35.892187176995485],[9.623651638772435,35.89128886171137],[9.624549954056553,35.89128886171137],[9.624549954056553,35.89039054642724],[9.626346584624793,35.89039054642724],[9.626346584624793,35.89398380756372],[9.622753323488315,35.89398380756372]]]},"id":"+10715+39956","properties":{"count":13,"zone_degradee":1}},{"type":"Feature","geometry":{"geodesic":false,"type":"Polygon","coordinates":[[[9.625448269340673,35.93979788705382],[9.626346584624793,35.93979788705382],[9.626346584624793,35.94069620233794],[9.625448269340673,35.94069620233794],[9.625448269340673,35.93979788705382]]]},"id":"+10715+40008","properties":{"count":1,"zone_degradee":1}},{"type":"Feature","geometry":{"geodesic":false,"type":"Polygon","coordinates":[[[9.626346584624793,35.846373097505385],[9.627244899908913,35.846373097505385],[9.627244899908913,35.84727141278951],[9.626346584624793,35.84727141278951],[9.626346584624793,35.846373097505385]]]},"id":"+10716+39904","properties":{"count":1,"zone_degradee":1}},{"type":"Feature","geometry":{"geodesic":false,"type":"Polygon","coordinates":[[[9.626346584624793,35.84816972807363],[9.627244899908913,35.84816972807363],[9.627244899908913,35.84906804335775],[9.626346584624793,35.84906804335775],[9.626346584624793,35.84816972807363]]]},"id":"+10716+39906","properties":{"count":1,"zone_degradee":1}},{"type":"Feature","geometry":{"geodesic":false,"type":"Polygon","coordinates":[[[9.625448269340673,35.949679355179136],[9.627244899908913,35.949679355179136],[9.627244899908913,35.950577670463254],[9.625448269340673,35.950577670463254],[9.625448269340673,35.949679355179136]]]},"id":"+10716+40019","properties":{"count":2,"zone_degradee":1}},{"type":"Feature","geometry":{"geodesic":false,"type":"Polygon","coordinates":[[[9.626346584624793,35.97303555256624],[9.627244899908913,35.97303555256624],[9.627244899908913,35.97393386785036],[9.626346584624793,35.97393386785036],[9.626346584624793,35.97303555256624]]]},"id":"+10716+40045","properties":{"count":1,"zone_degradee":1}},{"type":"Feature","geometry":{"geodesic":false,"type":"Polygon","coordinates":[[[9.627244899908913,35.84727141278951],[9.628143215193031,35.84727141278951],[9.628143215193031,35.84816972807363],[9.627244899908913,35.84816972807363],[9.627244899908913,35.84727141278951]]]},"id":"+10717+39905","properties":{"count":1,"zone_degradee":1}},{"type":"Feature","geometry":{"geodesic":false,"type":"Polygon","coordinates":[[[9.626346584624793,35.942492832906176],[9.626346584624793,35.94069620233794],[9.627244899908913,35.94069620233794],[9.627244899908913,35.94159451762206],[9.628143215193031,35.94159451762206],[9.628143215193031,35.942492832906176],[9.626346584624793,35.942492832906176]]]},"id":"+10717+40010","properties":{"count":3,"zone_degradee":1}},{"type":"Feature","geometry":{"geodesic":false,"type":"Polygon","coordinates":[[[9.628143215193031,35.73228705642221],[9.629041530477151,35.73228705642221],[9.629041530477151,35.73318537170633],[9.628143215193031,35.73318537170633],[9.628143215193031,35.73228705642221]]]},"id":"+10718+39777","properties":{"count":1,"zone_degradee":1}},{"type":"Feature","geometry":{"geodesic":false,"type":"Polygon","coordinates":[[[9.629041530477151,35.84367815165303],[9.629939845761271,35.84367815165303],[9.629939845761271,35.84457646693715],[9.629041530477151,35.84457646693715],[9.629041530477151,35.84367815165303]]]},"id":"+10719+39901","properties":{"count":1,"zone_degradee":1}},{"type":"Feature","geometry":{"geodesic":false,"type":"Polygon","coordinates":[[[9.629041530477151,35.92901810364438],[9.629939845761271,35.92901810364438],[9.629939845761271,35.9299164189285],[9.629041530477151,35.9299164189285],[9.629041530477151,35.92901810364438]]]},"id":"+10719+39996","properties":{"count":1,"zone_degradee":1}},{"type":"Feature","geometry":{"geodesic":false,"type":"Polygon","coordinates":[[[9.628143215193031,35.84906804335775],[9.628143215193031,35.84816972807363],[9.629041530477151,35.84816972807363],[9.629041530477151,35.84727141278951],[9.629939845761271,35.84727141278951],[9.629939845761271,35.84816972807363],[9.630838161045391,35.84816972807363],[9.630838161045391,35.84906804335775],[9.628143215193031,35.84906804335775]]]},"id":"+10720+39906","properties":{"count":4,"zone_degradee":1}},{"type":"Feature","geometry":{"geodesic":false,"type":"Polygon","coordinates":[[[9.629041530477151,35.9344079953491],[9.629041530477151,35.93350968006498],[9.628143215193031,35.93350968006498],[9.628143215193031,35.93261136478086],[9.629041530477151,35.93261136478086],[9.629041530477151,35.930814734212625],[9.629939845761271,35.930814734212625],[9.629939845761271,35.9299164189285],[9.630838161045391,35.9299164189285],[9.630838161045391,35.93171304949674],[9.63173647632951,35.93171304949674],[9.63173647632951,35.93261136478086],[9.630838161045391,35.93261136478086],[9.630838161045391,35.9344079953491],[9.629041530477151,35.9344079953491]]]},"id":"+10720+40001","properties":{"count":11,"zone_degradee":1}},{"type":"Feature","geometry":{"geodesic":false,"type":"Polygon","coordinates":[[[9.629939845761271,35.971238921998],[9.630838161045391,35.971238921998],[9.630838161045391,35.97213723728212],[9.629939845761271,35.97213723728212],[9.629939845761271,35.971238921998]]]},"id":"+10720+40043","properties":{"count":1,"zone_degradee":1}},{"type":"Feature","geometry":{"geodesic":false,"type":"Polygon","coordinates":[[[9.630838161045391,35.84906804335775],[9.63173647632951,35.84906804335775],[9.63173647632951,35.849966358641865],[9.630838161045391,35.849966358641865],[9.630838161045391,35.84906804335775]]]},"id":"+10721+39907","properties":{"count":1,"zone_degradee":1}},{"type":"Feature","geometry":{"geodesic":false,"type":"Polygon","coordinates":[[[9.63173647632951,35.876915817165454],[9.63263479161363,35.876915817165454],[9.63263479161363,35.87871244773369],[9.63173647632951,35.87871244773369],[9.63173647632951,35.876915817165454]]]},"id":"+10722+39939","properties":{"count":2,"zone_degradee":1}},{"type":"Feature","geometry":{"geodesic":false,"type":"Polygon","coordinates":[[[9.63263479161363,35.93261136478086],[9.63353310689775,35.93261136478086],[9.63353310689775,35.93350968006498],[9.63263479161363,35.93350968006498],[9.63263479161363,35.93261136478086]]]},"id":"+10723+40000","properties":{"count":1,"zone_degradee":1}},{"type":"Feature","geometry":{"geodesic":false,"type":"Polygon","coordinates":[[[9.63173647632951,35.965849030293285],[9.63353310689775,35.965849030293285],[9.63353310689775,35.96764566086152],[9.63173647632951,35.96764566086152],[9.63173647632951,35.965849030293285]]]},"id":"+10723+40038","properties":{"count":4,"zone_degradee":1}},{"type":"Feature","geometry":{"geodesic":false,"type":"Polygon","coordinates":[[[9.63263479161363,35.969442291429765],[9.63443142218187,35.969442291429765],[9.63443142218187,35.971238921998],[9.63263479161363,35.971238921998],[9.63263479161363,35.969442291429765]]]},"id":"+10724+40042","properties":{"count":4,"zone_degradee":1}},{"type":"Feature","geometry":{"geodesic":false,"type":"Polygon","coordinates":[[[9.63443142218187,35.88140739358605],[9.635329737465987,35.88140739358605],[9.635329737465987,35.88230570887017],[9.63443142218187,35.88230570887017],[9.63443142218187,35.88140739358605]]]},"id":"+10725+39943","properties":{"count":1,"zone_degradee":1}},{"type":"Feature","geometry":{"geodesic":false,"type":"Polygon","coordinates":[[[9.637126368034227,35.96045913858857],[9.638024683318347,35.96045913858857],[9.638024683318347,35.96135745387269],[9.637126368034227,35.96135745387269],[9.637126368034227,35.96045913858857]]]},"id":"+10728+40031","properties":{"count":1,"zone_degradee":1}},{"type":"Feature","geometry":{"geodesic":false,"type":"Polygon","coordinates":[[[9.637126368034227,35.91644168966671],[9.638922998602466,35.91644168966671],[9.638922998602466,35.91913663551907],[9.637126368034227,35.91913663551907],[9.637126368034227,35.91644168966671]]]},"id":"+10729+39984","properties":{"count":6,"zone_degradee":1}},{"type":"Feature","geometry":{"geodesic":false,"type":"Polygon","coordinates":[[[9.637126368034227,35.98740859711215],[9.637126368034227,35.985611966543914],[9.640719629170706,35.985611966543914],[9.640719629170706,35.98651028182803],[9.638922998602466,35.98651028182803],[9.638922998602466,35.98740859711215],[9.637126368034227,35.98740859711215]]]},"id":"+10729+40060","properties":{"count":6,"zone_degradee":1}},{"type":"Feature","geometry":{"geodesic":false,"type":"Polygon","coordinates":[[[9.638922998602466,35.702642652046265],[9.639821313886586,35.702642652046265],[9.639821313886586,35.70354096733038],[9.638922998602466,35.70354096733038],[9.638922998602466,35.702642652046265]]]},"id":"+10730+39744","properties":{"count":1,"zone_degradee":1}},{"type":"Feature","geometry":{"geodesic":false,"type":"Polygon","coordinates":[[[9.641617944454824,35.85984782676718],[9.642516259738944,35.85984782676718],[9.642516259738944,35.8607461420513],[9.641617944454824,35.8607461420513],[9.641617944454824,35.85984782676718]]]},"id":"+10733+39919","properties":{"count":1,"zone_degradee":1}},{"type":"Feature","geometry":{"geodesic":false,"type":"Polygon","coordinates":[[[9.641617944454824,35.876915817165454],[9.643414575023064,35.876915817165454],[9.643414575023064,35.87871244773369],[9.641617944454824,35.87871244773369],[9.641617944454824,35.876915817165454]]]},"id":"+10734+39939","properties":{"count":4,"zone_degradee":1}},{"type":"Feature","geometry":{"geodesic":false,"type":"Polygon","coordinates":[[[9.642516259738944,35.911950113246114],[9.644312890307184,35.911950113246114],[9.644312890307184,35.91374674381435],[9.642516259738944,35.91374674381435],[9.642516259738944,35.911950113246114]]]},"id":"+10735+39978","properties":{"count":4,"zone_degradee":1}},{"type":"Feature","geometry":{"geodesic":false,"type":"Polygon","coordinates":[[[9.647007836159542,35.92272989665555],[9.64880446672778,35.92272989665555],[9.64880446672778,35.92452652722378],[9.647007836159542,35.92452652722378],[9.647007836159542,35.92272989665555]]]},"id":"+10740+39990","properties":{"count":4,"zone_degradee":1}},{"type":"Feature","geometry":{"geodesic":false,"type":"Polygon","coordinates":[[[9.64880446672778,35.91015348267787],[9.6497027820119,35.91015348267787],[9.6497027820119,35.911950113246114],[9.64880446672778,35.911950113246114],[9.64880446672778,35.91015348267787]]]},"id":"+10741+39976","properties":{"count":2,"zone_degradee":1}},{"type":"Feature","geometry":{"geodesic":false,"type":"Polygon","coordinates":[[[9.652397727864258,35.377452519194996],[9.653296043148378,35.377452519194996],[9.653296043148378,35.378350834479114],[9.652397727864258,35.378350834479114],[9.652397727864258,35.377452519194996]]]},"id":"+10745+39382","properties":{"count":1,"zone_degradee":1}},{"type":"Feature","geometry":{"geodesic":false,"type":"Polygon","coordinates":[[[9.652397727864258,36.01345974035162],[9.652397727864258,36.012561425067496],[9.6497027820119,36.012561425067496],[9.6497027820119,36.01076479449926],[9.652397727864258,36.01076479449926],[9.652397727864258,36.01166310978338],[9.653296043148378,36.01166310978338],[9.653296043148378,36.01345974035162],[9.652397727864258,36.01345974035162]]]},"id":"+10745+40089","properties":{"count":8,"zone_degradee":1}},{"type":"Feature","geometry":{"geodesic":false,"type":"Polygon","coordinates":[[[9.654194358432498,35.647845419714976],[9.654194358432498,35.645150473862614],[9.655092673716618,35.645150473862614],[9.655092673716618,35.64335384329438],[9.654194358432498,35.64335384329438],[9.654194358432498,35.64245552801026],[9.653296043148378,35.64245552801026],[9.653296043148378,35.641557212726134],[9.654194358432498,35.641557212726134],[9.654194358432498,35.63886226687378],[9.655092673716618,35.63886226687378],[9.655092673716618,35.63796395158966],[9.656889304284856,35.63796395158966],[9.656889304284856,35.637065636305536],[9.657787619568976,35.637065636305536],[9.657787619568976,35.63886226687378],[9.656889304284856,35.63886226687378],[9.656889304284856,35.6397605821579],[9.657787619568976,35.6397605821579],[9.657787619568976,35.640658897442016],[9.659584250137215,35.640658897442016],[9.659584250137215,35.641557212726134],[9.660482565421335,35.641557212726134],[9.660482565421335,35.644252158578496],[9.659584250137215,35.644252158578496],[9.659584250137215,35.645150473862614],[9.658685934853096,35.645150473862614],[9.658685934853096,35.64604878914673],[9.656889304284856,35.64604878914673],[9.656889304284856,35.64694710443085],[9.655990989000736,35.64694710443085],[9.655990989000736,35.647845419714976],[9.654194358432498,35.647845419714976]]]},"id":"+10748+39682","properties":{"count":53,"zone_degradee":1}},{"type":"Feature","geometry":{"geodesic":false,"type":"Polygon","coordinates":[[[9.655092673716618,35.37655420391088],[9.657787619568976,35.37655420391088],[9.657787619568976,35.377452519194996],[9.655092673716618,35.377452519194996],[9.655092673716618,35.37655420391088]]]},"id":"+10750+39381","properties":{"count":3,"zone_degradee":1}},{"type":"Feature","geometry":{"geodesic":false,"type":"Polygon","coordinates":[[[9.656889304284856,35.65503194198793],[9.656889304284856,35.65413362670381],[9.655990989000736,35.65413362670381],[9.655990989000736,35.65323531141969],[9.658685934853096,35.65323531141969],[9.658685934853096,35.65413362670381],[9.657787619568976,35.65413362670381],[9.657787619568976,35.65503194198793],[9.656889304284856,35.65503194198793]]]},"id":"+10750+39690","properties":{"count":4,"zone_degradee":1}},{"type":"Feature","geometry":{"geodesic":false,"type":"Polygon","coordinates":[[[9.659584250137215,35.868830979608376],[9.659584250137215,35.86703434904014],[9.661380880705455,35.86703434904014],[9.661380880705455,35.86433940318778],[9.663177511273693,35.86433940318778],[9.663177511273693,35.868830979608376],[9.659584250137215,35.868830979608376]]]},"id":"+10756+39928","properties":{"count":14,"zone_degradee":1}},{"type":"Feature","geometry":{"geodesic":false,"type":"Polygon","coordinates":[[[9.660482565421335,35.97483218313448],[9.663177511273693,35.97483218313448],[9.663177511273693,35.9757304984186],[9.660482565421335,35.9757304984186],[9.660482565421335,35.97483218313448]]]},"id":"+10756+40047","properties":{"count":3,"zone_degradee":1}},{"type":"Feature","geometry":{"geodesic":false,"type":"Polygon","coordinates":[[[9.663177511273693,35.621794276475505],[9.663177511273693,35.61820101533903],[9.664075826557813,35.61820101533903],[9.664075826557813,35.61909933062315],[9.665872457126051,35.61909933062315],[9.665872457126051,35.62089596119139],[9.664974141841933,35.62089596119139],[9.664974141841933,35.621794276475505],[9.663177511273693,35.621794276475505]]]},"id":"+10758+39653","properties":{"count":9,"zone_degradee":1}},{"type":"Feature","geometry":{"geodesic":false,"type":"Polygon","coordinates":[[[9.664075826557813,35.87781413244957],[9.664974141841933,35.87781413244957],[9.664974141841933,35.87961076301781],[9.664075826557813,35.87961076301781],[9.664075826557813,35.87781413244957]]]},"id":"+10758+39940","properties":{"count":2,"zone_degradee":1}},{"type":"Feature","geometry":{"geodesic":false,"type":"Polygon","coordinates":[[[9.664075826557813,35.87062761017661],[9.665872457126051,35.87062761017661],[9.665872457126051,35.87152592546074],[9.664075826557813,35.87152592546074],[9.664075826557813,35.87062761017661]]]},"id":"+10759+39931","properties":{"count":2,"zone_degradee":1}},{"type":"Feature","geometry":{"geodesic":false,"type":"Polygon","coordinates":[[[9.666770772410171,35.66940498653384],[9.667669087694291,35.66940498653384],[9.667669087694291,35.67030330181796],[9.666770772410171,35.67030330181796],[9.666770772410171,35.66940498653384]]]},"id":"+10761+39707","properties":{"count":1,"zone_degradee":1}},{"type":"Feature","geometry":{"geodesic":false,"type":"Polygon","coordinates":[[[9.666770772410171,35.87511918659721],[9.668567402978411,35.87511918659721],[9.668567402978411,35.876915817165454],[9.666770772410171,35.876915817165454],[9.666770772410171,35.87511918659721]]]},"id":"+10762+39937","properties":{"count":4,"zone_degradee":1}},{"type":"Feature","geometry":{"geodesic":false,"type":"Polygon","coordinates":[[[9.668567402978411,35.664015094829125],[9.66946571826253,35.664015094829125],[9.66946571826253,35.66491341011324],[9.668567402978411,35.66491341011324],[9.668567402978411,35.664015094829125]]]},"id":"+10763+39701","properties":{"count":1,"zone_degradee":1}},{"type":"Feature","geometry":{"geodesic":false,"type":"Polygon","coordinates":[[[9.667669087694291,35.87062761017661],[9.667669087694291,35.868830979608376],[9.668567402978411,35.868830979608376],[9.668567402978411,35.86703434904014],[9.67036403354665,35.86703434904014],[9.67036403354665,35.86793266432426],[9.66946571826253,35.86793266432426],[9.66946571826253,35.87062761017661],[9.667669087694291,35.87062761017661]]]},"id":"+10763+39930","properties":{"count":7,"zone_degradee":1}},{"type":"Feature","geometry":{"geodesic":false,"type":"Polygon","coordinates":[[[9.668567402978411,35.827508476538874],[9.67036403354665,35.827508476538874],[9.67036403354665,35.830203422391236],[9.668567402978411,35.830203422391236],[9.668567402978411,35.827508476538874]]]},"id":"+10764+39885","properties":{"count":6,"zone_degradee":1}},{"type":"Feature","geometry":{"geodesic":false,"type":"Polygon","coordinates":[[[9.67126234883077,35.65413362670381],[9.67216066411489,35.65413362670381],[9.67216066411489,35.65503194198793],[9.67126234883077,35.65503194198793],[9.67126234883077,35.65413362670381]]]},"id":"+10766+39690","properties":{"count":1,"zone_degradee":1}},{"type":"Feature","geometry":{"geodesic":false,"type":"Polygon","coordinates":[[[9.67216066411489,35.77181292892347],[9.673058979399007,35.77181292892347],[9.673058979399007,35.772711244207585],[9.67216066411489,35.772711244207585],[9.67216066411489,35.77181292892347]]]},"id":"+10767+39821","properties":{"count":1,"zone_degradee":1}},{"type":"Feature","geometry":{"geodesic":false,"type":"Polygon","coordinates":[[[9.67216066411489,35.997290065237465],[9.67216066411489,35.99639174995335],[9.67126234883077,35.99639174995335],[9.67126234883077,35.99549343466923],[9.673058979399007,35.99549343466923],[9.673058979399007,35.99459511938511],[9.674855609967247,35.99459511938511],[9.674855609967247,35.99549343466923],[9.673957294683127,35.99549343466923],[9.673957294683127,35.99639174995335],[9.673058979399007,35.99639174995335],[9.673058979399007,35.997290065237465],[9.67216066411489,35.997290065237465]]]},"id":"+10767+40071","properties":{"count":6,"zone_degradee":1}},{"type":"Feature","geometry":{"geodesic":false,"type":"Polygon","coordinates":[[[9.673957294683127,35.80684722500413],[9.673957294683127,35.80505059443589],[9.674855609967247,35.80505059443589],[9.674855609967247,35.803253963867654],[9.675753925251367,35.803253963867654],[9.675753925251367,35.80415227915177],[9.676652240535486,35.80415227915177],[9.676652240535486,35.80684722500413],[9.673957294683127,35.80684722500413]]]},"id":"+10771+39859","properties":{"count":9,"zone_degradee":1}},{"type":"Feature","geometry":{"geodesic":false,"type":"Polygon","coordinates":[[[9.676652240535486,35.98740859711215],[9.677550555819606,35.98740859711215],[9.677550555819606,35.98830691239627],[9.676652240535486,35.98830691239627],[9.676652240535486,35.98740859711215]]]},"id":"+10772+40061","properties":{"count":1,"zone_degradee":1}},{"type":"Feature","geometry":{"geodesic":false,"type":"Polygon","coordinates":[[[9.677550555819606,35.89039054642724],[9.678448871103726,35.89039054642724],[9.678448871103726,35.89128886171137],[9.677550555819606,35.89128886171137],[9.677550555819606,35.89039054642724]]]},"id":"+10773+39953","properties":{"count":1,"zone_degradee":1}},{"type":"Feature","geometry":{"geodesic":false,"type":"Polygon","coordinates":[[[9.677550555819606,35.91734000495083],[9.678448871103726,35.91734000495083],[9.678448871103726,35.91823832023495],[9.677550555819606,35.91823832023495],[9.677550555819606,35.91734000495083]]]},"id":"+10773+39983","properties":{"count":1,"zone_degradee":1}},{"type":"Feature","geometry":{"geodesic":false,"type":"Polygon","coordinates":[[[9.677550555819606,35.98830691239627],[9.678448871103726,35.98830691239627],[9.678448871103726,35.989205227680394],[9.677550555819606,35.989205227680394],[9.677550555819606,35.98830691239627]]]},"id":"+10773+40062","properties":{"count":1,"zone_degradee":1}},{"type":"Feature","geometry":{"geodesic":false,"type":"Polygon","coordinates":[[[9.677550555819606,36.023341208476936],[9.678448871103726,36.023341208476936],[9.678448871103726,36.024239523761054],[9.677550555819606,36.024239523761054],[9.677550555819606,36.023341208476936]]]},"id":"+10773+40101","properties":{"count":1,"zone_degradee":1}},{"type":"Feature","geometry":{"geodesic":false,"type":"Polygon","coordinates":[[[9.678448871103726,35.64245552801026],[9.679347186387844,35.64245552801026],[9.679347186387844,35.64335384329438],[9.678448871103726,35.64335384329438],[9.678448871103726,35.64245552801026]]]},"id":"+10774+39677","properties":{"count":1,"zone_degradee":1}},{"type":"Feature","geometry":{"geodesic":false,"type":"Polygon","coordinates":[[[9.678448871103726,36.024239523761054],[9.679347186387844,36.024239523761054],[9.679347186387844,36.02513783904517],[9.678448871103726,36.02513783904517],[9.678448871103726,36.024239523761054]]]},"id":"+10774+40102","properties":{"count":1,"zone_degradee":1}},{"type":"Feature","geometry":{"geodesic":false,"type":"Polygon","coordinates":[[[9.679347186387844,35.64335384329438],[9.680245501671964,35.64335384329438],[9.680245501671964,35.644252158578496],[9.679347186387844,35.644252158578496],[9.679347186387844,35.64335384329438]]]},"id":"+10775+39678","properties":{"count":1,"zone_degradee":1}},{"type":"Feature","geometry":{"geodesic":false,"type":"Polygon","coordinates":[[[9.677550555819606,35.818525323697685],[9.680245501671964,35.818525323697685],[9.680245501671964,35.8194236389818],[9.677550555819606,35.8194236389818],[9.677550555819606,35.818525323697685]]]},"id":"+10775+39873","properties":{"count":3,"zone_degradee":1}},{"type":"Feature","geometry":{"geodesic":false,"type":"Polygon","coordinates":[[[9.679347186387844,36.02513783904517],[9.680245501671964,36.02513783904517],[9.680245501671964,36.02603615432929],[9.679347186387844,36.02603615432929],[9.679347186387844,36.02513783904517]]]},"id":"+10775+40103","properties":{"count":1,"zone_degradee":1}},{"type":"Feature","geometry":{"geodesic":false,"type":"Polygon","coordinates":[[[9.679347186387844,35.61281112363431],[9.681143816956084,35.61281112363431],[9.681143816956084,35.61460775420255],[9.679347186387844,35.61460775420255],[9.679347186387844,35.61281112363431]]]},"id":"+10776+39645","properties":{"count":4,"zone_degradee":1}},{"type":"Feature","geometry":{"geodesic":false,"type":"Polygon","coordinates":[[[9.679347186387844,35.63886226687378],[9.679347186387844,35.63616732102142],[9.680245501671964,35.63616732102142],[9.680245501671964,35.63437069045318],[9.683838762808442,35.63437069045318],[9.683838762808442,35.637065636305536],[9.682940447524322,35.637065636305536],[9.682940447524322,35.63796395158966],[9.682042132240204,35.63796395158966],[9.682042132240204,35.63886226687378],[9.679347186387844,35.63886226687378]]]},"id":"+10777+39672","properties":{"count":20,"zone_degradee":1}},{"type":"Feature","geometry":{"geodesic":false,"type":"Polygon","coordinates":[[[9.682042132240204,35.640658897442016],[9.682940447524322,35.640658897442016],[9.682940447524322,35.641557212726134],[9.682042132240204,35.641557212726134],[9.682042132240204,35.640658897442016]]]},"id":"+10778+39675","properties":{"count":1,"zone_degradee":1}},{"type":"Feature","geometry":{"geodesic":false,"type":"Polygon","coordinates":[[[9.681143816956084,35.89039054642724],[9.682940447524322,35.89039054642724],[9.682940447524322,35.89128886171137],[9.681143816956084,35.89128886171137],[9.681143816956084,35.89039054642724]]]},"id":"+10778+39953","properties":{"count":2,"zone_degradee":1}},{"type":"Feature","geometry":{"geodesic":false,"type":"Polygon","coordinates":[[[9.682042132240204,35.900272014552556],[9.682042132240204,35.89937369926844],[9.681143816956084,35.89937369926844],[9.681143816956084,35.89847538398432],[9.682940447524322,35.89847538398432],[9.682940447524322,35.900272014552556],[9.682042132240204,35.900272014552556]]]},"id":"+10778+39963","properties":{"count":3,"zone_degradee":1}},{"type":"Feature","geometry":{"geodesic":false,"type":"Polygon","coordinates":[[[9.682940447524322,35.641557212726134],[9.683838762808442,35.641557212726134],[9.683838762808442,35.64245552801026],[9.682940447524322,35.64245552801026],[9.682940447524322,35.641557212726134]]]},"id":"+10779+39676","properties":{"count":1,"zone_degradee":1}},{"type":"Feature","geometry":{"geodesic":false,"type":"Polygon","coordinates":[[[9.682940447524322,35.79427081102646],[9.683838762808442,35.79427081102646],[9.683838762808442,35.795169126310576],[9.682940447524322,35.795169126310576],[9.682940447524322,35.79427081102646]]]},"id":"+10779+39846","properties":{"count":1,"zone_degradee":1}},{"type":"Feature","geometry":{"geodesic":false,"type":"Polygon","coordinates":[[[9.682940447524322,36.00896816393102],[9.683838762808442,36.00896816393102],[9.683838762808442,36.00986647921514],[9.682940447524322,36.00986647921514],[9.682940447524322,36.00896816393102]]]},"id":"+10779+40085","properties":{"count":1,"zone_degradee":1}},{"type":"Feature","geometry":{"geodesic":false,"type":"Polygon","coordinates":[[[9.683838762808442,35.64245552801026],[9.684737078092562,35.64245552801026],[9.684737078092562,35.64335384329438],[9.683838762808442,35.64335384329438],[9.683838762808442,35.64245552801026]]]},"id":"+10780+39677","properties":{"count":1,"zone_degradee":1}},{"type":"Feature","geometry":{"geodesic":false,"type":"Polygon","coordinates":[[[9.682940447524322,35.87062761017661],[9.682940447524322,35.869729294892494],[9.682042132240204,35.869729294892494],[9.682042132240204,35.86793266432426],[9.682940447524322,35.86793266432426],[9.682940447524322,35.868830979608376],[9.685635393376682,35.868830979608376],[9.685635393376682,35.869729294892494],[9.684737078092562,35.869729294892494],[9.684737078092562,35.87062761017661],[9.682940447524322,35.87062761017661]]]},"id":"+10780+39930","properties":{"count":7,"zone_degradee":1}},{"type":"Feature","geometry":{"geodesic":false,"type":"Polygon","coordinates":[[[9.683838762808442,35.63796395158966],[9.685635393376682,35.63796395158966],[9.685635393376682,35.6397605821579],[9.683838762808442,35.6397605821579],[9.683838762808442,35.63796395158966]]]},"id":"+10781+39673","properties":{"count":4,"zone_degradee":1}},{"type":"Feature","geometry":{"geodesic":false,"type":"Polygon","coordinates":[[[9.684737078092562,35.641557212726134],[9.685635393376682,35.641557212726134],[9.685635393376682,35.64245552801026],[9.684737078092562,35.64245552801026],[9.684737078092562,35.641557212726134]]]},"id":"+10781+39676","properties":{"count":1,"zone_degradee":1}},{"type":"Feature","geometry":{"geodesic":false,"type":"Polygon","coordinates":[[[9.683838762808442,35.93800125648558],[9.685635393376682,35.93800125648558],[9.685635393376682,35.93979788705382],[9.683838762808442,35.93979788705382],[9.683838762808442,35.93800125648558]]]},"id":"+10781+40007","properties":{"count":4,"zone_degradee":1}},{"type":"Feature","geometry":{"geodesic":false,"type":"Polygon","coordinates":[[[9.685635393376682,35.95327261631561],[9.6865337086608,35.95327261631561],[9.6865337086608,35.95417093159973],[9.685635393376682,35.95417093159973],[9.685635393376682,35.95327261631561]]]},"id":"+10782+40023","properties":{"count":1,"zone_degradee":1}},{"type":"Feature","geometry":{"geodesic":false,"type":"Polygon","coordinates":[[[9.685635393376682,36.02513783904517],[9.68743202394492,36.02513783904517],[9.68743202394492,36.027832784897534],[9.685635393376682,36.027832784897534],[9.685635393376682,36.02513783904517]]]},"id":"+10783+40105","properties":{"count":6,"zone_degradee":1}},{"type":"Feature","geometry":{"geodesic":false,"type":"Polygon","coordinates":[[[9.685635393376682,35.88410233943841],[9.685635393376682,35.88320402415429],[9.684737078092562,35.88320402415429],[9.684737078092562,35.88230570887017],[9.683838762808442,35.88230570887017],[9.683838762808442,35.88050907830193],[9.6865337086608,35.88050907830193],[9.6865337086608,35.88230570887017],[9.68743202394492,35.88230570887017],[9.68743202394492,35.88320402415429],[9.68833033922904,35.88320402415429],[9.68833033922904,35.88410233943841],[9.685635393376682,35.88410233943841]]]},"id":"+10784+39945","properties":{"count":12,"zone_degradee":1}},{"type":"Feature","geometry":{"geodesic":false,"type":"Polygon","coordinates":[[[9.6865337086608,35.93350968006498],[9.68833033922904,35.93350968006498],[9.68833033922904,35.9344079953491],[9.6865337086608,35.9344079953491],[9.6865337086608,35.93350968006498]]]},"id":"+10784+40001","properties":{"count":2,"zone_degradee":1}},{"type":"Feature","geometry":{"geodesic":false,"type":"Polygon","coordinates":[[[9.68922865451316,36.016154686203976],[9.691025285081398,36.016154686203976],[9.691025285081398,36.01795131677222],[9.68922865451316,36.01795131677222],[9.68922865451316,36.016154686203976]]]},"id":"+10787+40094","properties":{"count":4,"zone_degradee":1}},{"type":"Feature","geometry":{"geodesic":false,"type":"Polygon","coordinates":[[[9.690126969797278,35.93261136478086],[9.691923600365518,35.93261136478086],[9.691923600365518,35.93350968006498],[9.690126969797278,35.93350968006498],[9.690126969797278,35.93261136478086]]]},"id":"+10788+40000","properties":{"count":2,"zone_degradee":1}},{"type":"Feature","geometry":{"geodesic":false,"type":"Polygon","coordinates":[[[9.691923600365518,35.900272014552556],[9.691923600365518,35.89937369926844],[9.690126969797278,35.89937369926844],[9.690126969797278,35.8975770687002],[9.691923600365518,35.8975770687002],[9.691923600365518,35.89847538398432],[9.692821915649638,35.89847538398432],[9.692821915649638,35.900272014552556],[9.691923600365518,35.900272014552556]]]},"id":"+10789+39963","properties":{"count":6,"zone_degradee":1}},{"type":"Feature","geometry":{"geodesic":false,"type":"Polygon","coordinates":[[[9.692821915649638,35.66491341011324],[9.693720230933756,35.66491341011324],[9.693720230933756,35.66581172539736],[9.692821915649638,35.66581172539736],[9.692821915649638,35.66491341011324]]]},"id":"+10790+39702","properties":{"count":1,"zone_degradee":1}},{"type":"Feature","geometry":{"geodesic":false,"type":"Polygon","coordinates":[[[9.692821915649638,35.920034950803185],[9.693720230933756,35.920034950803185],[9.693720230933756,35.92272989665555],[9.692821915649638,35.92272989665555],[9.692821915649638,35.920034950803185]]]},"id":"+10790+39988","properties":{"count":3,"zone_degradee":1}},{"type":"Feature","geometry":{"geodesic":false,"type":"Polygon","coordinates":[[[9.692821915649638,35.95596756216797],[9.693720230933756,35.95596756216797],[9.693720230933756,35.95776419273621],[9.692821915649638,35.95776419273621],[9.692821915649638,35.95596756216797]]]},"id":"+10790+40027","properties":{"count":2,"zone_degradee":1}},{"type":"Feature","geometry":{"geodesic":false,"type":"Polygon","coordinates":[[[9.692821915649638,35.95956082330445],[9.693720230933756,35.95956082330445],[9.693720230933756,35.96135745387269],[9.692821915649638,35.96135745387269],[9.692821915649638,35.95956082330445]]]},"id":"+10790+40031","properties":{"count":2,"zone_degradee":1}},{"type":"Feature","geometry":{"geodesic":false,"type":"Polygon","coordinates":[[[9.693720230933756,35.96135745387269],[9.694618546217876,35.96135745387269],[9.694618546217876,35.962255769156805],[9.693720230933756,35.962255769156805],[9.693720230933756,35.96135745387269]]]},"id":"+10791+40032","properties":{"count":1,"zone_degradee":1}},{"type":"Feature","geometry":{"geodesic":false,"type":"Polygon","coordinates":[[[9.692821915649638,36.03861256830697],[9.692821915649638,36.03771425302285],[9.691923600365518,36.03771425302285],[9.691923600365518,36.03681593773872],[9.691025285081398,36.03681593773872],[9.691025285081398,36.035917622454605],[9.691923600365518,36.035917622454605],[9.691923600365518,36.03501930717049],[9.693720230933756,36.03501930717049],[9.693720230933756,36.03322267660225],[9.694618546217876,36.03322267660225],[9.694618546217876,36.03232436131813],[9.695516861501996,36.03232436131813],[9.695516861501996,36.03142604603401],[9.694618546217876,36.03142604603401],[9.694618546217876,36.02873110018165],[9.693720230933756,36.02873110018165],[9.693720230933756,36.027832784897534],[9.694618546217876,36.027832784897534],[9.694618546217876,36.02693446961341],[9.695516861501996,36.02693446961341],[9.695516861501996,36.027832784897534],[9.697313492070235,36.027832784897534],[9.697313492070235,36.02693446961341],[9.698211807354355,36.02693446961341],[9.698211807354355,36.02603615432929],[9.699110122638475,36.02603615432929],[9.699110122638475,36.027832784897534],[9.700008437922593,36.027832784897534],[9.700008437922593,36.03052773074989],[9.700906753206713,36.03052773074989],[9.700906753206713,36.03232436131813],[9.699110122638475,36.03232436131813],[9.699110122638475,36.03322267660225],[9.696415176786115,36.03322267660225],[9.696415176786115,36.03501930717049],[9.695516861501996,36.03501930717049],[9.695516861501996,36.035917622454605],[9.694618546217876,36.035917622454605],[9.694618546217876,36.03861256830697],[9.692821915649638,36.03861256830697]]]},"id":"+10791+40117","properties":{"count":60,"zone_degradee":1}},{"type":"Feature","geometry":{"geodesic":false,"type":"Polygon","coordinates":[[[9.694618546217876,35.63616732102142],[9.695516861501996,35.63616732102142],[9.695516861501996,35.637065636305536],[9.694618546217876,35.637065636305536],[9.694618546217876,35.63616732102142]]]},"id":"+10792+39670","properties":{"count":1,"zone_degradee":1}},{"type":"Feature","geometry":{"geodesic":false,"type":"Polygon","coordinates":[[[9.694618546217876,35.9344079953491],[9.695516861501996,35.9344079953491],[9.695516861501996,35.93530631063322],[9.694618546217876,35.93530631063322],[9.694618546217876,35.9344079953491]]]},"id":"+10792+40002","properties":{"count":1,"zone_degradee":1}},{"type":"Feature","geometry":{"geodesic":false,"type":"Polygon","coordinates":[[[9.693720230933756,36.004476587510425],[9.693720230933756,36.00178164165806],[9.696415176786115,36.00178164165806],[9.696415176786115,36.00357827222631],[9.695516861501996,36.00357827222631],[9.695516861501996,36.004476587510425],[9.693720230933756,36.004476587510425]]]},"id":"+10792+40079","properties":{"count":8,"zone_degradee":1}},{"type":"Feature","geometry":{"geodesic":false,"type":"Polygon","coordinates":[[[9.694618546217876,35.64335384329438],[9.694618546217876,35.641557212726134],[9.695516861501996,35.641557212726134],[9.695516861501996,35.640658897442016],[9.696415176786115,35.640658897442016],[9.696415176786115,35.64335384329438],[9.694618546217876,35.64335384329438]]]},"id":"+10793+39677","properties":{"count":5,"zone_degradee":1}},{"type":"Feature","geometry":{"geodesic":false,"type":"Polygon","coordinates":[[[9.695516861501996,35.911051797961996],[9.695516861501996,35.90925516739375],[9.696415176786115,35.90925516739375],[9.696415176786115,35.908356852109634],[9.697313492070235,35.908356852109634],[9.697313492070235,35.91015348267787],[9.696415176786115,35.91015348267787],[9.696415176786115,35.911051797961996],[9.695516861501996,35.911051797961996]]]},"id":"+10793+39975","properties":{"count":4,"zone_degradee":1}},{"type":"Feature","geometry":{"geodesic":false,"type":"Polygon","coordinates":[[[9.696415176786115,35.6397605821579],[9.697313492070235,35.6397605821579],[9.697313492070235,35.640658897442016],[9.696415176786115,35.640658897442016],[9.696415176786115,35.6397605821579]]]},"id":"+10794+39674","properties":{"count":1,"zone_degradee":1}},{"type":"Feature","geometry":{"geodesic":false,"type":"Polygon","coordinates":[[[9.696415176786115,35.93710294120146],[9.697313492070235,35.93710294120146],[9.697313492070235,35.93800125648558],[9.696415176786115,35.93800125648558],[9.696415176786115,35.93710294120146]]]},"id":"+10794+40005","properties":{"count":1,"zone_degradee":1}},{"type":"Feature","geometry":{"geodesic":false,"type":"Polygon","coordinates":[[[9.696415176786115,36.00986647921514],[9.697313492070235,36.00986647921514],[9.697313492070235,36.01076479449926],[9.696415176786115,36.01076479449926],[9.696415176786115,36.00986647921514]]]},"id":"+10794+40086","properties":{"count":1,"zone_degradee":1}},{"type":"Feature","geometry":{"geodesic":false,"type":"Polygon","coordinates":[[[9.697313492070235,35.63437069045318],[9.698211807354355,35.63437069045318],[9.698211807354355,35.6352690057373],[9.697313492070235,35.6352690057373],[9.697313492070235,35.63437069045318]]]},"id":"+10795+39668","properties":{"count":1,"zone_degradee":1}},{"type":"Feature","geometry":{"geodesic":false,"type":"Polygon","coordinates":[[[9.695516861501996,35.779897766480545],[9.698211807354355,35.779897766480545],[9.698211807354355,35.78169439704878],[9.695516861501996,35.78169439704878],[9.695516861501996,35.779897766480545]]]},"id":"+10795+39831","properties":{"count":6,"zone_degradee":1}},{"type":"Feature","geometry":{"geodesic":false,"type":"Polygon","coordinates":[[[9.697313492070235,35.93171304949674],[9.698211807354355,35.93171304949674],[9.698211807354355,35.93261136478086],[9.697313492070235,35.93261136478086],[9.697313492070235,35.93171304949674]]]},"id":"+10795+39999","properties":{"count":1,"zone_degradee":1}},{"type":"Feature","geometry":{"geodesic":false,"type":"Polygon","coordinates":[[[9.698211807354355,35.6352690057373],[9.699110122638475,35.6352690057373],[9.699110122638475,35.63616732102142],[9.698211807354355,35.63616732102142],[9.698211807354355,35.6352690057373]]]},"id":"+10796+39669","properties":{"count":1,"zone_degradee":1}},{"type":"Feature","geometry":{"geodesic":false,"type":"Polygon","coordinates":[[[9.698211807354355,35.92452652722378],[9.699110122638475,35.92452652722378],[9.699110122638475,35.92542484250791],[9.698211807354355,35.92542484250791],[9.698211807354355,35.92452652722378]]]},"id":"+10796+39991","properties":{"count":1,"zone_degradee":1}},{"type":"Feature","geometry":{"geodesic":false,"type":"Polygon","coordinates":[[[9.699110122638475,35.63437069045318],[9.700008437922593,35.63437069045318],[9.700008437922593,35.6352690057373],[9.699110122638475,35.6352690057373],[9.699110122638475,35.63437069045318]]]},"id":"+10797+39668","properties":{"count":1,"zone_degradee":1}},{"type":"Feature","geometry":{"geodesic":false,"type":"Polygon","coordinates":[[[9.698211807354355,35.90117032983668],[9.698211807354355,35.900272014552556],[9.697313492070235,35.900272014552556],[9.697313492070235,35.89937369926844],[9.699110122638475,35.89937369926844],[9.699110122638475,35.900272014552556],[9.700008437922593,35.900272014552556],[9.700008437922593,35.90117032983668],[9.698211807354355,35.90117032983668]]]},"id":"+10797+39964","properties":{"count":4,"zone_degradee":1}},{"type":"Feature","geometry":{"geodesic":false,"type":"Polygon","coordinates":[[[9.700008437922593,35.92272989665555],[9.700008437922593,35.92452652722378],[9.699110122638475,35.92452652722378],[9.699110122638475,35.923628211939665],[9.698211807354355,35.923628211939665],[9.698211807354355,35.92272989665555],[9.700008437922593,35.92272989665555]]]},"id":"+10797+39990","properties":{"count":3,"zone_degradee":1}},{"type":"Feature","geometry":{"geodesic":false,"type":"Polygon","coordinates":[[[9.699110122638475,35.92542484250791],[9.700008437922593,35.92542484250791],[9.700008437922593,35.92632315779203],[9.699110122638475,35.92632315779203],[9.699110122638475,35.92542484250791]]]},"id":"+10797+39992","properties":{"count":1,"zone_degradee":1}},{"type":"Feature","geometry":{"geodesic":false,"type":"Polygon","coordinates":[[[9.700008437922593,35.63347237516906],[9.700906753206713,35.63347237516906],[9.700906753206713,35.63437069045318],[9.700008437922593,35.63437069045318],[9.700008437922593,35.63347237516906]]]},"id":"+10798+39667","properties":{"count":1,"zone_degradee":1}},{"type":"Feature","geometry":{"geodesic":false,"type":"Polygon","coordinates":[[[9.700008437922593,35.6397605821579],[9.700906753206713,35.6397605821579],[9.700906753206713,35.640658897442016],[9.700008437922593,35.640658897442016],[9.700008437922593,35.6397605821579]]]},"id":"+10798+39674","properties":{"count":1,"zone_degradee":1}},{"type":"Feature","geometry":{"geodesic":false,"type":"Polygon","coordinates":[[[9.700008437922593,35.84008489051655],[9.700008437922593,35.83918657523243],[9.699110122638475,35.83918657523243],[9.699110122638475,35.837389944664196],[9.700008437922593,35.837389944664196],[9.700008437922593,35.838288259948314],[9.700906753206713,35.838288259948314],[9.700906753206713,35.84008489051655],[9.700008437922593,35.84008489051655]]]},"id":"+10798+39896","properties":{"count":4,"zone_degradee":1}},{"type":"Feature","geometry":{"geodesic":false,"type":"Polygon","coordinates":[[[9.700906753206713,35.637065636305536],[9.701805068490833,35.637065636305536],[9.701805068490833,35.63796395158966],[9.700906753206713,35.63796395158966],[9.700906753206713,35.637065636305536]]]},"id":"+10799+39671","properties":{"count":1,"zone_degradee":1}},{"type":"Feature","geometry":{"geodesic":false,"type":"Polygon","coordinates":[[[9.699110122638475,36.03681593773872],[9.701805068490833,36.03681593773872],[9.701805068490833,36.03861256830697],[9.699110122638475,36.03861256830697],[9.699110122638475,36.03681593773872]]]},"id":"+10799+40117","properties":{"count":6,"zone_degradee":1}},{"type":"Feature","geometry":{"geodesic":false,"type":"Polygon","coordinates":[[[9.701805068490833,35.77540619005995],[9.702703383774953,35.77540619005995],[9.702703383774953,35.776304505344065],[9.701805068490833,35.776304505344065],[9.701805068490833,35.77540619005995]]]},"id":"+10800+39825","properties":{"count":1,"zone_degradee":1}},{"type":"Feature","geometry":{"geodesic":false,"type":"Polygon","coordinates":[[[9.701805068490833,35.99818838052159],[9.702703383774953,35.99818838052159],[9.702703383774953,35.99908669580571],[9.701805068490833,35.99908669580571],[9.701805068490833,35.99818838052159]]]},"id":"+10800+40073","properties":{"count":1,"zone_degradee":1}},{"type":"Feature","geometry":{"geodesic":false,"type":"Polygon","coordinates":[[[9.701805068490833,36.03142604603401],[9.701805068490833,36.027832784897534],[9.703601699059071,36.027832784897534],[9.703601699059071,36.02873110018165],[9.704500014343191,36.02873110018165],[9.704500014343191,36.03142604603401],[9.701805068490833,36.03142604603401]]]},"id":"+10802+40109","properties":{"count":11,"zone_degradee":1}},{"type":"Feature","geometry":{"geodesic":false,"type":"Polygon","coordinates":[[[9.705398329627311,35.67030330181796],[9.706296644911431,35.67030330181796],[9.706296644911431,35.67120161710208],[9.705398329627311,35.67120161710208],[9.705398329627311,35.67030330181796]]]},"id":"+10804+39708","properties":{"count":1,"zone_degradee":1}},{"type":"Feature","geometry":{"geodesic":false,"type":"Polygon","coordinates":[[[9.705398329627311,35.66491341011324],[9.705398329627311,35.66311677954501],[9.704500014343191,35.66311677954501],[9.704500014343191,35.66221846426089],[9.703601699059071,35.66221846426089],[9.703601699059071,35.66132014897676],[9.702703383774953,35.66132014897676],[9.702703383774953,35.660421833692645],[9.701805068490833,35.660421833692645],[9.701805068490833,35.65862520312441],[9.703601699059071,35.65862520312441],[9.703601699059071,35.65952351840853],[9.705398329627311,35.65952351840853],[9.705398329627311,35.660421833692645],[9.706296644911431,35.660421833692645],[9.706296644911431,35.66132014897676],[9.70719496019555,35.66132014897676],[9.70719496019555,35.66491341011324],[9.705398329627311,35.66491341011324]]]},"id":"+10805+39701","properties":{"count":21,"zone_degradee":1}},{"type":"Feature","geometry":{"geodesic":false,"type":"Polygon","coordinates":[[[9.70719496019555,35.95147598574737],[9.70809327547967,35.95147598574737],[9.70809327547967,35.95237430103149],[9.70719496019555,35.95237430103149],[9.70719496019555,35.95147598574737]]]},"id":"+10806+40021","properties":{"count":1,"zone_degradee":1}},{"type":"Feature","geometry":{"geodesic":false,"type":"Polygon","coordinates":[[[9.706296644911431,36.02873110018165],[9.706296644911431,36.027832784897534],[9.70719496019555,36.027832784897534],[9.70719496019555,36.02603615432929],[9.70809327547967,36.02603615432929],[9.70809327547967,36.02873110018165],[9.706296644911431,36.02873110018165]]]},"id":"+10806+40106","properties":{"count":4,"zone_degradee":1}},{"type":"Feature","geometry":{"geodesic":false,"type":"Polygon","coordinates":[[[9.70809327547967,35.57957345812189],[9.70899159076379,35.57957345812189],[9.70899159076379,35.58047177340601],[9.70809327547967,35.58047177340601],[9.70809327547967,35.57957345812189]]]},"id":"+10807+39607","properties":{"count":1,"zone_degradee":1}},{"type":"Feature","geometry":{"geodesic":false,"type":"Polygon","coordinates":[[[9.705398329627311,35.95506924688385],[9.705398329627311,35.95327261631561],[9.70809327547967,35.95327261631561],[9.70809327547967,35.95417093159973],[9.70899159076379,35.95417093159973],[9.70899159076379,35.95506924688385],[9.705398329627311,35.95506924688385]]]},"id":"+10807+40024","properties":{"count":7,"zone_degradee":1}},{"type":"Feature","geometry":{"geodesic":false,"type":"Polygon","coordinates":[[[9.70988990604791,35.63796395158966],[9.711686536616147,35.63796395158966],[9.711686536616147,35.6397605821579],[9.70988990604791,35.6397605821579],[9.70988990604791,35.63796395158966]]]},"id":"+10810+39673","properties":{"count":4,"zone_degradee":1}},{"type":"Feature","geometry":{"geodesic":false,"type":"Polygon","coordinates":[[[9.711686536616147,35.89937369926844],[9.711686536616147,35.8975770687002],[9.713483167184386,35.8975770687002],[9.713483167184386,35.89847538398432],[9.712584851900267,35.89847538398432],[9.712584851900267,35.89937369926844],[9.711686536616147,35.89937369926844]]]},"id":"+10811+39962","properties":{"count":3,"zone_degradee":1}},{"type":"Feature","geometry":{"geodesic":false,"type":"Polygon","coordinates":[[[9.715279797752626,35.89847538398432],[9.715279797752626,35.8975770687002],[9.714381482468506,35.8975770687002],[9.714381482468506,35.89578043813196],[9.716178113036746,35.89578043813196],[9.716178113036746,35.89667875341608],[9.717076428320864,35.89667875341608],[9.717076428320864,35.8975770687002],[9.716178113036746,35.8975770687002],[9.716178113036746,35.89847538398432],[9.715279797752626,35.89847538398432]]]},"id":"+10815+39961","properties":{"count":6,"zone_degradee":1}},{"type":"Feature","geometry":{"geodesic":false,"type":"Polygon","coordinates":[[[9.716178113036746,35.89847538398432],[9.717076428320864,35.89847538398432],[9.717076428320864,35.89937369926844],[9.716178113036746,35.89937369926844],[9.716178113036746,35.89847538398432]]]},"id":"+10816+39962","properties":{"count":1,"zone_degradee":1}},{"type":"Feature","geometry":{"geodesic":false,"type":"Polygon","coordinates":[[[9.716178113036746,36.023341208476936],[9.717076428320864,36.023341208476936],[9.717076428320864,36.024239523761054],[9.716178113036746,36.024239523761054],[9.716178113036746,36.023341208476936]]]},"id":"+10816+40101","properties":{"count":1,"zone_degradee":1}},{"type":"Feature","geometry":{"geodesic":false,"type":"Polygon","coordinates":[[[9.717974743604984,35.89488212284784],[9.718873058889104,35.89488212284784],[9.718873058889104,35.89578043813196],[9.717974743604984,35.89578043813196],[9.717974743604984,35.89488212284784]]]},"id":"+10818+39958","properties":{"count":1,"zone_degradee":1}},{"type":"Feature","geometry":{"geodesic":false,"type":"Polygon","coordinates":[[[9.717974743604984,35.92542484250791],[9.718873058889104,35.92542484250791],[9.718873058889104,35.92632315779203],[9.717974743604984,35.92632315779203],[9.717974743604984,35.92542484250791]]]},"id":"+10818+39992","properties":{"count":1,"zone_degradee":1}},{"type":"Feature","geometry":{"geodesic":false,"type":"Polygon","coordinates":[[[9.717974743604984,35.96495071500917],[9.718873058889104,35.96495071500917],[9.718873058889104,35.965849030293285],[9.717974743604984,35.965849030293285],[9.717974743604984,35.96495071500917]]]},"id":"+10818+40036","properties":{"count":1,"zone_degradee":1}},{"type":"Feature","geometry":{"geodesic":false,"type":"Polygon","coordinates":[[[9.718873058889104,36.01166310978338],[9.719771374173224,36.01166310978338],[9.719771374173224,36.012561425067496],[9.718873058889104,36.012561425067496],[9.718873058889104,36.01166310978338]]]},"id":"+10819+40088","properties":{"count":1,"zone_degradee":1}},{"type":"Feature","geometry":{"geodesic":false,"type":"Polygon","coordinates":[[[9.716178113036746,35.57687851226953],[9.716178113036746,35.57598019698541],[9.712584851900267,35.57598019698541],[9.712584851900267,35.575081881701294],[9.70809327547967,35.575081881701294],[9.70809327547967,35.574183566417176],[9.710788221332027,35.574183566417176],[9.710788221332027,35.57328525113305],[9.717076428320864,35.57328525113305],[9.717076428320864,35.574183566417176],[9.717974743604984,35.574183566417176],[9.717974743604984,35.575081881701294],[9.721568004741462,35.575081881701294],[9.721568004741462,35.57598019698541],[9.720669689457342,35.57598019698541],[9.720669689457342,35.57687851226953],[9.716178113036746,35.57687851226953]]]},"id":"+10820+39603","properties":{"count":33,"zone_degradee":1}},{"type":"Feature","geometry":{"geodesic":false,"type":"Polygon","coordinates":[[[9.719771374173224,36.012561425067496],[9.720669689457342,36.012561425067496],[9.720669689457342,36.01345974035162],[9.719771374173224,36.01345974035162],[9.719771374173224,36.012561425067496]]]},"id":"+10820+40089","properties":{"count":1,"zone_degradee":1}},{"type":"Feature","geometry":{"geodesic":false,"type":"Polygon","coordinates":[[[9.720669689457342,35.95686587745209],[9.721568004741462,35.95686587745209],[9.721568004741462,35.95776419273621],[9.720669689457342,35.95776419273621],[9.720669689457342,35.95686587745209]]]},"id":"+10821+40027","properties":{"count":1,"zone_degradee":1}},{"type":"Feature","geometry":{"geodesic":false,"type":"Polygon","coordinates":[[[9.720669689457342,36.01345974035162],[9.721568004741462,36.01345974035162],[9.721568004741462,36.01435805563574],[9.720669689457342,36.01435805563574],[9.720669689457342,36.01345974035162]]]},"id":"+10821+40090","properties":{"count":1,"zone_degradee":1}},{"type":"Feature","geometry":{"geodesic":false,"type":"Polygon","coordinates":[[[9.721568004741462,35.66850667124972],[9.722466320025582,35.66850667124972],[9.722466320025582,35.66940498653384],[9.721568004741462,35.66940498653384],[9.721568004741462,35.66850667124972]]]},"id":"+10822+39706","properties":{"count":1,"zone_degradee":1}},{"type":"Feature","geometry":{"geodesic":false,"type":"Polygon","coordinates":[[[9.721568004741462,35.679286454659156],[9.722466320025582,35.679286454659156],[9.722466320025582,35.680184769943274],[9.721568004741462,35.680184769943274],[9.721568004741462,35.679286454659156]]]},"id":"+10822+39718","properties":{"count":1,"zone_degradee":1}},{"type":"Feature","geometry":{"geodesic":false,"type":"Polygon","coordinates":[[[9.717974743604984,35.88140739358605],[9.717076428320864,35.88140739358605],[9.717076428320864,35.88050907830193],[9.716178113036746,35.88050907830193],[9.716178113036746,35.87871244773369],[9.717076428320864,35.87871244773369],[9.717076428320864,35.87781413244957],[9.717974743604984,35.87781413244957],[9.717974743604984,35.876915817165454],[9.720669689457342,35.876915817165454],[9.720669689457342,35.87781413244957],[9.72426295059382,35.87781413244957],[9.72426295059382,35.87871244773369],[9.723364635309702,35.87871244773369],[9.723364635309702,35.87961076301781],[9.721568004741462,35.87961076301781],[9.721568004741462,35.88050907830193],[9.723364635309702,35.88050907830193],[9.723364635309702,35.88140739358605],[9.722466320025582,35.88140739358605],[9.722466320025582,35.88230570887017],[9.720669689457342,35.88230570887017],[9.720669689457342,35.88320402415429],[9.721568004741462,35.88320402415429],[9.721568004741462,35.88410233943841],[9.72605958116206,35.88410233943841],[9.72605958116206,35.885000654722525],[9.72516126587794,35.885000654722525],[9.72516126587794,35.888593915859005],[9.735042734003255,35.888593915859005],[9.735042734003255,35.88949223114312],[9.735941049287375,35.88949223114312],[9.735941049287375,35.89128886171137],[9.730551157582658,35.89128886171137],[9.730551157582658,35.8930854922796],[9.731449472866776,35.8930854922796],[9.731449472866776,35.89398380756372],[9.728754527014418,35.89398380756372],[9.728754527014418,35.89488212284784],[9.72695789644618,35.89488212284784],[9.72695789644618,35.89398380756372],[9.72605958116206,35.89398380756372],[9.72605958116206,35.8930854922796],[9.72695789644618,35.8930854922796],[9.72695789644618,35.89039054642724],[9.72516126587794,35.89039054642724],[9.72516126587794,35.892187176995485],[9.72426295059382,35.892187176995485],[9.72426295059382,35.8930854922796],[9.723364635309702,35.8930854922796],[9.723364635309702,35.892187176995485],[9.722466320025582,35.892187176995485],[9.722466320025582,35.8930854922796],[9.721568004741462,35.8930854922796],[9.721568004741462,35.89398380756372],[9.722466320025582,35.89398380756372],[9.722466320025582,35.895780438131965],[9.720669689457342,35.895780438131965],[9.720669689457342,35.892187176995485],[9.716178113036746,35.892187176995485],[9.716178113036746,35.89128886171137],[9.717974743604984,35.89128886171137],[9.717974743604984,35.89039054642724],[9.719771374173224,35.89039054642724],[9.719771374173224,35.89128886171137],[9.721568004741462,35.89128886171137],[9.721568004741462,35.88949223114312],[9.720669689457342,35.88949223114312],[9.720669689457342,35.88679728529077],[9.718873058889104,35.88679728529077],[9.718873058889104,35.88410233943841],[9.717974743604984,35.88410233943841],[9.717974743604984,35.88140739358605]],[[9.717974743604984,35.88140739358605],[9.717974743604984,35.88050907830193],[9.718873058889104,35.88050907830193],[9.718873058889104,35.88140739358605],[9.717974743604984,35.88140739358605]]]},"id":"+10822+39958","properties":{"count":157,"zone_degradee":1}},{"type":"Feature","geometry":{"geodesic":false,"type":"Polygon","coordinates":[[[9.721568004741462,36.04579909057992],[9.721568004741462,36.04400246001168],[9.722466320025582,36.04400246001168],[9.722466320025582,36.0449007752958],[9.723364635309702,36.0449007752958],[9.723364635309702,36.04579909057992],[9.721568004741462,36.04579909057992]]]},"id":"+10823+40125","properties":{"count":3,"zone_degradee":1}},{"type":"Feature","geometry":{"geodesic":false,"type":"Polygon","coordinates":[[[9.722466320025582,35.680184769943274],[9.72426295059382,35.680184769943274],[9.72426295059382,35.68108308522739],[9.722466320025582,35.68108308522739],[9.722466320025582,35.680184769943274]]]},"id":"+10824+39719","properties":{"count":2,"zone_degradee":1}},{"type":"Feature","geometry":{"geodesic":false,"type":"Polygon","coordinates":[[[9.722466320025582,35.8975770687002],[9.72426295059382,35.8975770687002],[9.72426295059382,35.89847538398432],[9.722466320025582,35.89847538398432],[9.722466320025582,35.8975770687002]]]},"id":"+10824+39961","properties":{"count":2,"zone_degradee":1}},{"type":"Feature","geometry":{"geodesic":false,"type":"Polygon","coordinates":[[[9.722466320025582,35.87511918659721],[9.722466320025582,35.87422087131309],[9.723364635309702,35.87422087131309],[9.723364635309702,35.873322556028974],[9.72426295059382,35.873322556028974],[9.72426295059382,35.872424240744856],[9.72695789644618,35.872424240744856],[9.72695789644618,35.873322556028974],[9.72605958116206,35.873322556028974],[9.72605958116206,35.87422087131309],[9.72516126587794,35.87422087131309],[9.72516126587794,35.87511918659721],[9.722466320025582,35.87511918659721]]]},"id":"+10825+39935","properties":{"count":9,"zone_degradee":1}},{"type":"Feature","geometry":{"geodesic":false,"type":"Polygon","coordinates":[[[9.72426295059382,35.8930854922796],[9.72516126587794,35.8930854922796],[9.72516126587794,35.89398380756372],[9.72426295059382,35.89398380756372],[9.72426295059382,35.8930854922796]]]},"id":"+10825+39956","properties":{"count":1,"zone_degradee":1}},{"type":"Feature","geometry":{"geodesic":false,"type":"Polygon","coordinates":[[[9.72516126587794,35.40260534715034],[9.72605958116206,35.40260534715034],[9.72605958116206,35.40350366243446],[9.72516126587794,35.40350366243446],[9.72516126587794,35.40260534715034]]]},"id":"+10826+39410","properties":{"count":1,"zone_degradee":1}},{"type":"Feature","geometry":{"geodesic":false,"type":"Polygon","coordinates":[[[9.72605958116206,35.40350366243446],[9.72695789644618,35.40350366243446],[9.72695789644618,35.404401977718585],[9.72605958116206,35.404401977718585],[9.72605958116206,35.40350366243446]]]},"id":"+10827+39411","properties":{"count":1,"zone_degradee":1}},{"type":"Feature","geometry":{"geodesic":false,"type":"Polygon","coordinates":[[[9.72426295059382,35.57687851226953],[9.72426295059382,35.57598019698541],[9.722466320025582,35.57598019698541],[9.722466320025582,35.57238693584893],[9.719771374173224,35.57238693584893],[9.719771374173224,35.571488620564814],[9.718873058889104,35.571488620564814],[9.718873058889104,35.56879367471245],[9.722466320025582,35.56879367471245],[9.722466320025582,35.56969198999658],[9.72426295059382,35.56969198999658],[9.72426295059382,35.56879367471245],[9.72605958116206,35.56879367471245],[9.72605958116206,35.57238693584893],[9.72695789644618,35.57238693584893],[9.72695789644618,35.571488620564814],[9.729652842298538,35.571488620564814],[9.729652842298538,35.575081881701294],[9.728754527014418,35.575081881701294],[9.728754527014418,35.57598019698541],[9.72695789644618,35.57598019698541],[9.72695789644618,35.57687851226953],[9.72426295059382,35.57687851226953]]]},"id":"+10827+39603","properties":{"count":66,"zone_degradee":1}},{"type":"Feature","geometry":{"geodesic":false,"type":"Polygon","coordinates":[[[9.72605958116206,35.876915817165454],[9.72605958116206,35.87601750188133],[9.72516126587794,35.87601750188133],[9.72516126587794,35.87511918659721],[9.72695789644618,35.87511918659721],[9.72695789644618,35.876915817165454],[9.72605958116206,35.876915817165454]]]},"id":"+10827+39937","properties":{"count":3,"zone_degradee":1}},{"type":"Feature","geometry":{"geodesic":false,"type":"Polygon","coordinates":[[[9.72605958116206,36.051188982284636],[9.72695789644618,36.051188982284636],[9.72695789644618,36.05208729756876],[9.72605958116206,36.05208729756876],[9.72605958116206,36.051188982284636]]]},"id":"+10827+40132","properties":{"count":1,"zone_degradee":1}},{"type":"Feature","geometry":{"geodesic":false,"type":"Polygon","coordinates":[[[9.72695789644618,35.55352231488242],[9.727856211730298,35.55352231488242],[9.727856211730298,35.55442063016654],[9.72695789644618,35.55442063016654],[9.72695789644618,35.55352231488242]]]},"id":"+10828+39578","properties":{"count":1,"zone_degradee":1}},{"type":"Feature","geometry":{"geodesic":false,"type":"Polygon","coordinates":[[[9.72695789644618,35.76821966778699],[9.727856211730298,35.76821966778699],[9.727856211730298,35.77001629835523],[9.72695789644618,35.77001629835523],[9.72695789644618,35.76821966778699]]]},"id":"+10828+39818","properties":{"count":2,"zone_degradee":1}},{"type":"Feature","geometry":{"geodesic":false,"type":"Polygon","coordinates":[[[9.727856211730298,35.95686587745209],[9.728754527014418,35.95686587745209],[9.728754527014418,35.95776419273621],[9.727856211730298,35.95776419273621],[9.727856211730298,35.95686587745209]]]},"id":"+10829+40027","properties":{"count":1,"zone_degradee":1}},{"type":"Feature","geometry":{"geodesic":false,"type":"Polygon","coordinates":[[[9.72695789644618,35.99279848881687],[9.728754527014418,35.99279848881687],[9.728754527014418,35.99369680410099],[9.72695789644618,35.99369680410099],[9.72695789644618,35.99279848881687]]]},"id":"+10829+40067","properties":{"count":2,"zone_degradee":1}},{"type":"Feature","geometry":{"geodesic":false,"type":"Polygon","coordinates":[[[9.729652842298538,35.94518777875854],[9.730551157582656,35.94518777875854],[9.730551157582656,35.946086094042656],[9.729652842298538,35.946086094042656],[9.729652842298538,35.94518777875854]]]},"id":"+10831+40014","properties":{"count":1,"zone_degradee":1}},{"type":"Feature","geometry":{"geodesic":false,"type":"Polygon","coordinates":[[[9.729652842298538,36.039510883591085],[9.730551157582656,36.039510883591085],[9.730551157582656,36.0404091988752],[9.729652842298538,36.0404091988752],[9.729652842298538,36.039510883591085]]]},"id":"+10831+40119","properties":{"count":1,"zone_degradee":1}},{"type":"Feature","geometry":{"geodesic":false,"type":"Polygon","coordinates":[[[9.729652842298538,36.043104144727565],[9.730551157582656,36.043104144727565],[9.730551157582656,36.04400246001168],[9.729652842298538,36.04400246001168],[9.729652842298538,36.043104144727565]]]},"id":"+10831+40123","properties":{"count":1,"zone_degradee":1}},{"type":"Feature","geometry":{"geodesic":false,"type":"Polygon","coordinates":[[[9.730551157582656,35.91823832023495],[9.731449472866776,35.91823832023495],[9.731449472866776,35.91913663551907],[9.730551157582656,35.91913663551907],[9.730551157582656,35.91823832023495]]]},"id":"+10832+39984","properties":{"count":1,"zone_degradee":1}},{"type":"Feature","geometry":{"geodesic":false,"type":"Polygon","coordinates":[[[9.730551157582656,35.938899571769696],[9.731449472866776,35.938899571769696],[9.731449472866776,35.93979788705382],[9.730551157582656,35.93979788705382],[9.730551157582656,35.938899571769696]]]},"id":"+10832+40007","properties":{"count":1,"zone_degradee":1}},{"type":"Feature","geometry":{"geodesic":false,"type":"Polygon","coordinates":[[[9.731449472866776,36.0493923517164],[9.732347788150896,36.0493923517164],[9.732347788150896,36.05029066700052],[9.731449472866776,36.05029066700052],[9.731449472866776,36.0493923517164]]]},"id":"+10833+40130","properties":{"count":1,"zone_degradee":1}},{"type":"Feature","geometry":{"geodesic":false,"type":"Polygon","coordinates":[[[9.730551157582656,36.05747718927348],[9.730551157582656,36.055680558705234],[9.731449472866776,36.055680558705234],[9.731449472866776,36.05657887398935],[9.732347788150896,36.05657887398935],[9.732347788150896,36.05747718927348],[9.730551157582656,36.05747718927348]]]},"id":"+10833+40138","properties":{"count":3,"zone_degradee":1}},{"type":"Feature","geometry":{"geodesic":false,"type":"Polygon","coordinates":[[[9.732347788150896,36.053883928137],[9.733246103435016,36.053883928137],[9.733246103435016,36.054782243421116],[9.732347788150896,36.054782243421116],[9.732347788150896,36.053883928137]]]},"id":"+10834+40135","properties":{"count":1,"zone_degradee":1}},{"type":"Feature","geometry":{"geodesic":false,"type":"Polygon","coordinates":[[[9.732347788150896,36.055680558705234],[9.733246103435016,36.055680558705234],[9.733246103435016,36.05657887398935],[9.732347788150896,36.05657887398935],[9.732347788150896,36.055680558705234]]]},"id":"+10834+40137","properties":{"count":1,"zone_degradee":1}},{"type":"Feature","geometry":{"geodesic":false,"type":"Polygon","coordinates":[[[9.732347788150896,35.876915817165454],[9.732347788150896,35.87511918659721],[9.733246103435016,35.87511918659721],[9.733246103435016,35.87422087131309],[9.734144418719135,35.87422087131309],[9.734144418719135,35.873322556028974],[9.735941049287375,35.873322556028974],[9.735941049287375,35.87511918659721],[9.735042734003255,35.87511918659721],[9.735042734003255,35.87601750188133],[9.734144418719135,35.87601750188133],[9.734144418719135,35.876915817165454],[9.732347788150896,35.876915817165454]]]},"id":"+10835+39937","properties":{"count":10,"zone_degradee":1}},{"type":"Feature","geometry":{"geodesic":false,"type":"Polygon","coordinates":[[[9.733246103435016,36.06017213512583],[9.734144418719135,36.06017213512583],[9.734144418719135,36.061968765694076],[9.733246103435016,36.061968765694076],[9.733246103435016,36.06017213512583]]]},"id":"+10835+40143","properties":{"count":2,"zone_degradee":1}},{"type":"Feature","geometry":{"geodesic":false,"type":"Polygon","coordinates":[[[9.732347788150896,36.0449007752958],[9.732347788150896,36.042205829443446],[9.734144418719135,36.042205829443446],[9.734144418719135,36.04130751415932],[9.736839364571495,36.04130751415932],[9.736839364571495,36.039510883591085],[9.738635995139733,36.039510883591085],[9.738635995139733,36.042205829443446],[9.739534310423853,36.042205829443446],[9.739534310423853,36.04130751415932],[9.740432625707973,36.04130751415932],[9.740432625707973,36.042205829443446],[9.741330940992091,36.042205829443446],[9.741330940992091,36.04400246001168],[9.738635995139733,36.04400246001168],[9.738635995139733,36.043104144727565],[9.736839364571495,36.043104144727565],[9.736839364571495,36.04400246001168],[9.735042734003255,36.04400246001168],[9.735042734003255,36.0449007752958],[9.732347788150896,36.0449007752958]]]},"id":"+10836+40124","properties":{"count":31,"zone_degradee":1}},{"type":"Feature","geometry":{"geodesic":false,"type":"Polygon","coordinates":[[[9.735941049287375,35.69635444505743],[9.735941049287375,35.69455781448919],[9.736839364571495,35.69455781448919],[9.736839364571495,35.69365949920507],[9.738635995139733,35.69365949920507],[9.738635995139733,35.695456129773305],[9.737737679855613,35.695456129773305],[9.737737679855613,35.69635444505743],[9.735941049287375,35.69635444505743]]]},"id":"+10839+39736","properties":{"count":7,"zone_degradee":1}},{"type":"Feature","geometry":{"geodesic":false,"type":"Polygon","coordinates":[[[9.736839364571495,35.888593915859005],[9.736839364571495,35.88769560057489],[9.727856211730298,35.88769560057489],[9.727856211730298,35.87961076301781],[9.729652842298538,35.87961076301781],[9.729652842298538,35.87871244773369],[9.731449472866776,35.87871244773369],[9.731449472866776,35.88140739358605],[9.730551157582656,35.88140739358605],[9.730551157582656,35.88320402415429],[9.732347788150896,35.88320402415429],[9.732347788150896,35.88410233943841],[9.735042734003255,35.88410233943841],[9.735042734003255,35.88320402415429],[9.734144418719135,35.88320402415429],[9.734144418719135,35.88230570887017],[9.733246103435016,35.88230570887017],[9.733246103435016,35.88140739358605],[9.732347788150896,35.88140739358605],[9.732347788150896,35.87781413244957],[9.736839364571495,35.87781413244957],[9.736839364571495,35.87961076301781],[9.737737679855613,35.87961076301781],[9.737737679855613,35.88140739358605],[9.738635995139733,35.88140739358605],[9.738635995139733,35.88410233943841],[9.739534310423853,35.88410233943841],[9.739534310423853,35.885000654722525],[9.740432625707973,35.885000654722525],[9.740432625707973,35.88589897000664],[9.742229256276211,35.88589897000664],[9.742229256276211,35.88769560057489],[9.737737679855613,35.88769560057489],[9.737737679855613,35.888593915859005],[9.736839364571495,35.888593915859005]],[[9.730551157582656,35.885000654722525],[9.729652842298538,35.885000654722525],[9.729652842298538,35.88410233943841],[9.730551157582656,35.88410233943841],[9.730551157582656,35.885000654722525]]]},"id":"+10839+39950","properties":{"count":117,"zone_degradee":1}},{"type":"Feature","geometry":{"geodesic":false,"type":"Polygon","coordinates":[[[9.735042734003255,36.051188982284636],[9.735042734003255,36.0493923517164],[9.736839364571495,36.0493923517164],[9.736839364571495,36.04849403643228],[9.737737679855613,36.04849403643228],[9.737737679855613,36.04759572114816],[9.735941049287375,36.04759572114816],[9.735941049287375,36.04579909057992],[9.738635995139733,36.04579909057992],[9.738635995139733,36.0449007752958],[9.742229256276211,36.0449007752958],[9.742229256276211,36.04669740586404],[9.748517463265047,36.04669740586404],[9.748517463265047,36.04579909057992],[9.749415778549167,36.04579909057992],[9.749415778549167,36.0449007752958],[9.751212409117405,36.0449007752958],[9.751212409117405,36.04400246001168],[9.754805670253884,36.04400246001168],[9.754805670253884,36.043104144727565],[9.756602300822124,36.043104144727565],[9.756602300822124,36.042205829443446],[9.758398931390362,36.042205829443446],[9.758398931390362,36.043104144727565],[9.757500616106244,36.043104144727565],[9.757500616106244,36.04579909057992],[9.755703985538004,36.04579909057992],[9.755703985538004,36.04759572114816],[9.748517463265047,36.04759572114816],[9.748517463265047,36.04849403643228],[9.743127571560331,36.04849403643228],[9.743127571560331,36.04759572114816],[9.740432625707973,36.04759572114816],[9.740432625707973,36.04669740586404],[9.739534310423853,36.04669740586404],[9.739534310423853,36.04849403643228],[9.740432625707973,36.04849403643228],[9.740432625707973,36.0493923517164],[9.741330940992091,36.0493923517164],[9.741330940992091,36.05029066700052],[9.738635995139733,36.05029066700052],[9.738635995139733,36.051188982284636],[9.735042734003255,36.051188982284636]]]},"id":"+10840+40131","properties":{"count":84,"zone_degradee":1}},{"type":"Feature","geometry":{"geodesic":false,"type":"Polygon","coordinates":[[[9.739534310423853,36.06376539626231],[9.740432625707973,36.06376539626231],[9.740432625707973,36.06466371154643],[9.739534310423853,36.06466371154643],[9.739534310423853,36.06376539626231]]]},"id":"+10842+40146","properties":{"count":1,"zone_degradee":1}},{"type":"Feature","geometry":{"geodesic":false,"type":"Polygon","coordinates":[[[9.741330940992091,35.67030330181796],[9.741330940992091,35.66940498653384],[9.739534310423853,35.66940498653384],[9.739534310423853,35.667608355965605],[9.742229256276211,35.667608355965605],[9.742229256276211,35.67030330181796],[9.741330940992091,35.67030330181796]]]},"id":"+10844+39707","properties":{"count":7,"zone_degradee":1}},{"type":"Feature","geometry":{"geodesic":false,"type":"Polygon","coordinates":[[[9.740432625707973,36.03232436131813],[9.742229256276211,36.03232436131813],[9.742229256276211,36.03322267660225],[9.740432625707973,36.03322267660225],[9.740432625707973,36.03232436131813]]]},"id":"+10844+40111","properties":{"count":2,"zone_degradee":1}},{"type":"Feature","geometry":{"geodesic":false,"type":"Polygon","coordinates":[[[9.742229256276211,35.718812327160414],[9.742229256276211,35.71701569659218],[9.743127571560331,35.71701569659218],[9.743127571560331,35.717914011876296],[9.744025886844451,35.717914011876296],[9.744025886844451,35.718812327160414],[9.742229256276211,35.718812327160414]]]},"id":"+10846+39761","properties":{"count":3,"zone_degradee":1}},{"type":"Feature","geometry":{"geodesic":false,"type":"Polygon","coordinates":[[[9.744025886844451,35.66581172539736],[9.74582251741269,35.66581172539736],[9.74582251741269,35.667608355965605],[9.744025886844451,35.667608355965605],[9.744025886844451,35.66581172539736]]]},"id":"+10848+39704","properties":{"count":4,"zone_degradee":1}},{"type":"Feature","geometry":{"geodesic":false,"type":"Polygon","coordinates":[[[9.74492420212857,35.717914011876296],[9.74582251741269,35.717914011876296],[9.74582251741269,35.718812327160414],[9.74492420212857,35.718812327160414],[9.74492420212857,35.717914011876296]]]},"id":"+10848+39761","properties":{"count":1,"zone_degradee":1}},{"type":"Feature","geometry":{"geodesic":false,"type":"Polygon","coordinates":[[[9.747619147980927,35.609217862497836],[9.748517463265047,35.609217862497836],[9.748517463265047,35.610116177781954],[9.747619147980927,35.610116177781954],[9.747619147980927,35.609217862497836]]]},"id":"+10851+39640","properties":{"count":1,"zone_degradee":1}},{"type":"Feature","geometry":{"geodesic":false,"type":"Polygon","coordinates":[[[9.752110724401525,35.640658897442016],[9.753009039685645,35.640658897442016],[9.753009039685645,35.641557212726134],[9.752110724401525,35.641557212726134],[9.752110724401525,35.640658897442016]]]},"id":"+10856+39675","properties":{"count":1,"zone_degradee":1}},{"type":"Feature","geometry":{"geodesic":false,"type":"Polygon","coordinates":[[[9.753907354969765,35.69186286863683],[9.754805670253884,35.69186286863683],[9.754805670253884,35.69276118392095],[9.753907354969765,35.69276118392095],[9.753907354969765,35.69186286863683]]]},"id":"+10858+39732","properties":{"count":1,"zone_degradee":1}},{"type":"Feature","geometry":{"geodesic":false,"type":"Polygon","coordinates":[[[9.753907354969765,35.55891220658714],[9.755703985538004,35.55891220658714],[9.755703985538004,35.564302098291854],[9.753907354969765,35.564302098291854],[9.753907354969765,35.55891220658714]]]},"id":"+10859+39589","properties":{"count":12,"zone_degradee":1}},{"type":"Feature","geometry":{"geodesic":false,"type":"Polygon","coordinates":[[[9.753907354969765,35.567895359428334],[9.755703985538004,35.567895359428334],[9.755703985538004,35.57238693584893],[9.753907354969765,35.57238693584893],[9.753907354969765,35.567895359428334]]]},"id":"+10859+39598","properties":{"count":10,"zone_degradee":1}},{"type":"Feature","geometry":{"geodesic":false,"type":"Polygon","coordinates":[[[9.754805670253884,35.69096455335271],[9.755703985538004,35.69096455335271],[9.755703985538004,35.69186286863683],[9.754805670253884,35.69186286863683],[9.754805670253884,35.69096455335271]]]},"id":"+10859+39731","properties":{"count":1,"zone_degradee":1}},{"type":"Feature","geometry":{"geodesic":false,"type":"Polygon","coordinates":[[[9.756602300822124,36.01795131677222],[9.757500616106244,36.01795131677222],[9.757500616106244,36.01884963205634],[9.756602300822124,36.01884963205634],[9.756602300822124,36.01795131677222]]]},"id":"+10861+40095","properties":{"count":1,"zone_degradee":1}},{"type":"Feature","geometry":{"geodesic":false,"type":"Polygon","coordinates":[[[9.756602300822124,35.985611966543914],[9.758398931390362,35.985611966543914],[9.758398931390362,35.98740859711215],[9.756602300822124,35.98740859711215],[9.756602300822124,35.985611966543914]]]},"id":"+10862+40060","properties":{"count":4,"zone_degradee":1}},{"type":"Feature","geometry":{"geodesic":false,"type":"Polygon","coordinates":[[[9.758398931390362,35.61820101533903],[9.759297246674482,35.61820101533903],[9.759297246674482,35.61909933062315],[9.758398931390362,35.61909933062315],[9.758398931390362,35.61820101533903]]]},"id":"+10863+39650","properties":{"count":1,"zone_degradee":1}},{"type":"Feature","geometry":{"geodesic":false,"type":"Polygon","coordinates":[[[9.760195561958602,35.683778031079754],[9.760195561958602,35.68198140051152],[9.76199219252684,35.68198140051152],[9.76199219252684,35.682879715795636],[9.76289050781096,35.682879715795636],[9.76289050781096,35.683778031079754],[9.760195561958602,35.683778031079754]]]},"id":"+10867+39722","properties":{"count":5,"zone_degradee":1}},{"type":"Feature","geometry":{"geodesic":false,"type":"Polygon","coordinates":[[[9.76378882309508,36.09610474649062],[9.7646871383792,36.09610474649062],[9.7646871383792,36.097003061774735],[9.76378882309508,36.097003061774735],[9.76378882309508,36.09610474649062]]]},"id":"+10869+40182","properties":{"count":1,"zone_degradee":1}},{"type":"Feature","geometry":{"geodesic":false,"type":"Polygon","coordinates":[[[9.76378882309508,35.81403374727709],[9.765585453663318,35.81403374727709],[9.765585453663318,35.81583037784532],[9.76378882309508,35.81583037784532],[9.76378882309508,35.81403374727709]]]},"id":"+10870+39869","properties":{"count":4,"zone_degradee":1}},{"type":"Feature","geometry":{"geodesic":false,"type":"Polygon","coordinates":[[[9.7646871383792,35.920034950803185],[9.7646871383792,35.91913663551907],[9.76289050781096,35.91913663551907],[9.76289050781096,35.91823832023495],[9.76199219252684,35.91823832023495],[9.76199219252684,35.91734000495083],[9.759297246674482,35.91734000495083],[9.759297246674482,35.91823832023495],[9.757500616106244,35.91823832023495],[9.757500616106244,35.91734000495083],[9.756602300822124,35.91734000495083],[9.756602300822124,35.91644168966671],[9.754805670253884,35.91644168966671],[9.754805670253884,35.91464505909847],[9.756602300822124,35.91464505909847],[9.756602300822124,35.915543374382594],[9.757500616106244,35.915543374382594],[9.757500616106244,35.91644168966671],[9.761093877242722,35.91644168966671],[9.761093877242722,35.915543374382594],[9.765585453663318,35.915543374382594],[9.765585453663318,35.91644168966671],[9.766483768947438,35.91644168966671],[9.766483768947438,35.91913663551907],[9.765585453663318,35.91913663551907],[9.765585453663318,35.920034950803185],[9.7646871383792,35.920034950803185]]]},"id":"+10870+39985","properties":{"count":33,"zone_degradee":1}},{"type":"Feature","geometry":{"geodesic":false,"type":"Polygon","coordinates":[[[9.766483768947438,35.570590305280696],[9.767382084231558,35.570590305280696],[9.767382084231558,35.571488620564814],[9.766483768947438,35.571488620564814],[9.766483768947438,35.570590305280696]]]},"id":"+10872+39597","properties":{"count":1,"zone_degradee":1}},{"type":"Feature","geometry":{"geodesic":false,"type":"Polygon","coordinates":[[[9.768280399515676,35.57328525113305],[9.769178714799796,35.57328525113305],[9.769178714799796,35.574183566417176],[9.768280399515676,35.574183566417176],[9.768280399515676,35.57328525113305]]]},"id":"+10874+39600","properties":{"count":1,"zone_degradee":1}},{"type":"Feature","geometry":{"geodesic":false,"type":"Polygon","coordinates":[[[9.770077030083916,35.575081881701294],[9.770975345368036,35.575081881701294],[9.770975345368036,35.57598019698541],[9.770077030083916,35.57598019698541],[9.770077030083916,35.575081881701294]]]},"id":"+10876+39602","properties":{"count":1,"zone_degradee":1}},{"type":"Feature","geometry":{"geodesic":false,"type":"Polygon","coordinates":[[[9.770077030083916,35.43045312095805],[9.770077030083916,35.42865649038981],[9.769178714799796,35.42865649038981],[9.769178714799796,35.42685985982157],[9.770975345368036,35.42685985982157],[9.770975345368036,35.42865649038981],[9.771873660652155,35.42865649038981],[9.771873660652155,35.43045312095805],[9.770077030083916,35.43045312095805]]]},"id":"+10877+39440","properties":{"count":8,"zone_degradee":1}},{"type":"Feature","geometry":{"geodesic":false,"type":"Polygon","coordinates":[[[9.770975345368036,35.81762700841356],[9.771873660652155,35.81762700841356],[9.771873660652155,35.818525323697685],[9.770975345368036,35.818525323697685],[9.770975345368036,35.81762700841356]]]},"id":"+10877+39872","properties":{"count":1,"zone_degradee":1}},{"type":"Feature","geometry":{"geodesic":false,"type":"Polygon","coordinates":[[[9.768280399515676,35.91374674381435],[9.768280399515676,35.91284842853023],[9.767382084231558,35.91284842853023],[9.767382084231558,35.91374674381435],[9.765585453663318,35.91374674381435],[9.765585453663318,35.91284842853023],[9.7646871383792,35.91284842853023],[9.7646871383792,35.91015348267787],[9.766483768947438,35.91015348267787],[9.766483768947438,35.911950113246114],[9.768280399515676,35.911950113246114],[9.768280399515676,35.911051797961996],[9.771873660652155,35.911051797961996],[9.771873660652155,35.91374674381435],[9.768280399515676,35.91374674381435]]]},"id":"+10877+39978","properties":{"count":22,"zone_degradee":1}},{"type":"Feature","geometry":{"geodesic":false,"type":"Polygon","coordinates":[[[9.78175512877747,36.03412099188637],[9.78175512877747,36.03322267660225],[9.782653444061589,36.03322267660225],[9.782653444061589,36.03232436131813],[9.783551759345709,36.03232436131813],[9.783551759345709,36.03412099188637],[9.78175512877747,36.03412099188637]]]},"id":"+10890+40112","properties":{"count":3,"zone_degradee":1}},{"type":"Feature","geometry":{"geodesic":false,"type":"Polygon","coordinates":[[[9.782653444061589,35.54903073846182],[9.784450074629829,35.54903073846182],[9.784450074629829,35.55082736903007],[9.782653444061589,35.55082736903007],[9.782653444061589,35.54903073846182]]]},"id":"+10891+39574","properties":{"count":4,"zone_degradee":1}},{"type":"Feature","geometry":{"geodesic":false,"type":"Polygon","coordinates":[[[9.784450074629829,35.91374674381435],[9.784450074629829,35.91284842853023],[9.782653444061589,35.91284842853023],[9.782653444061589,35.911950113246114],[9.776365237072753,35.911950113246114],[9.776365237072753,35.911051797961996],[9.771873660652155,35.911051797961996],[9.771873660652155,35.91015348267787],[9.770975345368036,35.91015348267787],[9.770975345368036,35.90925516739375],[9.768280399515676,35.90925516739375],[9.768280399515676,35.908356852109634],[9.767382084231558,35.908356852109634],[9.767382084231558,35.9065602215414],[9.766483768947438,35.9065602215414],[9.766483768947438,35.904763590973154],[9.768280399515676,35.904763590973154],[9.768280399515676,35.903865275689036],[9.770077030083916,35.903865275689036],[9.770077030083916,35.90117032983668],[9.771873660652155,35.90117032983668],[9.771873660652155,35.900272014552556],[9.773670291220395,35.900272014552556],[9.773670291220395,35.90117032983668],[9.774568606504515,35.90117032983668],[9.774568606504515,35.903865275689036],[9.775466921788633,35.903865275689036],[9.775466921788633,35.904763590973154],[9.776365237072753,35.904763590973154],[9.776365237072753,35.90566190625728],[9.777263552356873,35.90566190625728],[9.777263552356873,35.904763590973154],[9.785348389913947,35.904763590973154],[9.785348389913947,35.90566190625728],[9.787145020482187,35.90566190625728],[9.787145020482187,35.9065602215414],[9.790738281618665,35.9065602215414],[9.790738281618665,35.907458536825516],[9.793433227471024,35.907458536825516],[9.793433227471024,35.908356852109634],[9.794331542755144,35.908356852109634],[9.794331542755144,35.90925516739375],[9.795229858039264,35.90925516739375],[9.795229858039264,35.911051797961996],[9.790738281618665,35.911051797961996],[9.790738281618665,35.91284842853023],[9.786246705198067,35.91284842853023],[9.786246705198067,35.91374674381435],[9.784450074629829,35.91374674381435]]]},"id":"+10893+39978","properties":{"count":232,"zone_degradee":1}},{"type":"Feature","geometry":{"geodesic":false,"type":"Polygon","coordinates":[[[9.784450074629829,35.683778031079754],[9.784450074629829,35.682879715795636],[9.785348389913947,35.682879715795636],[9.785348389913947,35.68198140051152],[9.787145020482187,35.68198140051152],[9.787145020482187,35.683778031079754],[9.784450074629829,35.683778031079754]]]},"id":"+10894+39722","properties":{"count":5,"zone_degradee":1}},{"type":"Feature","geometry":{"geodesic":false,"type":"Polygon","coordinates":[[[9.787145020482187,35.551725684314185],[9.788043335766307,35.551725684314185],[9.788043335766307,35.5526239995983],[9.787145020482187,35.5526239995983],[9.787145020482187,35.551725684314185]]]},"id":"+10895+39576","properties":{"count":1,"zone_degradee":1}},{"type":"Feature","geometry":{"geodesic":false,"type":"Polygon","coordinates":[[[9.787145020482187,35.67479487823856],[9.788043335766307,35.67479487823856],[9.788043335766307,35.675693193522676],[9.787145020482187,35.675693193522676],[9.787145020482187,35.67479487823856]]]},"id":"+10895+39713","properties":{"count":1,"zone_degradee":1}},{"type":"Feature","geometry":{"geodesic":false,"type":"Polygon","coordinates":[[[9.787145020482187,35.795169126310576],[9.788043335766307,35.795169126310576],[9.788043335766307,35.796067441594694],[9.787145020482187,35.796067441594694],[9.787145020482187,35.795169126310576]]]},"id":"+10895+39847","properties":{"count":1,"zone_degradee":1}},{"type":"Feature","geometry":{"geodesic":false,"type":"Polygon","coordinates":[[[9.789839966334545,36.016154686203976],[9.793433227471024,36.016154686203976],[9.793433227471024,36.01795131677222],[9.789839966334545,36.01795131677222],[9.789839966334545,36.016154686203976]]]},"id":"+10901+40094","properties":{"count":8,"zone_degradee":1}},{"type":"Feature","geometry":{"geodesic":false,"type":"Polygon","coordinates":[[[9.791636596902785,35.57777682755365],[9.791636596902785,35.57687851226953],[9.790738281618665,35.57687851226953],[9.790738281618665,35.575081881701294],[9.787145020482187,35.575081881701294],[9.787145020482187,35.574183566417176],[9.788941651050425,35.574183566417176],[9.788941651050425,35.57328525113305],[9.789839966334545,35.57328525113305],[9.789839966334545,35.57238693584893],[9.790738281618665,35.57238693584893],[9.790738281618665,35.571488620564814],[9.791636596902785,35.571488620564814],[9.791636596902785,35.57238693584893],[9.792534912186904,35.57238693584893],[9.792534912186904,35.571488620564814],[9.796128173323382,35.571488620564814],[9.796128173323382,35.57238693584893],[9.797026488607502,35.57238693584893],[9.797026488607502,35.574183566417176],[9.795229858039264,35.574183566417176],[9.795229858039264,35.57777682755365],[9.791636596902785,35.57777682755365]]]},"id":"+10903+39604","properties":{"count":45,"zone_degradee":1}},{"type":"Feature","geometry":{"geodesic":false,"type":"Polygon","coordinates":[[[9.795229858039264,35.80055901801529],[9.795229858039264,35.79786407216293],[9.797924803891622,35.79786407216293],[9.797924803891622,35.798762387447056],[9.796128173323382,35.798762387447056],[9.796128173323382,35.80055901801529],[9.795229858039264,35.80055901801529]]]},"id":"+10904+39852","properties":{"count":5,"zone_degradee":1}},{"type":"Feature","geometry":{"geodesic":false,"type":"Polygon","coordinates":[[[9.80061974974398,35.45380931834516],[9.802416380312218,35.45380931834516],[9.802416380312218,35.454707633629276],[9.80061974974398,35.454707633629276],[9.80061974974398,35.45380931834516]]]},"id":"+10911+39467","properties":{"count":2,"zone_degradee":1}},{"type":"Feature","geometry":{"geodesic":false,"type":"Polygon","coordinates":[[[9.803314695596338,35.566997044144216],[9.805111326164578,35.566997044144216],[9.805111326164578,35.56969198999658],[9.803314695596338,35.56969198999658],[9.803314695596338,35.566997044144216]]]},"id":"+10914+39595","properties":{"count":6,"zone_degradee":1}},{"type":"Feature","geometry":{"geodesic":false,"type":"Polygon","coordinates":[[[9.805111326164578,35.645150473862614],[9.806009641448696,35.645150473862614],[9.806009641448696,35.64694710443085],[9.805111326164578,35.64694710443085],[9.805111326164578,35.645150473862614]]]},"id":"+10915+39681","properties":{"count":2,"zone_degradee":1}},{"type":"Feature","geometry":{"geodesic":false,"type":"Polygon","coordinates":[[[9.805111326164578,35.79337249574233],[9.806009641448696,35.79337249574233],[9.806009641448696,35.795169126310576],[9.805111326164578,35.795169126310576],[9.805111326164578,35.79337249574233]]]},"id":"+10915+39846","properties":{"count":2,"zone_degradee":1}},{"type":"Feature","geometry":{"geodesic":false,"type":"Polygon","coordinates":[[[9.803314695596338,36.03681593773872],[9.806009641448696,36.03681593773872],[9.806009641448696,36.03861256830697],[9.803314695596338,36.03861256830697],[9.803314695596338,36.03681593773872]]]},"id":"+10915+40117","properties":{"count":6,"zone_degradee":1}},{"type":"Feature","geometry":{"geodesic":false,"type":"Polygon","coordinates":[[[9.806907956732816,35.59304818738368],[9.808704587301056,35.59304818738368],[9.808704587301056,35.59484481795192],[9.806907956732816,35.59484481795192],[9.806907956732816,35.59304818738368]]]},"id":"+10918+39623","properties":{"count":4,"zone_degradee":1}},{"type":"Feature","geometry":{"geodesic":false,"type":"Polygon","coordinates":[[[9.807806272016936,35.432249751526285],[9.807806272016936,35.43135143624217],[9.806907956732816,35.43135143624217],[9.806907956732816,35.42955480567393],[9.808704587301056,35.42955480567393],[9.808704587301056,35.42775817510569],[9.811399533153415,35.42775817510569],[9.811399533153415,35.42865649038981],[9.810501217869295,35.42865649038981],[9.810501217869295,35.42955480567393],[9.809602902585175,35.42955480567393],[9.809602902585175,35.43045312095805],[9.810501217869295,35.43045312095805],[9.810501217869295,35.432249751526285],[9.807806272016936,35.432249751526285]]]},"id":"+10920+39442","properties":{"count":15,"zone_degradee":1}},{"type":"Feature","geometry":{"geodesic":false,"type":"Polygon","coordinates":[[[9.810501217869295,35.567895359428334],[9.811399533153415,35.567895359428334],[9.811399533153415,35.56879367471245],[9.810501217869295,35.56879367471245],[9.810501217869295,35.567895359428334]]]},"id":"+10921+39594","properties":{"count":1,"zone_degradee":1}},{"type":"Feature","geometry":{"geodesic":false,"type":"Polygon","coordinates":[[[9.809602902585175,35.79696575687881],[9.811399533153415,35.79696575687881],[9.811399533153415,35.79786407216293],[9.809602902585175,35.79786407216293],[9.809602902585175,35.79696575687881]]]},"id":"+10921+39849","properties":{"count":2,"zone_degradee":1}},{"type":"Feature","geometry":{"geodesic":false,"type":"Polygon","coordinates":[[[9.812297848437534,35.59574313323604],[9.814094479005773,35.59574313323604],[9.814094479005773,35.59753976380428],[9.812297848437534,35.59753976380428],[9.812297848437534,35.59574313323604]]]},"id":"+10924+39626","properties":{"count":4,"zone_degradee":1}},{"type":"Feature","geometry":{"geodesic":false,"type":"Polygon","coordinates":[[[9.813196163721653,35.60472628607724],[9.813196163721653,35.60382797079312],[9.812297848437534,35.60382797079312],[9.812297848437534,35.602929655508994],[9.814094479005773,35.602929655508994],[9.814094479005773,35.60472628607724],[9.813196163721653,35.60472628607724]]]},"id":"+10924+39634","properties":{"count":3,"zone_degradee":1}},{"type":"Feature","geometry":{"geodesic":false,"type":"Polygon","coordinates":[[[9.815891109574013,35.799660702731174],[9.815891109574013,35.798762387447056],[9.814992794289893,35.798762387447056],[9.814992794289893,35.79786407216293],[9.815891109574013,35.79786407216293],[9.815891109574013,35.79696575687881],[9.81678942485813,35.79696575687881],[9.81678942485813,35.795169126310576],[9.81858605542637,35.795169126310576],[9.81858605542637,35.796067441594694],[9.819484370710489,35.796067441594694],[9.819484370710489,35.79696575687881],[9.822179316562849,35.79696575687881],[9.822179316562849,35.798762387447056],[9.819484370710489,35.798762387447056],[9.819484370710489,35.79786407216293],[9.81858605542637,35.79786407216293],[9.81858605542637,35.798762387447056],[9.81678942485813,35.798762387447056],[9.81678942485813,35.799660702731174],[9.815891109574013,35.799660702731174]]]},"id":"+10927+39851","properties":{"count":20,"zone_degradee":1}},{"type":"Feature","geometry":{"geodesic":false,"type":"Polygon","coordinates":[[[9.81858605542637,36.039510883591085],[9.819484370710489,36.039510883591085],[9.819484370710489,36.0404091988752],[9.81858605542637,36.0404091988752],[9.81858605542637,36.039510883591085]]]},"id":"+10930+40119","properties":{"count":1,"zone_degradee":1}},{"type":"Feature","geometry":{"geodesic":false,"type":"Polygon","coordinates":[[[9.822179316562849,35.64335384329438],[9.823975947131087,35.64335384329438],[9.823975947131087,35.644252158578496],[9.822179316562849,35.644252158578496],[9.822179316562849,35.64335384329438]]]},"id":"+10935+39678","properties":{"count":2,"zone_degradee":1}},{"type":"Feature","geometry":{"geodesic":false,"type":"Polygon","coordinates":[[[9.825772577699327,35.63616732102142],[9.826670892983445,35.63616732102142],[9.826670892983445,35.637065636305536],[9.825772577699327,35.637065636305536],[9.825772577699327,35.63616732102142]]]},"id":"+10938+39670","properties":{"count":1,"zone_degradee":1}},{"type":"Feature","geometry":{"geodesic":false,"type":"Polygon","coordinates":[[[9.823975947131087,35.598438079088396],[9.823975947131087,35.59753976380428],[9.825772577699327,35.59753976380428],[9.825772577699327,35.59664144852016],[9.827569208267565,35.59664144852016],[9.827569208267565,35.598438079088396],[9.823975947131087,35.598438079088396]]]},"id":"+10939+39627","properties":{"count":6,"zone_degradee":1}},{"type":"Feature","geometry":{"geodesic":false,"type":"Polygon","coordinates":[[[9.828467523551685,35.8328983682436],[9.829365838835805,35.8328983682436],[9.829365838835805,35.833796683527716],[9.828467523551685,35.833796683527716],[9.828467523551685,35.8328983682436]]]},"id":"+10941+39889","properties":{"count":1,"zone_degradee":1}},{"type":"Feature","geometry":{"geodesic":false,"type":"Polygon","coordinates":[[[9.827569208267565,35.91913663551907],[9.829365838835805,35.91913663551907],[9.829365838835805,35.92093326608731],[9.827569208267565,35.92093326608731],[9.827569208267565,35.91913663551907]]]},"id":"+10941+39986","properties":{"count":4,"zone_degradee":1}},{"type":"Feature","geometry":{"geodesic":false,"type":"Polygon","coordinates":[[[9.827569208267565,36.08801990893354],[9.827569208267565,36.0862232783653],[9.828467523551685,36.0862232783653],[9.828467523551685,36.08532496308118],[9.829365838835805,36.08532496308118],[9.829365838835805,36.08352833251294],[9.830264154119924,36.08352833251294],[9.830264154119924,36.08712159364942],[9.829365838835805,36.08712159364942],[9.829365838835805,36.08801990893354],[9.827569208267565,36.08801990893354]]]},"id":"+10941+40172","properties":{"count":9,"zone_degradee":1}},{"type":"Feature","geometry":{"geodesic":false,"type":"Polygon","coordinates":[[[9.830264154119924,35.58406503454249],[9.832959099972284,35.58406503454249],[9.832959099972284,35.58586166511073],[9.830264154119924,35.58586166511073],[9.830264154119924,35.58406503454249]]]},"id":"+10945+39613","properties":{"count":6,"zone_degradee":1}},{"type":"Feature","geometry":{"geodesic":false,"type":"Polygon","coordinates":[[[9.830264154119924,35.80235564858353],[9.830264154119924,35.80145733329941],[9.829365838835805,35.80145733329941],[9.829365838835805,35.80055901801529],[9.828467523551685,35.80055901801529],[9.828467523551685,35.799660702731174],[9.832060784688164,35.799660702731174],[9.832060784688164,35.80055901801529],[9.832959099972284,35.80055901801529],[9.832959099972284,35.80235564858353],[9.830264154119924,35.80235564858353]]]},"id":"+10945+39854","properties":{"count":11,"zone_degradee":1}},{"type":"Feature","geometry":{"geodesic":false,"type":"Polygon","coordinates":[[[9.832959099972284,35.443029534935725],[9.833857415256402,35.443029534935725],[9.833857415256402,35.44482616550396],[9.832959099972284,35.44482616550396],[9.832959099972284,35.443029534935725]]]},"id":"+10946+39456","properties":{"count":2,"zone_degradee":1}},{"type":"Feature","geometry":{"geodesic":false,"type":"Polygon","coordinates":[[[9.832959099972284,35.798762387447056],[9.832959099972284,35.79786407216293],[9.830264154119924,35.79786407216293],[9.830264154119924,35.79696575687881],[9.832060784688164,35.79696575687881],[9.832060784688164,35.796067441594694],[9.832959099972284,35.796067441594694],[9.832959099972284,35.79696575687881],[9.833857415256402,35.79696575687881],[9.833857415256402,35.798762387447056],[9.832959099972284,35.798762387447056]]]},"id":"+10946+39850","properties":{"count":6,"zone_degradee":1}},{"type":"Feature","geometry":{"geodesic":false,"type":"Polygon","coordinates":[[[9.834755730540522,35.92272989665555],[9.83655236110876,35.92272989665555],[9.83655236110876,35.92452652722378],[9.834755730540522,35.92452652722378],[9.834755730540522,35.92272989665555]]]},"id":"+10949+39990","properties":{"count":4,"zone_degradee":1}},{"type":"Feature","geometry":{"geodesic":false,"type":"Polygon","coordinates":[[[9.83655236110876,35.80505059443589],[9.83745067639288,35.80505059443589],[9.83745067639288,35.80594890972001],[9.83655236110876,35.80594890972001],[9.83655236110876,35.80505059443589]]]},"id":"+10950+39858","properties":{"count":1,"zone_degradee":1}},{"type":"Feature","geometry":{"geodesic":false,"type":"Polygon","coordinates":[[[9.83655236110876,35.869729294892494],[9.838348991677,35.869729294892494],[9.838348991677,35.87062761017661],[9.83655236110876,35.87062761017661],[9.83655236110876,35.869729294892494]]]},"id":"+10951+39930","properties":{"count":2,"zone_degradee":1}},{"type":"Feature","geometry":{"geodesic":false,"type":"Polygon","coordinates":[[[9.83745067639288,35.90925516739375],[9.83745067639288,35.908356852109634],[9.838348991677,35.908356852109634],[9.838348991677,35.907458536825516],[9.840145622245238,35.907458536825516],[9.840145622245238,35.90925516739375],[9.83745067639288,35.90925516739375]]]},"id":"+10953+39973","properties":{"count":5,"zone_degradee":1}},{"type":"Feature","geometry":{"geodesic":false,"type":"Polygon","coordinates":[[[9.838348991677,35.613709438918434],[9.841043937529358,35.613709438918434],[9.841043937529358,35.61460775420255],[9.838348991677,35.61460775420255],[9.838348991677,35.613709438918434]]]},"id":"+10954+39645","properties":{"count":3,"zone_degradee":1}},{"type":"Feature","geometry":{"geodesic":false,"type":"Polygon","coordinates":[[[9.83924730696112,35.83649162938007],[9.841043937529358,35.83649162938007],[9.841043937529358,35.838288259948314],[9.83924730696112,35.838288259948314],[9.83924730696112,35.83649162938007]]]},"id":"+10954+39894","properties":{"count":4,"zone_degradee":1}},{"type":"Feature","geometry":{"geodesic":false,"type":"Polygon","coordinates":[[[9.840145622245238,35.92901810364438],[9.841942252813478,35.92901810364438],[9.841942252813478,35.9299164189285],[9.840145622245238,35.9299164189285],[9.840145622245238,35.92901810364438]]]},"id":"+10955+39996","properties":{"count":2,"zone_degradee":1}},{"type":"Feature","geometry":{"geodesic":false,"type":"Polygon","coordinates":[[[9.83924730696112,35.583166719258365],[9.83924730696112,35.58137008869013],[9.840145622245238,35.58137008869013],[9.840145622245238,35.58047177340601],[9.841043937529358,35.58047177340601],[9.841043937529358,35.57867514283777],[9.845535513949956,35.57867514283777],[9.845535513949956,35.58047177340601],[9.844637198665836,35.58047177340601],[9.844637198665836,35.58137008869013],[9.843738883381716,35.58137008869013],[9.843738883381716,35.58226840397425],[9.842840568097598,35.58226840397425],[9.842840568097598,35.583166719258365],[9.83924730696112,35.583166719258365]]]},"id":"+10956+39610","properties":{"count":24,"zone_degradee":1}},{"type":"Feature","geometry":{"geodesic":false,"type":"Polygon","coordinates":[[[9.841942252813478,35.9299164189285],[9.842840568097598,35.9299164189285],[9.842840568097598,35.930814734212625],[9.841942252813478,35.930814734212625],[9.841942252813478,35.9299164189285]]]},"id":"+10956+39997","properties":{"count":1,"zone_degradee":1}},{"type":"Feature","geometry":{"geodesic":false,"type":"Polygon","coordinates":[[[9.841942252813478,35.57598019698541],[9.841942252813478,35.575081881701294],[9.841043937529358,35.575081881701294],[9.841043937529358,35.57328525113305],[9.841942252813478,35.57328525113305],[9.841942252813478,35.571488620564814],[9.842840568097598,35.571488620564814],[9.842840568097598,35.570590305280696],[9.844637198665836,35.570590305280696],[9.844637198665836,35.574183566417176],[9.843738883381716,35.574183566417176],[9.843738883381716,35.57598019698541],[9.841942252813478,35.57598019698541]]]},"id":"+10957+39602","properties":{"count":17,"zone_degradee":1}},{"type":"Feature","geometry":{"geodesic":false,"type":"Polygon","coordinates":[[[9.842840568097598,35.82211858483416],[9.843738883381716,35.82211858483416],[9.843738883381716,35.82301690011828],[9.842840568097598,35.82301690011828],[9.842840568097598,35.82211858483416]]]},"id":"+10957+39877","properties":{"count":1,"zone_degradee":1}},{"type":"Feature","geometry":{"geodesic":false,"type":"Polygon","coordinates":[[[9.843738883381716,35.82301690011828],[9.844637198665836,35.82301690011828],[9.844637198665836,35.8239152154024],[9.843738883381716,35.8239152154024],[9.843738883381716,35.82301690011828]]]},"id":"+10958+39878","properties":{"count":1,"zone_degradee":1}},{"type":"Feature","geometry":{"geodesic":false,"type":"Polygon","coordinates":[[[9.846433829234076,35.613709438918434],[9.847332144518194,35.613709438918434],[9.847332144518194,35.61460775420255],[9.846433829234076,35.61460775420255],[9.846433829234076,35.613709438918434]]]},"id":"+10961+39645","properties":{"count":1,"zone_degradee":1}},{"type":"Feature","geometry":{"geodesic":false,"type":"Polygon","coordinates":[[[9.846433829234076,35.80055901801529],[9.846433829234076,35.799660702731174],[9.844637198665836,35.799660702731174],[9.844637198665836,35.798762387447056],[9.847332144518194,35.798762387447056],[9.847332144518194,35.80055901801529],[9.846433829234076,35.80055901801529]]]},"id":"+10961+39852","properties":{"count":4,"zone_degradee":1}},{"type":"Feature","geometry":{"geodesic":false,"type":"Polygon","coordinates":[[[9.847332144518194,35.752948307956956],[9.848230459802314,35.752948307956956],[9.848230459802314,35.753846623241074],[9.847332144518194,35.753846623241074],[9.847332144518194,35.752948307956956]]]},"id":"+10962+39800","properties":{"count":1,"zone_degradee":1}},{"type":"Feature","geometry":{"geodesic":false,"type":"Polygon","coordinates":[[[9.849128775086434,35.94518777875854],[9.850027090370554,35.94518777875854],[9.850027090370554,35.946086094042656],[9.849128775086434,35.946086094042656],[9.849128775086434,35.94518777875854]]]},"id":"+10964+40014","properties":{"count":1,"zone_degradee":1}},{"type":"Feature","geometry":{"geodesic":false,"type":"Polygon","coordinates":[[[9.851823720938793,35.764626406650514],[9.852722036222913,35.764626406650514],[9.852722036222913,35.76552472193463],[9.851823720938793,35.76552472193463],[9.851823720938793,35.764626406650514]]]},"id":"+10967+39813","properties":{"count":1,"zone_degradee":1}},{"type":"Feature","geometry":{"geodesic":false,"type":"Polygon","coordinates":[[[9.85362035150703,35.93620462591734],[9.85451866679115,35.93620462591734],[9.85451866679115,35.93710294120146],[9.85362035150703,35.93710294120146],[9.85362035150703,35.93620462591734]]]},"id":"+10969+40004","properties":{"count":1,"zone_degradee":1}},{"type":"Feature","geometry":{"geodesic":false,"type":"Polygon","coordinates":[[[9.85451866679115,35.91913663551907],[9.85451866679115,35.91734000495083],[9.85631529735939,35.91734000495083],[9.85631529735939,35.91823832023495],[9.85541698207527,35.91823832023495],[9.85541698207527,35.91913663551907],[9.85451866679115,35.91913663551907]]]},"id":"+10970+39984","properties":{"count":3,"zone_degradee":1}},{"type":"Feature","geometry":{"geodesic":false,"type":"Polygon","coordinates":[[[9.85362035150703,35.920034950803185],[9.85541698207527,35.920034950803185],[9.85541698207527,35.92093326608731],[9.85362035150703,35.92093326608731],[9.85362035150703,35.920034950803185]]]},"id":"+10970+39986","properties":{"count":2,"zone_degradee":1}},{"type":"Feature","geometry":{"geodesic":false,"type":"Polygon","coordinates":[[[9.85451866679115,35.962255769156805],[9.85541698207527,35.962255769156805],[9.85541698207527,35.96315408444092],[9.85451866679115,35.96315408444092],[9.85451866679115,35.962255769156805]]]},"id":"+10970+40033","properties":{"count":1,"zone_degradee":1}},{"type":"Feature","geometry":{"geodesic":false,"type":"Polygon","coordinates":[[[9.85541698207527,35.6352690057373],[9.85631529735939,35.6352690057373],[9.85631529735939,35.63616732102142],[9.85541698207527,35.63616732102142],[9.85541698207527,35.6352690057373]]]},"id":"+10971+39669","properties":{"count":1,"zone_degradee":1}},{"type":"Feature","geometry":{"geodesic":false,"type":"Polygon","coordinates":[[[9.858111927927629,35.57598019698541],[9.859010243211749,35.57598019698541],[9.859010243211749,35.57687851226953],[9.858111927927629,35.57687851226953],[9.858111927927629,35.57598019698541]]]},"id":"+10974+39603","properties":{"count":1,"zone_degradee":1}},{"type":"Feature","geometry":{"geodesic":false,"type":"Polygon","coordinates":[[[9.858111927927629,35.764626406650514],[9.859010243211749,35.764626406650514],[9.859010243211749,35.76552472193463],[9.858111927927629,35.76552472193463],[9.858111927927629,35.764626406650514]]]},"id":"+10974+39813","properties":{"count":1,"zone_degradee":1}},{"type":"Feature","geometry":{"geodesic":false,"type":"Polygon","coordinates":[[[9.859010243211749,35.60472628607724],[9.859908558495869,35.60472628607724],[9.859908558495869,35.605624601361356],[9.859010243211749,35.605624601361356],[9.859010243211749,35.60472628607724]]]},"id":"+10975+39635","properties":{"count":1,"zone_degradee":1}},{"type":"Feature","geometry":{"geodesic":false,"type":"Polygon","coordinates":[[[9.859010243211749,35.85894951148306],[9.860806873779987,35.85894951148306],[9.860806873779987,35.86254277261954],[9.859010243211749,35.86254277261954],[9.859010243211749,35.85894951148306]]]},"id":"+10976+39921","properties":{"count":8,"zone_degradee":1}},{"type":"Feature","geometry":{"geodesic":false,"type":"Polygon","coordinates":[[[9.859010243211749,35.930814734212625],[9.859010243211749,35.92811978836026],[9.859908558495869,35.92811978836026],[9.859908558495869,35.927221473076145],[9.861705189064107,35.927221473076145],[9.861705189064107,35.9299164189285],[9.860806873779987,35.9299164189285],[9.860806873779987,35.930814734212625],[9.859010243211749,35.930814734212625]]]},"id":"+10976+39997","properties":{"count":10,"zone_degradee":1}},{"type":"Feature","geometry":{"geodesic":false,"type":"Polygon","coordinates":[[[9.861705189064107,35.942492832906176],[9.861705189064107,35.94159451762206],[9.860806873779987,35.94159451762206],[9.860806873779987,35.93979788705382],[9.864400134916465,35.93979788705382],[9.864400134916465,35.94069620233794],[9.863501819632347,35.94069620233794],[9.863501819632347,35.942492832906176],[9.861705189064107,35.942492832906176]]]},"id":"+10979+40010","properties":{"count":9,"zone_degradee":1}},{"type":"Feature","geometry":{"geodesic":false,"type":"Polygon","coordinates":[[[9.862603504348227,35.946086094042656],[9.862603504348227,35.94518777875854],[9.861705189064107,35.94518777875854],[9.861705189064107,35.94428946347441],[9.864400134916465,35.94428946347441],[9.864400134916465,35.946086094042656],[9.862603504348227,35.946086094042656]]]},"id":"+10980+40014","properties":{"count":5,"zone_degradee":1}},{"type":"Feature","geometry":{"geodesic":false,"type":"Polygon","coordinates":[[[9.863501819632347,35.79337249574233],[9.863501819632347,35.792474180458214],[9.860806873779987,35.792474180458214],[9.860806873779987,35.791575865174096],[9.864400134916465,35.791575865174096],[9.864400134916465,35.792474180458214],[9.865298450200585,35.792474180458214],[9.865298450200585,35.79337249574233],[9.863501819632347,35.79337249574233]]]},"id":"+10981+39844","properties":{"count":6,"zone_degradee":1}},{"type":"Feature","geometry":{"geodesic":false,"type":"Polygon","coordinates":[[[9.864400134916465,35.89398380756372],[9.865298450200585,35.89398380756372],[9.865298450200585,35.89488212284784],[9.864400134916465,35.89488212284784],[9.864400134916465,35.89398380756372]]]},"id":"+10981+39957","properties":{"count":1,"zone_degradee":1}},{"type":"Feature","geometry":{"geodesic":false,"type":"Polygon","coordinates":[[[9.867095080768825,35.861644457335416],[9.867993396052944,35.861644457335416],[9.867993396052944,35.86433940318778],[9.867095080768825,35.86433940318778],[9.867095080768825,35.861644457335416]]]},"id":"+10984+39923","properties":{"count":3,"zone_degradee":1}},{"type":"Feature","geometry":{"geodesic":false,"type":"Polygon","coordinates":[[[9.866196765484705,35.61550606948667],[9.868891711337064,35.61550606948667],[9.868891711337064,35.61640438477079],[9.866196765484705,35.61640438477079],[9.866196765484705,35.61550606948667]]]},"id":"+10985+39647","properties":{"count":3,"zone_degradee":1}},{"type":"Feature","geometry":{"geodesic":false,"type":"Polygon","coordinates":[[[9.868891711337064,35.59753976380428],[9.870688341905304,35.59753976380428],[9.870688341905304,35.598438079088396],[9.868891711337064,35.598438079088396],[9.868891711337064,35.59753976380428]]]},"id":"+10987+39627","properties":{"count":2,"zone_degradee":1}},{"type":"Feature","geometry":{"geodesic":false,"type":"Polygon","coordinates":[[[9.870688341905304,35.798762387447056],[9.871586657189422,35.798762387447056],[9.871586657189422,35.799660702731174],[9.870688341905304,35.799660702731174],[9.870688341905304,35.798762387447056]]]},"id":"+10988+39851","properties":{"count":1,"zone_degradee":1}},{"type":"Feature","geometry":{"geodesic":false,"type":"Polygon","coordinates":[[[9.870688341905304,35.90296696040492],[9.871586657189422,35.90296696040492],[9.871586657189422,35.903865275689036],[9.870688341905304,35.903865275689036],[9.870688341905304,35.90296696040492]]]},"id":"+10988+39967","properties":{"count":1,"zone_degradee":1}},{"type":"Feature","geometry":{"geodesic":false,"type":"Polygon","coordinates":[[[9.871586657189422,35.799660702731174],[9.872484972473542,35.799660702731174],[9.872484972473542,35.80055901801529],[9.871586657189422,35.80055901801529],[9.871586657189422,35.799660702731174]]]},"id":"+10989+39852","properties":{"count":1,"zone_degradee":1}},{"type":"Feature","geometry":{"geodesic":false,"type":"Polygon","coordinates":[[[9.871586657189422,35.903865275689036],[9.872484972473542,35.903865275689036],[9.872484972473542,35.904763590973154],[9.871586657189422,35.904763590973154],[9.871586657189422,35.903865275689036]]]},"id":"+10989+39968","properties":{"count":1,"zone_degradee":1}},{"type":"Feature","geometry":{"geodesic":false,"type":"Polygon","coordinates":[[[9.870688341905304,35.791575865174096],[9.873383287757662,35.791575865174096],[9.873383287757662,35.79337249574233],[9.870688341905304,35.79337249574233],[9.870688341905304,35.791575865174096]]]},"id":"+10990+39844","properties":{"count":6,"zone_degradee":1}},{"type":"Feature","geometry":{"geodesic":false,"type":"Polygon","coordinates":[[[9.872484972473542,35.82301690011828],[9.872484972473542,35.82211858483416],[9.871586657189422,35.82211858483416],[9.871586657189422,35.82122026955004],[9.873383287757662,35.82122026955004],[9.873383287757662,35.82301690011828],[9.872484972473542,35.82301690011828]]]},"id":"+10990+39877","properties":{"count":3,"zone_degradee":1}},{"type":"Feature","geometry":{"geodesic":false,"type":"Polygon","coordinates":[[[9.872484972473542,35.83649162938007],[9.873383287757662,35.83649162938007],[9.873383287757662,35.837389944664196],[9.872484972473542,35.837389944664196],[9.872484972473542,35.83649162938007]]]},"id":"+10990+39893","properties":{"count":1,"zone_degradee":1}},{"type":"Feature","geometry":{"geodesic":false,"type":"Polygon","coordinates":[[[9.873383287757662,35.82032195426592],[9.87428160304178,35.82032195426592],[9.87428160304178,35.82122026955004],[9.873383287757662,35.82122026955004],[9.873383287757662,35.82032195426592]]]},"id":"+10991+39875","properties":{"count":1,"zone_degradee":1}},{"type":"Feature","geometry":{"geodesic":false,"type":"Polygon","coordinates":[[[9.873383287757662,35.745761785684],[9.8751799183259,35.745761785684],[9.8751799183259,35.74755841625224],[9.873383287757662,35.74755841625224],[9.873383287757662,35.745761785684]]]},"id":"+10992+39793","properties":{"count":4,"zone_degradee":1}},{"type":"Feature","geometry":{"geodesic":false,"type":"Polygon","coordinates":[[[9.87428160304178,35.79696575687881],[9.87607823361002,35.79696575687881],[9.87607823361002,35.798762387447056],[9.87428160304178,35.798762387447056],[9.87428160304178,35.79696575687881]]]},"id":"+10993+39850","properties":{"count":4,"zone_degradee":1}},{"type":"Feature","geometry":{"geodesic":false,"type":"Polygon","coordinates":[[[9.8751799183259,35.82122026955004],[9.8751799183259,35.82032195426592],[9.87428160304178,35.82032195426592],[9.87428160304178,35.818525323697685],[9.87607823361002,35.818525323697685],[9.87607823361002,35.82122026955004],[9.8751799183259,35.82122026955004]]]},"id":"+10993+39875","properties":{"count":5,"zone_degradee":1}},{"type":"Feature","geometry":{"geodesic":false,"type":"Polygon","coordinates":[[[9.87697654889414,35.74216852454752],[9.877874864178258,35.74216852454752],[9.877874864178258,35.74306683983164],[9.87697654889414,35.74306683983164],[9.87697654889414,35.74216852454752]]]},"id":"+10995+39788","properties":{"count":1,"zone_degradee":1}},{"type":"Feature","geometry":{"geodesic":false,"type":"Polygon","coordinates":[[[9.87697654889414,35.811338801424725],[9.87697654889414,35.81044048614061],[9.87607823361002,35.81044048614061],[9.87607823361002,35.80954217085649],[9.87428160304178,35.80954217085649],[9.87428160304178,35.80864385557237],[9.873383287757662,35.80864385557237],[9.873383287757662,35.807745540288245],[9.872484972473542,35.807745540288245],[9.872484972473542,35.80864385557237],[9.871586657189422,35.80864385557237],[9.871586657189422,35.80954217085649],[9.867993396052944,35.80954217085649],[9.867993396052944,35.80864385557237],[9.868891711337064,35.80864385557237],[9.868891711337064,35.807745540288245],[9.869790026621184,35.807745540288245],[9.869790026621184,35.80684722500413],[9.871586657189422,35.80684722500413],[9.871586657189422,35.80594890972001],[9.87428160304178,35.80594890972001],[9.87428160304178,35.80505059443589],[9.87697654889414,35.80505059443589],[9.87697654889414,35.80415227915177],[9.878773179462378,35.80415227915177],[9.878773179462378,35.803253963867654],[9.880569810030618,35.803253963867654],[9.880569810030618,35.80684722500413],[9.877874864178258,35.80684722500413],[9.877874864178258,35.807745540288245],[9.87697654889414,35.807745540288245],[9.87697654889414,35.80954217085649],[9.877874864178258,35.80954217085649],[9.877874864178258,35.811338801424725],[9.87697654889414,35.811338801424725]]]},"id":"+10995+39864","properties":{"count":50,"zone_degradee":1}},{"type":"Feature","geometry":{"geodesic":false,"type":"Polygon","coordinates":[[[9.877874864178258,35.741270209263405],[9.878773179462378,35.741270209263405],[9.878773179462378,35.74216852454752],[9.877874864178258,35.74216852454752],[9.877874864178258,35.741270209263405]]]},"id":"+10996+39787","properties":{"count":1,"zone_degradee":1}},{"type":"Feature","geometry":{"geodesic":false,"type":"Polygon","coordinates":[[[9.877874864178258,36.03412099188637],[9.878773179462378,36.03412099188637],[9.878773179462378,36.03501930717049],[9.877874864178258,36.03501930717049],[9.877874864178258,36.03412099188637]]]},"id":"+10996+40113","properties":{"count":1,"zone_degradee":1}},{"type":"Feature","geometry":{"geodesic":false,"type":"Polygon","coordinates":[[[9.878773179462378,35.73677863284281],[9.879671494746498,35.73677863284281],[9.879671494746498,35.74037189397929],[9.878773179462378,35.74037189397929],[9.878773179462378,35.73677863284281]]]},"id":"+10997+39785","properties":{"count":4,"zone_degradee":1}},{"type":"Feature","geometry":{"geodesic":false,"type":"Polygon","coordinates":[[[9.878773179462378,36.051188982284636],[9.878773179462378,36.04849403643228],[9.877874864178258,36.04849403643228],[9.877874864178258,36.04669740586404],[9.883264755882976,36.04669740586404],[9.883264755882976,36.0493923517164],[9.882366440598856,36.0493923517164],[9.882366440598856,36.04849403643228],[9.881468125314736,36.04849403643228],[9.881468125314736,36.0493923517164],[9.880569810030618,36.0493923517164],[9.880569810030618,36.05029066700052],[9.879671494746498,36.05029066700052],[9.879671494746498,36.051188982284636],[9.878773179462378,36.051188982284636]]]},"id":"+10997+40131","properties":{"count":19,"zone_degradee":1}},{"type":"Feature","geometry":{"geodesic":false,"type":"Polygon","coordinates":[[[9.879671494746498,35.598438079088396],[9.879671494746498,35.59753976380428],[9.880569810030618,35.59753976380428],[9.880569810030618,35.59574313323604],[9.881468125314736,35.59574313323604],[9.881468125314736,35.59484481795192],[9.883264755882976,35.59484481795192],[9.883264755882976,35.59664144852016],[9.882366440598856,35.59664144852016],[9.882366440598856,35.59753976380428],[9.881468125314736,35.59753976380428],[9.881468125314736,35.598438079088396],[9.879671494746498,35.598438079088396]]]},"id":"+10999+39627","properties":{"count":9,"zone_degradee":1}},{"type":"Feature","geometry":{"geodesic":false,"type":"Polygon","coordinates":[[[9.882366440598856,35.606522916645474],[9.883264755882976,35.606522916645474],[9.883264755882976,35.60742123192959],[9.882366440598856,35.60742123192959],[9.882366440598856,35.606522916645474]]]},"id":"+11001+39637","properties":{"count":1,"zone_degradee":1}},{"type":"Feature","geometry":{"geodesic":false,"type":"Polygon","coordinates":[[[9.881468125314736,35.741270209263405],[9.883264755882976,35.741270209263405],[9.883264755882976,35.74306683983164],[9.881468125314736,35.74306683983164],[9.881468125314736,35.741270209263405]]]},"id":"+11001+39788","properties":{"count":4,"zone_degradee":1}},{"type":"Feature","geometry":{"geodesic":false,"type":"Polygon","coordinates":[[[9.882366440598856,35.43853795851513],[9.884163071167096,35.43853795851513],[9.884163071167096,35.439436273799245],[9.882366440598856,35.439436273799245],[9.882366440598856,35.43853795851513]]]},"id":"+11002+39450","properties":{"count":2,"zone_degradee":1}},{"type":"Feature","geometry":{"geodesic":false,"type":"Polygon","coordinates":[[[9.883264755882976,35.593946502667805],[9.884163071167096,35.593946502667805],[9.884163071167096,35.59484481795192],[9.883264755882976,35.59484481795192],[9.883264755882976,35.593946502667805]]]},"id":"+11002+39623","properties":{"count":1,"zone_degradee":1}},{"type":"Feature","geometry":{"geodesic":false,"type":"Polygon","coordinates":[[[9.883264755882976,35.79337249574233],[9.884163071167096,35.79337249574233],[9.884163071167096,35.79427081102646],[9.883264755882976,35.79427081102646],[9.883264755882976,35.79337249574233]]]},"id":"+11002+39845","properties":{"count":1,"zone_degradee":1}},{"type":"Feature","geometry":{"geodesic":false,"type":"Polygon","coordinates":[[[9.885061386451214,35.593946502667805],[9.885959701735334,35.593946502667805],[9.885959701735334,35.59484481795192],[9.885061386451214,35.59484481795192],[9.885061386451214,35.593946502667805]]]},"id":"+11004+39623","properties":{"count":1,"zone_degradee":1}},{"type":"Feature","geometry":{"geodesic":false,"type":"Polygon","coordinates":[[[9.885959701735334,35.59304818738368],[9.886858017019454,35.59304818738368],[9.886858017019454,35.593946502667805],[9.885959701735334,35.593946502667805],[9.885959701735334,35.59304818738368]]]},"id":"+11005+39622","properties":{"count":1,"zone_degradee":1}},{"type":"Feature","geometry":{"geodesic":false,"type":"Polygon","coordinates":[[[9.886858017019454,35.60023470965664],[9.887756332303574,35.60023470965664],[9.887756332303574,35.60113302494076],[9.886858017019454,35.60113302494076],[9.886858017019454,35.60023470965664]]]},"id":"+11006+39630","properties":{"count":1,"zone_degradee":1}},{"type":"Feature","geometry":{"geodesic":false,"type":"Polygon","coordinates":[[[9.887756332303574,35.6765915088068],[9.888654647587693,35.6765915088068],[9.888654647587693,35.67748982409092],[9.887756332303574,35.67748982409092],[9.887756332303574,35.6765915088068]]]},"id":"+11007+39715","properties":{"count":1,"zone_degradee":1}},{"type":"Feature","geometry":{"geodesic":false,"type":"Polygon","coordinates":[[[9.886858017019454,35.9344079953491],[9.886858017019454,35.93350968006498],[9.885061386451214,35.93350968006498],[9.885061386451214,35.93261136478086],[9.885959701735334,35.93261136478086],[9.885959701735334,35.930814734212625],[9.888654647587693,35.930814734212625],[9.888654647587693,35.93171304949674],[9.890451278155933,35.93171304949674],[9.890451278155933,35.93261136478086],[9.889552962871813,35.93261136478086],[9.889552962871813,35.93350968006498],[9.888654647587693,35.93350968006498],[9.888654647587693,35.9344079953491],[9.886858017019454,35.9344079953491]]]},"id":"+11007+40001","properties":{"count":15,"zone_degradee":1}},{"type":"Feature","geometry":{"geodesic":false,"type":"Polygon","coordinates":[[[9.887756332303574,35.44482616550396],[9.887756332303574,35.44392785021984],[9.886858017019454,35.44392785021984],[9.886858017019454,35.443029534935725],[9.888654647587693,35.443029534935725],[9.888654647587693,35.44392785021984],[9.889552962871813,35.44392785021984],[9.889552962871813,35.44482616550396],[9.887756332303574,35.44482616550396]]]},"id":"+11008+39456","properties":{"count":4,"zone_degradee":1}},{"type":"Feature","geometry":{"geodesic":false,"type":"Polygon","coordinates":[[[9.888654647587693,36.0493923517164],[9.889552962871813,36.0493923517164],[9.889552962871813,36.05029066700052],[9.888654647587693,36.05029066700052],[9.888654647587693,36.0493923517164]]]},"id":"+11008+40130","properties":{"count":1,"zone_degradee":1}},{"type":"Feature","geometry":{"geodesic":false,"type":"Polygon","coordinates":[[[9.888654647587693,36.058375504557596],[9.889552962871813,36.058375504557596],[9.889552962871813,36.059273819841714],[9.888654647587693,36.059273819841714],[9.888654647587693,36.058375504557596]]]},"id":"+11008+40140","properties":{"count":1,"zone_degradee":1}},{"type":"Feature","geometry":{"geodesic":false,"type":"Polygon","coordinates":[[[9.888654647587693,35.598438079088396],[9.890451278155933,35.598438079088396],[9.890451278155933,35.60023470965664],[9.888654647587693,35.60023470965664],[9.888654647587693,35.598438079088396]]]},"id":"+11009+39629","properties":{"count":4,"zone_degradee":1}},{"type":"Feature","geometry":{"geodesic":false,"type":"Polygon","coordinates":[[[9.889552962871813,35.610116177781954],[9.89134959344005,35.610116177781954],[9.89134959344005,35.61101449306607],[9.889552962871813,35.61101449306607],[9.889552962871813,35.610116177781954]]]},"id":"+11010+39641","properties":{"count":2,"zone_degradee":1}},{"type":"Feature","geometry":{"geodesic":false,"type":"Polygon","coordinates":[[[9.89134959344005,35.44033458908336],[9.89134959344005,35.439436273799245],[9.890451278155933,35.439436273799245],[9.890451278155933,35.437639643231],[9.89224790872417,35.437639643231],[9.89224790872417,35.44033458908336],[9.89134959344005,35.44033458908336]]]},"id":"+11011+39451","properties":{"count":5,"zone_degradee":1}},{"type":"Feature","geometry":{"geodesic":false,"type":"Polygon","coordinates":[[[9.89134959344005,35.62269259175962],[9.89224790872417,35.62269259175962],[9.89224790872417,35.62448922232787],[9.89134959344005,35.62448922232787],[9.89134959344005,35.62269259175962]]]},"id":"+11011+39656","properties":{"count":2,"zone_degradee":1}},{"type":"Feature","geometry":{"geodesic":false,"type":"Polygon","coordinates":[[[9.89134959344005,35.85266130449423],[9.89134959344005,35.85086467392598],[9.89224790872417,35.85086467392598],[9.89224790872417,35.8517629892101],[9.89314622400829,35.8517629892101],[9.89314622400829,35.85266130449423],[9.89134959344005,35.85266130449423]]]},"id":"+11012+39910","properties":{"count":3,"zone_degradee":1}},{"type":"Feature","geometry":{"geodesic":false,"type":"Polygon","coordinates":[[[9.89224790872417,35.59574313323604],[9.89224790872417,35.593946502667805],[9.89314622400829,35.593946502667805],[9.89314622400829,35.59304818738368],[9.89404453929241,35.59304818738368],[9.89404453929241,35.593946502667805],[9.894942854576529,35.593946502667805],[9.894942854576529,35.59484481795192],[9.89404453929241,35.59484481795192],[9.89404453929241,35.59574313323604],[9.89224790872417,35.59574313323604]]]},"id":"+11013+39624","properties":{"count":6,"zone_degradee":1}},{"type":"Feature","geometry":{"geodesic":false,"type":"Polygon","coordinates":[[[9.89314622400829,35.93620462591734],[9.89314622400829,35.93530631063322],[9.89224790872417,35.93530631063322],[9.89224790872417,35.93261136478086],[9.89314622400829,35.93261136478086],[9.89314622400829,35.93350968006498],[9.89404453929241,35.93350968006498],[9.89404453929241,35.93620462591734],[9.89314622400829,35.93620462591734]]]},"id":"+11013+40003","properties":{"count":6,"zone_degradee":1}},{"type":"Feature","geometry":{"geodesic":false,"type":"Polygon","coordinates":[[[9.89224790872417,36.01884963205634],[9.89404453929241,36.01884963205634],[9.89404453929241,36.019747947340456],[9.89224790872417,36.019747947340456],[9.89224790872417,36.01884963205634]]]},"id":"+11013+40096","properties":{"count":2,"zone_degradee":1}},{"type":"Feature","geometry":{"geodesic":false,"type":"Polygon","coordinates":[[[9.89404453929241,35.602929655508994],[9.894942854576529,35.602929655508994],[9.894942854576529,35.60382797079312],[9.89404453929241,35.60382797079312],[9.89404453929241,35.602929655508994]]]},"id":"+11014+39633","properties":{"count":1,"zone_degradee":1}},{"type":"Feature","geometry":{"geodesic":false,"type":"Polygon","coordinates":[[[9.89314622400829,35.89488212284784],[9.89314622400829,35.89398380756372],[9.89404453929241,35.89398380756372],[9.89404453929241,35.8930854922796],[9.894942854576529,35.8930854922796],[9.894942854576529,35.89488212284784],[9.89314622400829,35.89488212284784]]]},"id":"+11014+39957","properties":{"count":3,"zone_degradee":1}},{"type":"Feature","geometry":{"geodesic":false,"type":"Polygon","coordinates":[[[9.894942854576529,35.93171304949674],[9.894942854576529,35.9299164189285],[9.895841169860649,35.9299164189285],[9.895841169860649,35.930814734212625],[9.896739485144769,35.930814734212625],[9.896739485144769,35.93171304949674],[9.894942854576529,35.93171304949674]]]},"id":"+11016+39998","properties":{"count":3,"zone_degradee":1}},{"type":"Feature","geometry":{"geodesic":false,"type":"Polygon","coordinates":[[[9.895841169860649,35.9667473455774],[9.896739485144769,35.9667473455774],[9.896739485144769,35.96764566086152],[9.895841169860649,35.96764566086152],[9.895841169860649,35.9667473455774]]]},"id":"+11016+40038","properties":{"count":1,"zone_degradee":1}},{"type":"Feature","geometry":{"geodesic":false,"type":"Polygon","coordinates":[[[9.895841169860649,35.61191280835019],[9.895841169860649,35.610116177781954],[9.894942854576529,35.610116177781954],[9.894942854576529,35.609217862497836],[9.89404453929241,35.609217862497836],[9.89404453929241,35.60742123192959],[9.898536115713007,35.60742123192959],[9.898536115713007,35.610116177781954],[9.897637800428889,35.610116177781954],[9.897637800428889,35.61191280835019],[9.895841169860649,35.61191280835019]]]},"id":"+11017+39642","properties":{"count":18,"zone_degradee":1}},{"type":"Feature","geometry":{"geodesic":false,"type":"Polygon","coordinates":[[[9.896739485144769,35.87961076301781],[9.897637800428889,35.87961076301781],[9.897637800428889,35.88050907830193],[9.896739485144769,35.88050907830193],[9.896739485144769,35.87961076301781]]]},"id":"+11017+39941","properties":{"count":1,"zone_degradee":1}},{"type":"Feature","geometry":{"geodesic":false,"type":"Polygon","coordinates":[[[9.895841169860649,35.958662508020325],[9.895841169860649,35.95686587745209],[9.896739485144769,35.95686587745209],[9.896739485144769,35.95506924688385],[9.897637800428889,35.95506924688385],[9.897637800428889,35.95596756216797],[9.898536115713007,35.95596756216797],[9.898536115713007,35.95686587745209],[9.899434430997127,35.95686587745209],[9.899434430997127,35.95776419273621],[9.898536115713007,35.95776419273621],[9.898536115713007,35.958662508020325],[9.895841169860649,35.958662508020325]]]},"id":"+11018+40028","properties":{"count":10,"zone_degradee":1}},{"type":"Feature","geometry":{"geodesic":false,"type":"Polygon","coordinates":[[[9.898536115713007,35.61550606948667],[9.899434430997127,35.61550606948667],[9.899434430997127,35.61640438477079],[9.898536115713007,35.61640438477079],[9.898536115713007,35.61550606948667]]]},"id":"+11019+39647","properties":{"count":1,"zone_degradee":1}},{"type":"Feature","geometry":{"geodesic":false,"type":"Polygon","coordinates":[[[9.897637800428889,35.89128886171137],[9.899434430997127,35.89128886171137],[9.899434430997127,35.892187176995485],[9.897637800428889,35.892187176995485],[9.897637800428889,35.89128886171137]]]},"id":"+11019+39954","properties":{"count":2,"zone_degradee":1}},{"type":"Feature","geometry":{"geodesic":false,"type":"Polygon","coordinates":[[[9.897637800428889,35.930814734212625],[9.899434430997127,35.930814734212625],[9.899434430997127,35.93171304949674],[9.897637800428889,35.93171304949674],[9.897637800428889,35.930814734212625]]]},"id":"+11019+39998","properties":{"count":2,"zone_degradee":1}},{"type":"Feature","geometry":{"geodesic":false,"type":"Polygon","coordinates":[[[9.899434430997127,35.61460775420255],[9.900332746281247,35.61460775420255],[9.900332746281247,35.61550606948667],[9.899434430997127,35.61550606948667],[9.899434430997127,35.61460775420255]]]},"id":"+11020+39646","properties":{"count":1,"zone_degradee":1}},{"type":"Feature","geometry":{"geodesic":false,"type":"Polygon","coordinates":[[[9.900332746281247,35.908356852109634],[9.901231061565367,35.908356852109634],[9.901231061565367,35.91015348267787],[9.900332746281247,35.91015348267787],[9.900332746281247,35.908356852109634]]]},"id":"+11021+39974","properties":{"count":2,"zone_degradee":1}},{"type":"Feature","geometry":{"geodesic":false,"type":"Polygon","coordinates":[[[9.900332746281247,35.92632315779203],[9.901231061565367,35.92632315779203],[9.901231061565367,35.927221473076145],[9.900332746281247,35.927221473076145],[9.900332746281247,35.92632315779203]]]},"id":"+11021+39993","properties":{"count":1,"zone_degradee":1}},{"type":"Feature","geometry":{"geodesic":false,"type":"Polygon","coordinates":[[[9.897637800428889,35.59664144852016],[9.897637800428889,35.59574313323604],[9.896739485144769,35.59574313323604],[9.896739485144769,35.593946502667805],[9.897637800428889,35.593946502667805],[9.897637800428889,35.59304818738368],[9.903926007417725,35.59304818738368],[9.903926007417725,35.59574313323604],[9.902129376849485,35.59574313323604],[9.902129376849485,35.59664144852016],[9.897637800428889,35.59664144852016]]]},"id":"+11022+39625","properties":{"count":28,"zone_degradee":1}},{"type":"Feature","geometry":{"geodesic":false,"type":"Polygon","coordinates":[[[9.900332746281247,35.89667875341608],[9.902129376849485,35.89667875341608],[9.902129376849485,35.900272014552556],[9.900332746281247,35.900272014552556],[9.900332746281247,35.89667875341608]]]},"id":"+11022+39963","properties":{"count":8,"zone_degradee":1}},{"type":"Feature","geometry":{"geodesic":false,"type":"Polygon","coordinates":[[[9.901231061565367,35.92542484250791],[9.902129376849485,35.92542484250791],[9.902129376849485,35.92632315779203],[9.901231061565367,35.92632315779203],[9.901231061565367,35.92542484250791]]]},"id":"+11022+39992","properties":{"count":1,"zone_degradee":1}},{"type":"Feature","geometry":{"geodesic":false,"type":"Polygon","coordinates":[[[9.901231061565367,36.024239523761054],[9.903027692133605,36.024239523761054],[9.903027692133605,36.02603615432929],[9.901231061565367,36.02603615432929],[9.901231061565367,36.024239523761054]]]},"id":"+11023+40103","properties":{"count":4,"zone_degradee":1}},{"type":"Feature","geometry":{"geodesic":false,"type":"Polygon","coordinates":[[[9.901231061565367,35.84188152108479],[9.901231061565367,35.84098320580067],[9.902129376849485,35.84098320580067],[9.902129376849485,35.84008489051655],[9.903926007417725,35.84008489051655],[9.903926007417725,35.84188152108479],[9.901231061565367,35.84188152108479]]]},"id":"+11024+39898","properties":{"count":5,"zone_degradee":1}},{"type":"Feature","geometry":{"geodesic":false,"type":"Polygon","coordinates":[[[9.903926007417725,36.043104144727565],[9.903926007417725,36.042205829443446],[9.903027692133605,36.042205829443446],[9.903027692133605,36.04130751415932],[9.905722637985964,36.04130751415932],[9.905722637985964,36.042205829443446],[9.904824322701845,36.042205829443446],[9.904824322701845,36.043104144727565],[9.903926007417725,36.043104144727565]]]},"id":"+11025+40122","properties":{"count":4,"zone_degradee":1}},{"type":"Feature","geometry":{"geodesic":false,"type":"Polygon","coordinates":[[[9.904824322701845,35.717914011876296],[9.905722637985964,35.717914011876296],[9.905722637985964,35.718812327160414],[9.904824322701845,35.718812327160414],[9.904824322701845,35.717914011876296]]]},"id":"+11026+39761","properties":{"count":1,"zone_degradee":1}},{"type":"Feature","geometry":{"geodesic":false,"type":"Polygon","coordinates":[[[9.904824322701845,35.950577670463254],[9.905722637985964,35.950577670463254],[9.905722637985964,35.95147598574737],[9.904824322701845,35.95147598574737],[9.904824322701845,35.950577670463254]]]},"id":"+11026+40020","properties":{"count":1,"zone_degradee":1}},{"type":"Feature","geometry":{"geodesic":false,"type":"Polygon","coordinates":[[[9.904824322701845,35.91464505909847],[9.906620953270084,35.91464505909847],[9.906620953270084,35.91644168966671],[9.904824322701845,35.91644168966671],[9.904824322701845,35.91464505909847]]]},"id":"+11027+39981","properties":{"count":4,"zone_degradee":1}},{"type":"Feature","geometry":{"geodesic":false,"type":"Polygon","coordinates":[[[9.905722637985964,35.92093326608731],[9.906620953270084,35.92093326608731],[9.906620953270084,35.92183158137143],[9.905722637985964,35.92183158137143],[9.905722637985964,35.92093326608731]]]},"id":"+11027+39987","properties":{"count":1,"zone_degradee":1}},{"type":"Feature","geometry":{"geodesic":false,"type":"Polygon","coordinates":[[[9.906620953270084,35.92183158137143],[9.907519268554204,35.92183158137143],[9.907519268554204,35.92272989665555],[9.906620953270084,35.92272989665555],[9.906620953270084,35.92183158137143]]]},"id":"+11028+39988","properties":{"count":1,"zone_degradee":1}},{"type":"Feature","geometry":{"geodesic":false,"type":"Polygon","coordinates":[[[9.906620953270084,35.888593915859005],[9.908417583838322,35.888593915859005],[9.908417583838322,35.89039054642724],[9.906620953270084,35.89039054642724],[9.906620953270084,35.888593915859005]]]},"id":"+11029+39952","properties":{"count":4,"zone_degradee":1}},{"type":"Feature","geometry":{"geodesic":false,"type":"Polygon","coordinates":[[[9.908417583838322,35.555318945450665],[9.909315899122442,35.555318945450665],[9.909315899122442,35.55621726073478],[9.908417583838322,35.55621726073478],[9.908417583838322,35.555318945450665]]]},"id":"+11030+39580","properties":{"count":1,"zone_degradee":1}},{"type":"Feature","geometry":{"geodesic":false,"type":"Polygon","coordinates":[[[9.906620953270084,35.61460775420255],[9.906620953270084,35.61101449306607],[9.908417583838322,35.61101449306607],[9.908417583838322,35.613709438918434],[9.909315899122442,35.613709438918434],[9.909315899122442,35.61460775420255],[9.906620953270084,35.61460775420255]]]},"id":"+11030+39645","properties":{"count":9,"zone_degradee":1}},{"type":"Feature","geometry":{"geodesic":false,"type":"Polygon","coordinates":[[[9.908417583838322,35.930814734212625],[9.909315899122442,35.930814734212625],[9.909315899122442,35.93261136478086],[9.908417583838322,35.93261136478086],[9.908417583838322,35.930814734212625]]]},"id":"+11030+39999","properties":{"count":2,"zone_degradee":1}},{"type":"Feature","geometry":{"geodesic":false,"type":"Polygon","coordinates":[[[9.909315899122442,35.81403374727709],[9.910214214406562,35.81403374727709],[9.910214214406562,35.814932062561205],[9.909315899122442,35.814932062561205],[9.909315899122442,35.81403374727709]]]},"id":"+11031+39868","properties":{"count":1,"zone_degradee":1}},{"type":"Feature","geometry":{"geodesic":false,"type":"Polygon","coordinates":[[[9.909315899122442,35.644252158578496],[9.911112529690682,35.644252158578496],[9.911112529690682,35.645150473862614],[9.909315899122442,35.645150473862614],[9.909315899122442,35.644252158578496]]]},"id":"+11032+39679","properties":{"count":2,"zone_degradee":1}},{"type":"Feature","geometry":{"geodesic":false,"type":"Polygon","coordinates":[[[9.910214214406562,35.66940498653384],[9.911112529690682,35.66940498653384],[9.911112529690682,35.67030330181796],[9.910214214406562,35.67030330181796],[9.910214214406562,35.66940498653384]]]},"id":"+11032+39707","properties":{"count":1,"zone_degradee":1}},{"type":"Feature","geometry":{"geodesic":false,"type":"Polygon","coordinates":[[[9.909315899122442,35.92183158137143],[9.911112529690682,35.92183158137143],[9.911112529690682,35.92272989665555],[9.909315899122442,35.92272989665555],[9.909315899122442,35.92183158137143]]]},"id":"+11032+39988","properties":{"count":2,"zone_degradee":1}},{"type":"Feature","geometry":{"geodesic":false,"type":"Polygon","coordinates":[[[9.911112529690682,35.80594890972001],[9.9120108449748,35.80594890972001],[9.9120108449748,35.80684722500413],[9.911112529690682,35.80684722500413],[9.911112529690682,35.80594890972001]]]},"id":"+11033+39859","properties":{"count":1,"zone_degradee":1}},{"type":"Feature","geometry":{"geodesic":false,"type":"Polygon","coordinates":[[[9.9120108449748,35.58137008869013],[9.91290916025892,35.58137008869013],[9.91290916025892,35.58226840397425],[9.9120108449748,35.58226840397425],[9.9120108449748,35.58137008869013]]]},"id":"+11034+39609","properties":{"count":1,"zone_degradee":1}},{"type":"Feature","geometry":{"geodesic":false,"type":"Polygon","coordinates":[[[9.9120108449748,35.80505059443589],[9.91290916025892,35.80505059443589],[9.91290916025892,35.80594890972001],[9.9120108449748,35.80594890972001],[9.9120108449748,35.80505059443589]]]},"id":"+11034+39858","properties":{"count":1,"zone_degradee":1}},{"type":"Feature","geometry":{"geodesic":false,"type":"Polygon","coordinates":[[[9.9120108449748,35.625387537611985],[9.9120108449748,35.62359090704375],[9.91290916025892,35.62359090704375],[9.91290916025892,35.621794276475505],[9.915604106111278,35.621794276475505],[9.915604106111278,35.62359090704375],[9.91380747554304,35.62359090704375],[9.91380747554304,35.625387537611985],[9.9120108449748,35.625387537611985]]]},"id":"+11035+39657","properties":{"count":10,"zone_degradee":1}},{"type":"Feature","geometry":{"geodesic":false,"type":"Polygon","coordinates":[[[9.91290916025892,35.818525323697685],[9.91290916025892,35.814932062561205],[9.9120108449748,35.814932062561205],[9.9120108449748,35.81403374727709],[9.91290916025892,35.81403374727709],[9.91290916025892,35.81313543199297],[9.91380747554304,35.81313543199297],[9.91380747554304,35.81403374727709],[9.91470579082716,35.81403374727709],[9.91470579082716,35.814932062561205],[9.915604106111278,35.814932062561205],[9.915604106111278,35.81583037784532],[9.91470579082716,35.81583037784532],[9.91470579082716,35.81672869312944],[9.91380747554304,35.81672869312944],[9.91380747554304,35.818525323697685],[9.91290916025892,35.818525323697685]]]},"id":"+11035+39872","properties":{"count":11,"zone_degradee":1}},{"type":"Feature","geometry":{"geodesic":false,"type":"Polygon","coordinates":[[[9.9120108449748,35.82301690011828],[9.9120108449748,35.82211858483416],[9.911112529690682,35.82211858483416],[9.911112529690682,35.82122026955004],[9.91470579082716,35.82122026955004],[9.91470579082716,35.82211858483416],[9.91380747554304,35.82211858483416],[9.91380747554304,35.82301690011828],[9.9120108449748,35.82301690011828]]]},"id":"+11035+39877","properties":{"count":6,"zone_degradee":1}},{"type":"Feature","geometry":{"geodesic":false,"type":"Polygon","coordinates":[[[9.911112529690682,35.61730270005491],[9.911112529690682,35.61640438477079],[9.910214214406562,35.61640438477079],[9.910214214406562,35.61550606948667],[9.91290916025892,35.61550606948667],[9.91290916025892,35.61640438477079],[9.91380747554304,35.61640438477079],[9.91380747554304,35.61550606948667],[9.91470579082716,35.61550606948667],[9.91470579082716,35.61730270005491],[9.911112529690682,35.61730270005491]]]},"id":"+11036+39648","properties":{"count":8,"zone_degradee":1}},{"type":"Feature","geometry":{"geodesic":false,"type":"Polygon","coordinates":[[[9.91380747554304,35.675693193522676],[9.91470579082716,35.675693193522676],[9.91470579082716,35.6765915088068],[9.91380747554304,35.6765915088068],[9.91380747554304,35.675693193522676]]]},"id":"+11036+39714","properties":{"count":1,"zone_degradee":1}},{"type":"Feature","geometry":{"geodesic":false,"type":"Polygon","coordinates":[[[9.91380747554304,35.84188152108479],[9.91470579082716,35.84188152108479],[9.91470579082716,35.84277983636891],[9.91380747554304,35.84277983636891],[9.91380747554304,35.84188152108479]]]},"id":"+11036+39899","properties":{"count":1,"zone_degradee":1}},{"type":"Feature","geometry":{"geodesic":false,"type":"Polygon","coordinates":[[[9.91290916025892,35.92901810364438],[9.91290916025892,35.92811978836026],[9.9120108449748,35.92811978836026],[9.9120108449748,35.92632315779203],[9.91290916025892,35.92632315779203],[9.91290916025892,35.927221473076145],[9.91380747554304,35.927221473076145],[9.91380747554304,35.92811978836026],[9.91470579082716,35.92811978836026],[9.91470579082716,35.92901810364438],[9.91290916025892,35.92901810364438]]]},"id":"+11036+39995","properties":{"count":5,"zone_degradee":1}},{"type":"Feature","geometry":{"geodesic":false,"type":"Polygon","coordinates":[[[9.91470579082716,35.55352231488242],[9.915604106111278,35.55352231488242],[9.915604106111278,35.55442063016654],[9.91470579082716,35.55442063016654],[9.91470579082716,35.55352231488242]]]},"id":"+11037+39578","properties":{"count":1,"zone_degradee":1}},{"type":"Feature","geometry":{"geodesic":false,"type":"Polygon","coordinates":[[[9.91470579082716,35.72060895772866],[9.916502421395398,35.72060895772866],[9.916502421395398,35.721507273012776],[9.91470579082716,35.721507273012776],[9.91470579082716,35.72060895772866]]]},"id":"+11038+39764","properties":{"count":2,"zone_degradee":1}},{"type":"Feature","geometry":{"geodesic":false,"type":"Polygon","coordinates":[[[9.917400736679518,35.61460775420255],[9.918299051963638,35.61460775420255],[9.918299051963638,35.61550606948667],[9.917400736679518,35.61550606948667],[9.917400736679518,35.61460775420255]]]},"id":"+11040+39646","properties":{"count":1,"zone_degradee":1}},{"type":"Feature","geometry":{"geodesic":false,"type":"Polygon","coordinates":[[[9.915604106111278,35.61909933062315],[9.915604106111278,35.61820101533903],[9.916502421395398,35.61820101533903],[9.916502421395398,35.61550606948667],[9.917400736679518,35.61550606948667],[9.917400736679518,35.61640438477079],[9.918299051963638,35.61640438477079],[9.918299051963638,35.61909933062315],[9.915604106111278,35.61909933062315]]]},"id":"+11040+39650","properties":{"count":8,"zone_degradee":1}},{"type":"Feature","geometry":{"geodesic":false,"type":"Polygon","coordinates":[[[9.917400736679518,35.814932062561205],[9.918299051963638,35.814932062561205],[9.918299051963638,35.81583037784532],[9.917400736679518,35.81583037784532],[9.917400736679518,35.814932062561205]]]},"id":"+11040+39869","properties":{"count":1,"zone_degradee":1}},{"type":"Feature","geometry":{"geodesic":false,"type":"Polygon","coordinates":[[[9.918299051963638,35.84816972807363],[9.919197367247756,35.84816972807363],[9.919197367247756,35.849966358641865],[9.918299051963638,35.849966358641865],[9.918299051963638,35.84816972807363]]]},"id":"+11041+39907","properties":{"count":2,"zone_degradee":1}},{"type":"Feature","geometry":{"geodesic":false,"type":"Polygon","coordinates":[[[9.918299051963638,35.87422087131309],[9.919197367247756,35.87422087131309],[9.919197367247756,35.87511918659721],[9.918299051963638,35.87511918659721],[9.918299051963638,35.87422087131309]]]},"id":"+11041+39935","properties":{"count":1,"zone_degradee":1}},{"type":"Feature","geometry":{"geodesic":false,"type":"Polygon","coordinates":[[[9.918299051963638,35.32085865629547],[9.918299051963638,35.31906202572723],[9.919197367247756,35.31906202572723],[9.919197367247756,35.31816371044311],[9.920095682531876,35.31816371044311],[9.920095682531876,35.32085865629547],[9.918299051963638,35.32085865629547]]]},"id":"+11042+39318","properties":{"count":5,"zone_degradee":1}},{"type":"Feature","geometry":{"geodesic":false,"type":"Polygon","coordinates":[[[9.919197367247756,35.52118296465412],[9.920095682531876,35.52118296465412],[9.920095682531876,35.52208127993824],[9.919197367247756,35.52208127993824],[9.919197367247756,35.52118296465412]]]},"id":"+11042+39542","properties":{"count":1,"zone_degradee":1}},{"type":"Feature","geometry":{"geodesic":false,"type":"Polygon","coordinates":[[[9.918299051963638,35.613709438918434],[9.920095682531876,35.613709438918434],[9.920095682531876,35.61460775420255],[9.918299051963638,35.61460775420255],[9.918299051963638,35.613709438918434]]]},"id":"+11042+39645","properties":{"count":2,"zone_degradee":1}},{"type":"Feature","geometry":{"geodesic":false,"type":"Polygon","coordinates":[[[9.919197367247756,35.949679355179136],[9.920095682531876,35.949679355179136],[9.920095682531876,35.950577670463254],[9.919197367247756,35.950577670463254],[9.919197367247756,35.949679355179136]]]},"id":"+11042+40019","properties":{"count":1,"zone_degradee":1}},{"type":"Feature","geometry":{"geodesic":false,"type":"Polygon","coordinates":[[[9.920095682531876,35.52208127993824],[9.920993997815996,35.52208127993824],[9.920993997815996,35.52297959522236],[9.920095682531876,35.52297959522236],[9.920095682531876,35.52208127993824]]]},"id":"+11043+39543","properties":{"count":1,"zone_degradee":1}},{"type":"Feature","geometry":{"geodesic":false,"type":"Polygon","coordinates":[[[9.920095682531876,35.927221473076145],[9.920993997815996,35.927221473076145],[9.920993997815996,35.92811978836026],[9.920095682531876,35.92811978836026],[9.920095682531876,35.927221473076145]]]},"id":"+11043+39994","properties":{"count":1,"zone_degradee":1}},{"type":"Feature","geometry":{"geodesic":false,"type":"Polygon","coordinates":[[[9.920095682531876,35.66311677954501],[9.920095682531876,35.66221846426089],[9.919197367247756,35.66221846426089],[9.919197367247756,35.660421833692645],[9.920993997815996,35.660421833692645],[9.920993997815996,35.66132014897676],[9.921892313100116,35.66132014897676],[9.921892313100116,35.66311677954501],[9.920095682531876,35.66311677954501]]]},"id":"+11044+39699","properties":{"count":7,"zone_degradee":1}},{"type":"Feature","geometry":{"geodesic":false,"type":"Polygon","coordinates":[[[9.922790628384234,35.96764566086152],[9.923688943668354,35.96764566086152],[9.923688943668354,35.96854397614564],[9.922790628384234,35.96854397614564],[9.922790628384234,35.96764566086152]]]},"id":"+11046+40039","properties":{"count":1,"zone_degradee":1}},{"type":"Feature","geometry":{"geodesic":false,"type":"Polygon","coordinates":[[[9.923688943668354,35.44841942664044],[9.924587258952474,35.44841942664044],[9.924587258952474,35.44931774192456],[9.923688943668354,35.44931774192456],[9.923688943668354,35.44841942664044]]]},"id":"+11047+39461","properties":{"count":1,"zone_degradee":1}},{"type":"Feature","geometry":{"geodesic":false,"type":"Polygon","coordinates":[[[9.923688943668354,35.7044392826145],[9.924587258952474,35.7044392826145],[9.924587258952474,35.70533759789862],[9.923688943668354,35.70533759789862],[9.923688943668354,35.7044392826145]]]},"id":"+11047+39746","properties":{"count":1,"zone_degradee":1}},{"type":"Feature","geometry":{"geodesic":false,"type":"Polygon","coordinates":[[[9.927282204804833,35.586759980394845],[9.928180520088953,35.586759980394845],[9.928180520088953,35.58765829567896],[9.927282204804833,35.58765829567896],[9.927282204804833,35.586759980394845]]]},"id":"+11051+39615","properties":{"count":1,"zone_degradee":1}},{"type":"Feature","geometry":{"geodesic":false,"type":"Polygon","coordinates":[[[9.927282204804833,35.95506924688385],[9.92907883537307,35.95506924688385],[9.92907883537307,35.95596756216797],[9.927282204804833,35.95596756216797],[9.927282204804833,35.95506924688385]]]},"id":"+11052+40025","properties":{"count":2,"zone_degradee":1}},{"type":"Feature","geometry":{"geodesic":false,"type":"Polygon","coordinates":[[[9.92907883537307,35.90566190625728],[9.92997715065719,35.90566190625728],[9.92997715065719,35.907458536825516],[9.92907883537307,35.907458536825516],[9.92907883537307,35.90566190625728]]]},"id":"+11053+39971","properties":{"count":2,"zone_degradee":1}},{"type":"Feature","geometry":{"geodesic":false,"type":"Polygon","coordinates":[[[9.92907883537307,35.92811978836026],[9.92907883537307,35.92632315779203],[9.93087546594131,35.92632315779203],[9.93087546594131,35.927221473076145],[9.92997715065719,35.927221473076145],[9.92997715065719,35.92811978836026],[9.92907883537307,35.92811978836026]]]},"id":"+11053+39994","properties":{"count":3,"zone_degradee":1}},{"type":"Feature","geometry":{"geodesic":false,"type":"Polygon","coordinates":[[[9.92907883537307,35.93261136478086],[9.92997715065719,35.93261136478086],[9.92997715065719,35.9344079953491],[9.92907883537307,35.9344079953491],[9.92907883537307,35.93261136478086]]]},"id":"+11053+40001","properties":{"count":2,"zone_degradee":1}},{"type":"Feature","geometry":{"geodesic":false,"type":"Polygon","coordinates":[[[9.92997715065719,35.94518777875854],[9.93087546594131,35.94518777875854],[9.93087546594131,35.946984409326774],[9.92997715065719,35.946984409326774],[9.92997715065719,35.94518777875854]]]},"id":"+11054+40015","properties":{"count":2,"zone_degradee":1}},{"type":"Feature","geometry":{"geodesic":false,"type":"Polygon","coordinates":[[[9.93087546594131,35.5571155760189],[9.93177378122543,35.5571155760189],[9.93177378122543,35.55801389130302],[9.93087546594131,35.55801389130302],[9.93087546594131,35.5571155760189]]]},"id":"+11055+39582","properties":{"count":1,"zone_degradee":1}},{"type":"Feature","geometry":{"geodesic":false,"type":"Polygon","coordinates":[[[9.93177378122543,35.49603013669877],[9.932672096509549,35.49603013669877],[9.932672096509549,35.496928451982896],[9.93177378122543,35.496928451982896],[9.93177378122543,35.49603013669877]]]},"id":"+11056+39514","properties":{"count":1,"zone_degradee":1}},{"type":"Feature","geometry":{"geodesic":false,"type":"Polygon","coordinates":[[[9.93177378122543,35.84008489051655],[9.93177378122543,35.83918657523243],[9.92907883537307,35.83918657523243],[9.92907883537307,35.838288259948314],[9.932672096509549,35.838288259948314],[9.932672096509549,35.84008489051655],[9.93177378122543,35.84008489051655]]]},"id":"+11056+39896","properties":{"count":5,"zone_degradee":1}},{"type":"Feature","geometry":{"geodesic":false,"type":"Polygon","coordinates":[[[9.93177378122543,35.87781413244957],[9.932672096509549,35.87781413244957],[9.932672096509549,35.87871244773369],[9.93177378122543,35.87871244773369],[9.93177378122543,35.87781413244957]]]},"id":"+11056+39939","properties":{"count":1,"zone_degradee":1}},{"type":"Feature","geometry":{"geodesic":false,"type":"Polygon","coordinates":[[[9.93087546594131,35.91284842853023],[9.93087546594131,35.911051797961996],[9.933570411793669,35.911051797961996],[9.933570411793669,35.911950113246114],[9.932672096509549,35.911950113246114],[9.932672096509549,35.91284842853023],[9.93087546594131,35.91284842853023]]]},"id":"+11056+39977","properties":{"count":5,"zone_degradee":1}},{"type":"Feature","geometry":{"geodesic":false,"type":"Polygon","coordinates":[[[9.93087546594131,35.91913663551907],[9.93087546594131,35.91823832023495],[9.93177378122543,35.91823832023495],[9.93177378122543,35.91734000495083],[9.932672096509549,35.91734000495083],[9.932672096509549,35.91913663551907],[9.93087546594131,35.91913663551907]]]},"id":"+11056+39984","properties":{"count":3,"zone_degradee":1}},{"type":"Feature","geometry":{"geodesic":false,"type":"Polygon","coordinates":[[[9.932672096509549,35.46369078647047],[9.933570411793669,35.46369078647047],[9.933570411793669,35.46458910175459],[9.932672096509549,35.46458910175459],[9.932672096509549,35.46369078647047]]]},"id":"+11057+39478","properties":{"count":1,"zone_degradee":1}},{"type":"Feature","geometry":{"geodesic":false,"type":"Polygon","coordinates":[[[9.933570411793669,35.42865649038981],[9.934468727077789,35.42865649038981],[9.934468727077789,35.42955480567393],[9.933570411793669,35.42955480567393],[9.933570411793669,35.42865649038981]]]},"id":"+11058+39439","properties":{"count":1,"zone_degradee":1}},{"type":"Feature","geometry":{"geodesic":false,"type":"Polygon","coordinates":[[[9.93177378122543,35.563403783007736],[9.93177378122543,35.5616071524395],[9.936265357646027,35.5616071524395],[9.936265357646027,35.56250546772362],[9.934468727077789,35.56250546772362],[9.934468727077789,35.563403783007736],[9.93177378122543,35.563403783007736]]]},"id":"+11058+39588","properties":{"count":8,"zone_degradee":1}},{"type":"Feature","geometry":{"geodesic":false,"type":"Polygon","coordinates":[[[9.933570411793669,35.583166719258365],[9.934468727077789,35.583166719258365],[9.934468727077789,35.58406503454249],[9.933570411793669,35.58406503454249],[9.933570411793669,35.583166719258365]]]},"id":"+11058+39611","properties":{"count":1,"zone_degradee":1}},{"type":"Feature","geometry":{"geodesic":false,"type":"Polygon","coordinates":[[[9.933570411793669,35.81672869312944],[9.934468727077789,35.81672869312944],[9.934468727077789,35.81762700841356],[9.933570411793669,35.81762700841356],[9.933570411793669,35.81672869312944]]]},"id":"+11058+39871","properties":{"count":1,"zone_degradee":1}},{"type":"Feature","geometry":{"geodesic":false,"type":"Polygon","coordinates":[[[9.92907883537307,35.9020686451208],[9.934468727077789,35.9020686451208],[9.934468727077789,35.90296696040492],[9.92907883537307,35.90296696040492],[9.92907883537307,35.9020686451208]]]},"id":"+11058+39966","properties":{"count":6,"zone_degradee":1}},{"type":"Feature","geometry":{"geodesic":false,"type":"Polygon","coordinates":[[[9.933570411793669,35.927221473076145],[9.934468727077789,35.927221473076145],[9.934468727077789,35.92811978836026],[9.933570411793669,35.92811978836026],[9.933570411793669,35.927221473076145]]]},"id":"+11058+39994","properties":{"count":1,"zone_degradee":1}},{"type":"Feature","geometry":{"geodesic":false,"type":"Polygon","coordinates":[[[9.934468727077789,35.85984782676718],[9.935367042361909,35.85984782676718],[9.935367042361909,35.8607461420513],[9.934468727077789,35.8607461420513],[9.934468727077789,35.85984782676718]]]},"id":"+11059+39919","properties":{"count":1,"zone_degradee":1}},{"type":"Feature","geometry":{"geodesic":false,"type":"Polygon","coordinates":[[[9.934468727077789,35.92811978836026],[9.935367042361909,35.92811978836026],[9.935367042361909,35.92901810364438],[9.934468727077789,35.92901810364438],[9.934468727077789,35.92811978836026]]]},"id":"+11059+39995","properties":{"count":1,"zone_degradee":1}},{"type":"Feature","geometry":{"geodesic":false,"type":"Polygon","coordinates":[[[9.934468727077789,35.9299164189285],[9.935367042361909,35.9299164189285],[9.935367042361909,35.93171304949674],[9.934468727077789,35.93171304949674],[9.934468727077789,35.9299164189285]]]},"id":"+11059+39998","properties":{"count":2,"zone_degradee":1}},{"type":"Feature","geometry":{"geodesic":false,"type":"Polygon","coordinates":[[[9.934468727077789,35.84277983636891],[9.936265357646027,35.84277983636891],[9.936265357646027,35.84367815165303],[9.934468727077789,35.84367815165303],[9.934468727077789,35.84277983636891]]]},"id":"+11060+39900","properties":{"count":2,"zone_degradee":1}},{"type":"Feature","geometry":{"geodesic":false,"type":"Polygon","coordinates":[[[9.935367042361909,35.95956082330445],[9.936265357646027,35.95956082330445],[9.936265357646027,35.962255769156805],[9.935367042361909,35.962255769156805],[9.935367042361909,35.95956082330445]]]},"id":"+11060+40032","properties":{"count":3,"zone_degradee":1}},{"type":"Feature","geometry":{"geodesic":false,"type":"Polygon","coordinates":[[[9.935367042361909,35.60831954721372],[9.937163672930147,35.60831954721372],[9.937163672930147,35.609217862497836],[9.935367042361909,35.609217862497836],[9.935367042361909,35.60831954721372]]]},"id":"+11061+39639","properties":{"count":2,"zone_degradee":1}},{"type":"Feature","geometry":{"geodesic":false,"type":"Polygon","coordinates":[[[9.937163672930147,35.42685985982157],[9.938960303498387,35.42685985982157],[9.938960303498387,35.42865649038981],[9.937163672930147,35.42865649038981],[9.937163672930147,35.42685985982157]]]},"id":"+11063+39438","properties":{"count":4,"zone_degradee":1}},{"type":"Feature","geometry":{"geodesic":false,"type":"Polygon","coordinates":[[[9.938061988214267,35.462792471186354],[9.938960303498387,35.462792471186354],[9.938960303498387,35.46369078647047],[9.938061988214267,35.46369078647047],[9.938061988214267,35.462792471186354]]]},"id":"+11063+39477","properties":{"count":1,"zone_degradee":1}},{"type":"Feature","geometry":{"geodesic":false,"type":"Polygon","coordinates":[[[9.937163672930147,35.82930510710712],[9.937163672930147,35.82571184597064],[9.939858618782505,35.82571184597064],[9.939858618782505,35.828406791823],[9.938960303498387,35.828406791823],[9.938960303498387,35.82930510710712],[9.937163672930147,35.82930510710712]]]},"id":"+11063+39884","properties":{"count":11,"zone_degradee":1}},{"type":"Feature","geometry":{"geodesic":false,"type":"Polygon","coordinates":[[[9.937163672930147,35.94788272461089],[9.937163672930147,35.946086094042656],[9.938061988214267,35.946086094042656],[9.938061988214267,35.94518777875854],[9.939858618782505,35.94518777875854],[9.939858618782505,35.946984409326774],[9.940756934066625,35.946984409326774],[9.940756934066625,35.94788272461089],[9.937163672930147,35.94788272461089]]]},"id":"+11065+40016","properties":{"count":9,"zone_degradee":1}},{"type":"Feature","geometry":{"geodesic":false,"type":"Polygon","coordinates":[[[9.939858618782505,35.532861063347674],[9.941655249350745,35.532861063347674],[9.941655249350745,35.53465769391591],[9.939858618782505,35.53465769391591],[9.939858618782505,35.532861063347674]]]},"id":"+11066+39556","properties":{"count":4,"zone_degradee":1}},{"type":"Feature","geometry":{"geodesic":false,"type":"Polygon","coordinates":[[[9.940756934066625,35.85894951148306],[9.941655249350745,35.85894951148306],[9.941655249350745,35.85984782676718],[9.940756934066625,35.85984782676718],[9.940756934066625,35.85894951148306]]]},"id":"+11066+39918","properties":{"count":1,"zone_degradee":1}},{"type":"Feature","geometry":{"geodesic":false,"type":"Polygon","coordinates":[[[9.940756934066625,35.92901810364438],[9.940756934066625,35.92632315779203],[9.942553564634864,35.92632315779203],[9.942553564634864,35.927221473076145],[9.941655249350745,35.927221473076145],[9.941655249350745,35.92901810364438],[9.940756934066625,35.92901810364438]]]},"id":"+11066+39995","properties":{"count":4,"zone_degradee":1}},{"type":"Feature","geometry":{"geodesic":false,"type":"Polygon","coordinates":[[[9.940756934066625,35.44123290436748],[9.942553564634864,35.44123290436748],[9.942553564634864,35.443029534935725],[9.940756934066625,35.443029534935725],[9.940756934066625,35.44123290436748]]]},"id":"+11067+39454","properties":{"count":4,"zone_degradee":1}},{"type":"Feature","geometry":{"geodesic":false,"type":"Polygon","coordinates":[[[9.940756934066625,35.58137008869013],[9.942553564634864,35.58137008869013],[9.942553564634864,35.58226840397425],[9.940756934066625,35.58226840397425],[9.940756934066625,35.58137008869013]]]},"id":"+11067+39609","properties":{"count":2,"zone_degradee":1}},{"type":"Feature","geometry":{"geodesic":false,"type":"Polygon","coordinates":[[[9.942553564634864,35.55082736903007],[9.943451879918983,35.55082736903007],[9.943451879918983,35.551725684314185],[9.942553564634864,35.551725684314185],[9.942553564634864,35.55082736903007]]]},"id":"+11068+39575","properties":{"count":1,"zone_degradee":1}},{"type":"Feature","geometry":{"geodesic":false,"type":"Polygon","coordinates":[[[9.942553564634864,35.827508476538874],[9.942553564634864,35.826610161254756],[9.941655249350745,35.826610161254756],[9.941655249350745,35.82481353068652],[9.942553564634864,35.82481353068652],[9.942553564634864,35.8239152154024],[9.943451879918983,35.8239152154024],[9.943451879918983,35.82211858483416],[9.944350195203103,35.82211858483416],[9.944350195203103,35.82301690011828],[9.945248510487223,35.82301690011828],[9.945248510487223,35.8239152154024],[9.944350195203103,35.8239152154024],[9.944350195203103,35.82571184597064],[9.943451879918983,35.82571184597064],[9.943451879918983,35.827508476538874],[9.942553564634864,35.827508476538874]]]},"id":"+11068+39882","properties":{"count":11,"zone_degradee":1}},{"type":"Feature","geometry":{"geodesic":false,"type":"Polygon","coordinates":[[[9.942553564634864,35.93350968006498],[9.944350195203103,35.93350968006498],[9.944350195203103,35.93530631063322],[9.942553564634864,35.93530631063322],[9.942553564634864,35.93350968006498]]]},"id":"+11069+40002","properties":{"count":4,"zone_degradee":1}},{"type":"Feature","geometry":{"geodesic":false,"type":"Polygon","coordinates":[[[9.942553564634864,35.59125155681544],[9.942553564634864,35.58855661096308],[9.943451879918983,35.58855661096308],[9.943451879918983,35.58765829567896],[9.945248510487223,35.58765829567896],[9.945248510487223,35.58855661096308],[9.946146825771342,35.58855661096308],[9.946146825771342,35.590353241531325],[9.945248510487223,35.590353241531325],[9.945248510487223,35.59125155681544],[9.942553564634864,35.59125155681544]]]},"id":"+11070+39619","properties":{"count":13,"zone_degradee":1}},{"type":"Feature","geometry":{"geodesic":false,"type":"Polygon","coordinates":[[[9.944350195203103,35.83649162938007],[9.945248510487223,35.83649162938007],[9.945248510487223,35.837389944664196],[9.944350195203103,35.837389944664196],[9.944350195203103,35.83649162938007]]]},"id":"+11070+39893","properties":{"count":1,"zone_degradee":1}},{"type":"Feature","geometry":{"geodesic":false,"type":"Polygon","coordinates":[[[9.945248510487223,35.452012687776914],[9.946146825771342,35.452012687776914],[9.946146825771342,35.45380931834516],[9.945248510487223,35.45380931834516],[9.945248510487223,35.452012687776914]]]},"id":"+11071+39466","properties":{"count":2,"zone_degradee":1}},{"type":"Feature","geometry":{"geodesic":false,"type":"Polygon","coordinates":[[[9.945248510487223,35.831101737675354],[9.945248510487223,35.82930510710712],[9.944350195203103,35.82930510710712],[9.944350195203103,35.827508476538874],[9.946146825771342,35.827508476538874],[9.946146825771342,35.826610161254756],[9.947943456339582,35.826610161254756],[9.947943456339582,35.827508476538874],[9.947045141055462,35.827508476538874],[9.947045141055462,35.830203422391236],[9.946146825771342,35.830203422391236],[9.946146825771342,35.831101737675354],[9.945248510487223,35.831101737675354]]]},"id":"+11071+39886","properties":{"count":11,"zone_degradee":1}},{"type":"Feature","geometry":{"geodesic":false,"type":"Polygon","coordinates":[[[9.945248510487223,35.837389944664196],[9.946146825771342,35.837389944664196],[9.946146825771342,35.838288259948314],[9.945248510487223,35.838288259948314],[9.945248510487223,35.837389944664196]]]},"id":"+11071+39894","properties":{"count":1,"zone_degradee":1}},{"type":"Feature","geometry":{"geodesic":false,"type":"Polygon","coordinates":[[[9.944350195203103,35.946086094042656],[9.944350195203103,35.94428946347441],[9.945248510487223,35.94428946347441],[9.945248510487223,35.94518777875854],[9.946146825771342,35.94518777875854],[9.946146825771342,35.946086094042656],[9.944350195203103,35.946086094042656]]]},"id":"+11071+40014","properties":{"count":3,"zone_degradee":1}},{"type":"Feature","geometry":{"geodesic":false,"type":"Polygon","coordinates":[[[9.945248510487223,35.87422087131309],[9.945248510487223,35.872424240744856],[9.946146825771342,35.872424240744856],[9.946146825771342,35.87152592546074],[9.947943456339582,35.87152592546074],[9.947943456339582,35.873322556028974],[9.947045141055462,35.873322556028974],[9.947045141055462,35.87422087131309],[9.945248510487223,35.87422087131309]]]},"id":"+11072+39934","properties":{"count":7,"zone_degradee":1}},{"type":"Feature","geometry":{"geodesic":false,"type":"Polygon","coordinates":[[[9.944350195203103,35.58586166511073],[9.944350195203103,35.58406503454249],[9.947943456339582,35.58406503454249],[9.947943456339582,35.58496334982661],[9.948841771623702,35.58496334982661],[9.948841771623702,35.58586166511073],[9.944350195203103,35.58586166511073]]]},"id":"+11074+39613","properties":{"count":9,"zone_degradee":1}},{"type":"Feature","geometry":{"geodesic":false,"type":"Polygon","coordinates":[[[9.947045141055462,35.43045312095805],[9.94974008690782,35.43045312095805],[9.94974008690782,35.43135143624217],[9.947045141055462,35.43135143624217],[9.947045141055462,35.43045312095805]]]},"id":"+11075+39441","properties":{"count":3,"zone_degradee":1}},{"type":"Feature","geometry":{"geodesic":false,"type":"Polygon","coordinates":[[[9.947943456339582,35.86793266432426],[9.94974008690782,35.86793266432426],[9.94974008690782,35.869729294892494],[9.947943456339582,35.869729294892494],[9.947943456339582,35.86793266432426]]]},"id":"+11075+39929","properties":{"count":4,"zone_degradee":1}},{"type":"Feature","geometry":{"geodesic":false,"type":"Polygon","coordinates":[[[9.948841771623702,35.977527128986836],[9.94974008690782,35.977527128986836],[9.94974008690782,35.978425444270954],[9.948841771623702,35.978425444270954],[9.948841771623702,35.977527128986836]]]},"id":"+11075+40050","properties":{"count":1,"zone_degradee":1}},{"type":"Feature","geometry":{"geodesic":false,"type":"Polygon","coordinates":[[[9.948841771623702,35.99190017353275],[9.94974008690782,35.99190017353275],[9.94974008690782,35.99279848881687],[9.948841771623702,35.99279848881687],[9.948841771623702,35.99190017353275]]]},"id":"+11075+40066","properties":{"count":1,"zone_degradee":1}},{"type":"Feature","geometry":{"geodesic":false,"type":"Polygon","coordinates":[[[9.947943456339582,35.58945492624721],[9.947943456339582,35.58765829567896],[9.948841771623702,35.58765829567896],[9.948841771623702,35.586759980394845],[9.95063840219194,35.586759980394845],[9.95063840219194,35.58945492624721],[9.947943456339582,35.58945492624721]]]},"id":"+11076+39617","properties":{"count":8,"zone_degradee":1}},{"type":"Feature","geometry":{"geodesic":false,"type":"Polygon","coordinates":[[[9.94974008690782,35.834694998811834],[9.94974008690782,35.833796683527716],[9.947943456339582,35.833796683527716],[9.947943456339582,35.83200005295947],[9.94974008690782,35.83200005295947],[9.94974008690782,35.831101737675354],[9.95153671747606,35.831101737675354],[9.95153671747606,35.8328983682436],[9.95063840219194,35.8328983682436],[9.95063840219194,35.834694998811834],[9.94974008690782,35.834694998811834]]]},"id":"+11076+39890","properties":{"count":10,"zone_degradee":1}},{"type":"Feature","geometry":{"geodesic":false,"type":"Polygon","coordinates":[[[9.948841771623702,35.946086094042656],[9.95063840219194,35.946086094042656],[9.95063840219194,35.94788272461089],[9.948841771623702,35.94788272461089],[9.948841771623702,35.946086094042656]]]},"id":"+11076+40016","properties":{"count":4,"zone_degradee":1}},{"type":"Feature","geometry":{"geodesic":false,"type":"Polygon","coordinates":[[[9.94974008690782,35.99100185824863],[9.95063840219194,35.99100185824863],[9.95063840219194,35.99190017353275],[9.94974008690782,35.99190017353275],[9.94974008690782,35.99100185824863]]]},"id":"+11076+40065","properties":{"count":1,"zone_degradee":1}},{"type":"Feature","geometry":{"geodesic":false,"type":"Polygon","coordinates":[[[9.94974008690782,35.43314806681041],[9.95153671747606,35.43314806681041],[9.95153671747606,35.43494469737865],[9.94974008690782,35.43494469737865],[9.94974008690782,35.43314806681041]]]},"id":"+11077+39445","properties":{"count":4,"zone_degradee":1}},{"type":"Feature","geometry":{"geodesic":false,"type":"Polygon","coordinates":[[[9.94974008690782,35.82930510710712],[9.95153671747606,35.82930510710712],[9.95153671747606,35.830203422391236],[9.94974008690782,35.830203422391236],[9.94974008690782,35.82930510710712]]]},"id":"+11077+39885","properties":{"count":2,"zone_degradee":1}},{"type":"Feature","geometry":{"geodesic":false,"type":"Polygon","coordinates":[[[9.95063840219194,35.94518777875854],[9.95153671747606,35.94518777875854],[9.95153671747606,35.946086094042656],[9.95063840219194,35.946086094042656],[9.95063840219194,35.94518777875854]]]},"id":"+11077+40014","properties":{"count":1,"zone_degradee":1}},{"type":"Feature","geometry":{"geodesic":false,"type":"Polygon","coordinates":[[[9.95153671747606,35.455605948913394],[9.95243503276018,35.455605948913394],[9.95243503276018,35.45650426419751],[9.95153671747606,35.45650426419751],[9.95153671747606,35.455605948913394]]]},"id":"+11078+39469","properties":{"count":1,"zone_degradee":1}},{"type":"Feature","geometry":{"geodesic":false,"type":"Polygon","coordinates":[[[9.95063840219194,35.61640438477079],[9.95243503276018,35.61640438477079],[9.95243503276018,35.61820101533903],[9.95063840219194,35.61820101533903],[9.95063840219194,35.61640438477079]]]},"id":"+11078+39649","properties":{"count":4,"zone_degradee":1}},{"type":"Feature","geometry":{"geodesic":false,"type":"Polygon","coordinates":[[[9.948841771623702,35.938899571769696],[9.95243503276018,35.938899571769696],[9.95243503276018,35.94159451762206],[9.948841771623702,35.94159451762206],[9.948841771623702,35.938899571769696]]]},"id":"+11078+40009","properties":{"count":12,"zone_degradee":1}},{"type":"Feature","geometry":{"geodesic":false,"type":"Polygon","coordinates":[[[9.95153671747606,35.44392785021984],[9.953333348044298,35.44392785021984],[9.953333348044298,35.44572448078808],[9.95153671747606,35.44572448078808],[9.95153671747606,35.44392785021984]]]},"id":"+11079+39457","properties":{"count":4,"zone_degradee":1}},{"type":"Feature","geometry":{"geodesic":false,"type":"Polygon","coordinates":[[[9.95243503276018,35.7044392826145],[9.953333348044298,35.7044392826145],[9.953333348044298,35.70533759789862],[9.95243503276018,35.70533759789862],[9.95243503276018,35.7044392826145]]]},"id":"+11079+39746","properties":{"count":1,"zone_degradee":1}},{"type":"Feature","geometry":{"geodesic":false,"type":"Polygon","coordinates":[[[9.953333348044298,35.455605948913394],[9.954231663328418,35.455605948913394],[9.954231663328418,35.45650426419751],[9.953333348044298,35.45650426419751],[9.953333348044298,35.455605948913394]]]},"id":"+11080+39469","properties":{"count":1,"zone_degradee":1}},{"type":"Feature","geometry":{"geodesic":false,"type":"Polygon","coordinates":[[[9.953333348044298,35.833796683527716],[9.954231663328418,35.833796683527716],[9.954231663328418,35.834694998811834],[9.953333348044298,35.834694998811834],[9.953333348044298,35.833796683527716]]]},"id":"+11080+39890","properties":{"count":1,"zone_degradee":1}},{"type":"Feature","geometry":{"geodesic":false,"type":"Polygon","coordinates":[[[9.95243503276018,35.94878103989501],[9.95243503276018,35.94788272461089],[9.953333348044298,35.94788272461089],[9.953333348044298,35.946984409326774],[9.954231663328418,35.946984409326774],[9.954231663328418,35.94878103989501],[9.95243503276018,35.94878103989501]]]},"id":"+11080+40017","properties":{"count":3,"zone_degradee":1}},{"type":"Feature","geometry":{"geodesic":false,"type":"Polygon","coordinates":[[[9.953333348044298,35.9757304984186],[9.954231663328418,35.9757304984186],[9.954231663328418,35.977527128986836],[9.953333348044298,35.977527128986836],[9.953333348044298,35.9757304984186]]]},"id":"+11080+40049","properties":{"count":2,"zone_degradee":1}},{"type":"Feature","geometry":{"geodesic":false,"type":"Polygon","coordinates":[[[9.953333348044298,35.99639174995335],[9.954231663328418,35.99639174995335],[9.954231663328418,35.997290065237465],[9.953333348044298,35.997290065237465],[9.953333348044298,35.99639174995335]]]},"id":"+11080+40071","properties":{"count":1,"zone_degradee":1}},{"type":"Feature","geometry":{"geodesic":false,"type":"Polygon","coordinates":[[[9.954231663328418,35.44931774192456],[9.955129978612538,35.44931774192456],[9.955129978612538,35.451114372492796],[9.954231663328418,35.451114372492796],[9.954231663328418,35.44931774192456]]]},"id":"+11081+39463","properties":{"count":2,"zone_degradee":1}},{"type":"Feature","geometry":{"geodesic":false,"type":"Polygon","coordinates":[[[9.954231663328418,35.827508476538874],[9.955129978612538,35.827508476538874],[9.955129978612538,35.828406791823],[9.954231663328418,35.828406791823],[9.954231663328418,35.827508476538874]]]},"id":"+11081+39883","properties":{"count":1,"zone_degradee":1}},{"type":"Feature","geometry":{"geodesic":false,"type":"Polygon","coordinates":[[[9.953333348044298,35.84098320580067],[9.953333348044298,35.84008489051655],[9.954231663328418,35.84008489051655],[9.954231663328418,35.837389944664196],[9.956926609180776,35.837389944664196],[9.956926609180776,35.83649162938007],[9.958723239749016,35.83649162938007],[9.958723239749016,35.83918657523243],[9.957824924464896,35.83918657523243],[9.957824924464896,35.84008489051655],[9.955129978612538,35.84008489051655],[9.955129978612538,35.84098320580067],[9.953333348044298,35.84098320580067]]]},"id":"+11081+39897","properties":{"count":18,"zone_degradee":1}},{"type":"Feature","geometry":{"geodesic":false,"type":"Polygon","coordinates":[[[9.954231663328418,35.946086094042656],[9.955129978612538,35.946086094042656],[9.955129978612538,35.946984409326774],[9.954231663328418,35.946984409326774],[9.954231663328418,35.946086094042656]]]},"id":"+11081+40015","properties":{"count":1,"zone_degradee":1}},{"type":"Feature","geometry":{"geodesic":false,"type":"Polygon","coordinates":[[[9.955129978612538,35.4421312196516],[9.956028293896658,35.4421312196516],[9.956028293896658,35.443029534935725],[9.955129978612538,35.443029534935725],[9.955129978612538,35.4421312196516]]]},"id":"+11082+39454","properties":{"count":1,"zone_degradee":1}},{"type":"Feature","geometry":{"geodesic":false,"type":"Polygon","coordinates":[[[9.955129978612538,35.80864385557237],[9.955129978612538,35.807745540288245],[9.954231663328418,35.807745540288245],[9.954231663328418,35.80684722500413],[9.955129978612538,35.80684722500413],[9.955129978612538,35.80594890972001],[9.956028293896658,35.80594890972001],[9.956028293896658,35.80864385557237],[9.955129978612538,35.80864385557237]]]},"id":"+11082+39861","properties":{"count":4,"zone_degradee":1}},{"type":"Feature","geometry":{"geodesic":false,"type":"Polygon","coordinates":[[[9.953333348044298,35.85535625034658],[9.953333348044298,35.85445793506246],[9.94974008690782,35.85445793506246],[9.94974008690782,35.85266130449423],[9.95153671747606,35.85266130449423],[9.95153671747606,35.853559619778345],[9.953333348044298,35.853559619778345],[9.953333348044298,35.85266130449423],[9.954231663328418,35.85266130449423],[9.954231663328418,35.853559619778345],[9.955129978612538,35.853559619778345],[9.955129978612538,35.85445793506246],[9.956028293896658,35.85445793506246],[9.956028293896658,35.85535625034658],[9.953333348044298,35.85535625034658]]]},"id":"+11082+39913","properties":{"count":12,"zone_degradee":1}},{"type":"Feature","geometry":{"geodesic":false,"type":"Polygon","coordinates":[[[9.955129978612538,35.9299164189285],[9.956028293896658,35.9299164189285],[9.956028293896658,35.930814734212625],[9.955129978612538,35.930814734212625],[9.955129978612538,35.9299164189285]]]},"id":"+11082+39997","properties":{"count":1,"zone_degradee":1}},{"type":"Feature","geometry":{"geodesic":false,"type":"Polygon","coordinates":[[[9.955129978612538,35.50231834368761],[9.955129978612538,35.501420028403494],[9.954231663328418,35.501420028403494],[9.954231663328418,35.50052171311937],[9.956926609180776,35.50052171311937],[9.956926609180776,35.50231834368761],[9.955129978612538,35.50231834368761]]]},"id":"+11083+39520","properties":{"count":5,"zone_degradee":1}},{"type":"Feature","geometry":{"geodesic":false,"type":"Polygon","coordinates":[[[9.954231663328418,35.96764566086152],[9.954231663328418,35.965849030293285],[9.94974008690782,35.965849030293285],[9.94974008690782,35.96495071500917],[9.953333348044298,35.96495071500917],[9.953333348044298,35.96135745387269],[9.956028293896658,35.96135745387269],[9.956028293896658,35.96045913858857],[9.958723239749016,35.96045913858857],[9.958723239749016,35.962255769156805],[9.956926609180776,35.962255769156805],[9.956926609180776,35.96315408444092],[9.956028293896658,35.96315408444092],[9.956028293896658,35.96405239972504],[9.954231663328418,35.96405239972504],[9.954231663328418,35.96495071500917],[9.958723239749016,35.96495071500917],[9.958723239749016,35.965849030293285],[9.957824924464896,35.965849030293285],[9.957824924464896,35.9667473455774],[9.956926609180776,35.9667473455774],[9.956926609180776,35.96764566086152],[9.954231663328418,35.96764566086152]]]},"id":"+11083+40038","properties":{"count":34,"zone_degradee":1}},{"type":"Feature","geometry":{"geodesic":false,"type":"Polygon","coordinates":[[[9.957824924464896,35.43314806681041],[9.957824924464896,35.43135143624217],[9.960519870317254,35.43135143624217],[9.960519870317254,35.432249751526285],[9.958723239749016,35.432249751526285],[9.958723239749016,35.43314806681041],[9.957824924464896,35.43314806681041]]]},"id":"+11085+39443","properties":{"count":4,"zone_degradee":1}},{"type":"Feature","geometry":{"geodesic":false,"type":"Polygon","coordinates":[[[9.957824924464896,35.95776419273621],[9.958723239749016,35.95776419273621],[9.958723239749016,35.958662508020325],[9.957824924464896,35.958662508020325],[9.957824924464896,35.95776419273621]]]},"id":"+11085+40028","properties":{"count":1,"zone_degradee":1}},{"type":"Feature","geometry":{"geodesic":false,"type":"Polygon","coordinates":[[[9.957824924464896,35.452012687776914],[9.959621555033134,35.452012687776914],[9.959621555033134,35.45380931834516],[9.957824924464896,35.45380931834516],[9.957824924464896,35.452012687776914]]]},"id":"+11086+39466","properties":{"count":4,"zone_degradee":1}},{"type":"Feature","geometry":{"geodesic":false,"type":"Polygon","coordinates":[[[9.957824924464896,35.828406791823],[9.957824924464896,35.827508476538874],[9.958723239749016,35.827508476538874],[9.958723239749016,35.826610161254756],[9.960519870317254,35.826610161254756],[9.960519870317254,35.827508476538874],[9.959621555033134,35.827508476538874],[9.959621555033134,35.828406791823],[9.957824924464896,35.828406791823]]]},"id":"+11086+39883","properties":{"count":4,"zone_degradee":1}},{"type":"Feature","geometry":{"geodesic":false,"type":"Polygon","coordinates":[[[9.958723239749016,35.455605948913394],[9.960519870317254,35.455605948913394],[9.960519870317254,35.45740257948164],[9.958723239749016,35.45740257948164],[9.958723239749016,35.455605948913394]]]},"id":"+11087+39470","properties":{"count":4,"zone_degradee":1}},{"type":"Feature","geometry":{"geodesic":false,"type":"Polygon","coordinates":[[[9.960519870317254,35.555318945450665],[9.961418185601374,35.555318945450665],[9.961418185601374,35.55621726073478],[9.960519870317254,35.55621726073478],[9.960519870317254,35.555318945450665]]]},"id":"+11088+39580","properties":{"count":1,"zone_degradee":1}},{"type":"Feature","geometry":{"geodesic":false,"type":"Polygon","coordinates":[[[9.960519870317254,35.63347237516906],[9.960519870317254,35.6307774293167],[9.961418185601374,35.6307774293167],[9.961418185601374,35.63167574460082],[9.962316500885494,35.63167574460082],[9.962316500885494,35.63257405988494],[9.961418185601374,35.63257405988494],[9.961418185601374,35.63347237516906],[9.960519870317254,35.63347237516906]]]},"id":"+11088+39666","properties":{"count":4,"zone_degradee":1}},{"type":"Feature","geometry":{"geodesic":false,"type":"Polygon","coordinates":[[[9.959621555033134,35.702642652046265],[9.959621555033134,35.70084602147802],[9.960519870317254,35.70084602147802],[9.960519870317254,35.70174433676215],[9.961418185601374,35.70174433676215],[9.961418185601374,35.702642652046265],[9.959621555033134,35.702642652046265]]]},"id":"+11088+39743","properties":{"count":3,"zone_degradee":1}},{"type":"Feature","geometry":{"geodesic":false,"type":"Polygon","coordinates":[[[9.961418185601374,35.42685985982157],[9.962316500885494,35.42685985982157],[9.962316500885494,35.42775817510569],[9.961418185601374,35.42775817510569],[9.961418185601374,35.42685985982157]]]},"id":"+11089+39437","properties":{"count":1,"zone_degradee":1}},{"type":"Feature","geometry":{"geodesic":false,"type":"Polygon","coordinates":[[[9.961418185601374,35.501420028403494],[9.962316500885494,35.501420028403494],[9.962316500885494,35.50231834368761],[9.961418185601374,35.50231834368761],[9.961418185601374,35.501420028403494]]]},"id":"+11089+39520","properties":{"count":1,"zone_degradee":1}},{"type":"Feature","geometry":{"geodesic":false,"type":"Polygon","coordinates":[[[9.959621555033134,35.58496334982661],[9.962316500885494,35.58496334982661],[9.962316500885494,35.58586166511073],[9.959621555033134,35.58586166511073],[9.959621555033134,35.58496334982661]]]},"id":"+11089+39613","properties":{"count":3,"zone_degradee":1}},{"type":"Feature","geometry":{"geodesic":false,"type":"Polygon","coordinates":[[[9.961418185601374,35.70084602147802],[9.962316500885494,35.70084602147802],[9.962316500885494,35.70174433676215],[9.961418185601374,35.70174433676215],[9.961418185601374,35.70084602147802]]]},"id":"+11089+39742","properties":{"count":1,"zone_degradee":1}},{"type":"Feature","geometry":{"geodesic":false,"type":"Polygon","coordinates":[[[9.960519870317254,35.94159451762206],[9.960519870317254,35.938899571769696],[9.961418185601374,35.938899571769696],[9.961418185601374,35.93979788705382],[9.962316500885494,35.93979788705382],[9.962316500885494,35.94159451762206],[9.960519870317254,35.94159451762206]]]},"id":"+11089+40009","properties":{"count":5,"zone_degradee":1}},{"type":"Feature","geometry":{"geodesic":false,"type":"Polygon","coordinates":[[[9.960519870317254,35.982018705407434],[9.960519870317254,35.9802220748392],[9.956926609180776,35.9802220748392],[9.956926609180776,35.97932375955508],[9.956028293896658,35.97932375955508],[9.956028293896658,35.978425444270954],[9.963214816169613,35.978425444270954],[9.963214816169613,35.981120390123316],[9.962316500885494,35.981120390123316],[9.962316500885494,35.982018705407434],[9.960519870317254,35.982018705407434]]]},"id":"+11089+40054","properties":{"count":20,"zone_degradee":1}},{"type":"Feature","geometry":{"geodesic":false,"type":"Polygon","coordinates":[[[9.961418185601374,35.452012687776914],[9.963214816169613,35.452012687776914],[9.963214816169613,35.45291100306104],[9.961418185601374,35.45291100306104],[9.961418185601374,35.452012687776914]]]},"id":"+11090+39465","properties":{"count":2,"zone_degradee":1}},{"type":"Feature","geometry":{"geodesic":false,"type":"Polygon","coordinates":[[[9.962316500885494,35.87781413244957],[9.963214816169613,35.87781413244957],[9.963214816169613,35.87871244773369],[9.962316500885494,35.87871244773369],[9.962316500885494,35.87781413244957]]]},"id":"+11090+39939","properties":{"count":1,"zone_degradee":1}},{"type":"Feature","geometry":{"geodesic":false,"type":"Polygon","coordinates":[[[9.962316500885494,35.99100185824863],[9.963214816169613,35.99100185824863],[9.963214816169613,35.99190017353275],[9.962316500885494,35.99190017353275],[9.962316500885494,35.99100185824863]]]},"id":"+11090+40065","properties":{"count":1,"zone_degradee":1}},{"type":"Feature","geometry":{"geodesic":false,"type":"Polygon","coordinates":[[[9.962316500885494,35.82481353068652],[9.962316500885494,35.82211858483416],[9.963214816169613,35.82211858483416],[9.963214816169613,35.82122026955004],[9.964113131453733,35.82122026955004],[9.964113131453733,35.82211858483416],[9.965011446737853,35.82211858483416],[9.965011446737853,35.82301690011828],[9.964113131453733,35.82301690011828],[9.964113131453733,35.82481353068652],[9.962316500885494,35.82481353068652]]]},"id":"+11091+39879","properties":{"count":8,"zone_degradee":1}},{"type":"Feature","geometry":{"geodesic":false,"type":"Polygon","coordinates":[[[9.961418185601374,35.831101737675354],[9.961418185601374,35.830203422391236],[9.962316500885494,35.830203422391236],[9.962316500885494,35.82930510710712],[9.964113131453733,35.82930510710712],[9.964113131453733,35.831101737675354],[9.961418185601374,35.831101737675354]]]},"id":"+11091+39886","properties":{"count":5,"zone_degradee":1}},{"type":"Feature","geometry":{"geodesic":false,"type":"Polygon","coordinates":[[[9.962316500885494,35.84277983636891],[9.964113131453733,35.84277983636891],[9.964113131453733,35.84457646693715],[9.962316500885494,35.84457646693715],[9.962316500885494,35.84277983636891]]]},"id":"+11091+39901","properties":{"count":4,"zone_degradee":1}},{"type":"Feature","geometry":{"geodesic":false,"type":"Polygon","coordinates":[[[9.962316500885494,35.97662881370272],[9.962316500885494,35.97483218313448],[9.960519870317254,35.97483218313448],[9.960519870317254,35.97303555256624],[9.962316500885494,35.97303555256624],[9.962316500885494,35.97393386785036],[9.963214816169613,35.97393386785036],[9.963214816169613,35.97483218313448],[9.964113131453733,35.97483218313448],[9.964113131453733,35.97662881370272],[9.962316500885494,35.97662881370272]]]},"id":"+11091+40048","properties":{"count":9,"zone_degradee":1}},{"type":"Feature","geometry":{"geodesic":false,"type":"Polygon","coordinates":[[[9.963214816169613,35.567895359428334],[9.965011446737853,35.567895359428334],[9.965011446737853,35.56969198999658],[9.963214816169613,35.56969198999658],[9.963214816169613,35.567895359428334]]]},"id":"+11092+39595","properties":{"count":4,"zone_degradee":1}},{"type":"Feature","geometry":{"geodesic":false,"type":"Polygon","coordinates":[[[9.963214816169613,35.828406791823],[9.963214816169613,35.827508476538874],[9.962316500885494,35.827508476538874],[9.962316500885494,35.826610161254756],[9.961418185601374,35.826610161254756],[9.961418185601374,35.82571184597064],[9.96680807730609,35.82571184597064],[9.96680807730609,35.827508476538874],[9.965011446737853,35.827508476538874],[9.965011446737853,35.828406791823],[9.963214816169613,35.828406791823]]]},"id":"+11092+39883","properties":{"count":13,"zone_degradee":1}},{"type":"Feature","geometry":{"geodesic":false,"type":"Polygon","coordinates":[[[9.964113131453733,35.50231834368761],[9.965909762021973,35.50231834368761],[9.965909762021973,35.50411497425585],[9.964113131453733,35.50411497425585],[9.964113131453733,35.50231834368761]]]},"id":"+11093+39522","properties":{"count":4,"zone_degradee":1}},{"type":"Feature","geometry":{"geodesic":false,"type":"Polygon","coordinates":[[[9.965011446737853,35.96315408444092],[9.965909762021973,35.96315408444092],[9.965909762021973,35.96405239972504],[9.965011446737853,35.96405239972504],[9.965011446737853,35.96315408444092]]]},"id":"+11093+40034","properties":{"count":1,"zone_degradee":1}},{"type":"Feature","geometry":{"geodesic":false,"type":"Polygon","coordinates":[[[9.965011446737853,35.82122026955004],[9.965011446737853,35.8194236389818],[9.964113131453733,35.8194236389818],[9.964113131453733,35.81762700841356],[9.965011446737853,35.81762700841356],[9.965011446737853,35.818525323697685],[9.96680807730609,35.818525323697685],[9.96680807730609,35.82122026955004],[9.965011446737853,35.82122026955004]]]},"id":"+11094+39875","properties":{"count":8,"zone_degradee":1}},{"type":"Feature","geometry":{"geodesic":false,"type":"Polygon","coordinates":[[[9.96680807730609,35.45021605720868],[9.96770639259021,35.45021605720868],[9.96770639259021,35.451114372492796],[9.96680807730609,35.451114372492796],[9.96680807730609,35.45021605720868]]]},"id":"+11095+39463","properties":{"count":1,"zone_degradee":1}},{"type":"Feature","geometry":{"geodesic":false,"type":"Polygon","coordinates":[[[9.96680807730609,35.452012687776914],[9.96770639259021,35.452012687776914],[9.96770639259021,35.45291100306104],[9.96680807730609,35.45291100306104],[9.96680807730609,35.452012687776914]]]},"id":"+11095+39465","properties":{"count":1,"zone_degradee":1}},{"type":"Feature","geometry":{"geodesic":false,"type":"Polygon","coordinates":[[[9.96680807730609,35.462792471186354],[9.96770639259021,35.462792471186354],[9.96770639259021,35.46369078647047],[9.96680807730609,35.46369078647047],[9.96680807730609,35.462792471186354]]]},"id":"+11095+39477","properties":{"count":1,"zone_degradee":1}},{"type":"Feature","geometry":{"geodesic":false,"type":"Polygon","coordinates":[[[9.965909762021973,35.92542484250791],[9.96770639259021,35.92542484250791],[9.96770639259021,35.92632315779203],[9.965909762021973,35.92632315779203],[9.965909762021973,35.92542484250791]]]},"id":"+11095+39992","properties":{"count":2,"zone_degradee":1}},{"type":"Feature","geometry":{"geodesic":false,"type":"Polygon","coordinates":[[[9.96770639259021,35.45740257948164],[9.96860470787433,35.45740257948164],[9.96860470787433,35.458300894765756],[9.96770639259021,35.458300894765756],[9.96770639259021,35.45740257948164]]]},"id":"+11096+39471","properties":{"count":1,"zone_degradee":1}},{"type":"Feature","geometry":{"geodesic":false,"type":"Polygon","coordinates":[[[9.96770639259021,35.82571184597064],[9.96860470787433,35.82571184597064],[9.96860470787433,35.827508476538874],[9.96770639259021,35.827508476538874],[9.96770639259021,35.82571184597064]]]},"id":"+11096+39882","properties":{"count":2,"zone_degradee":1}},{"type":"Feature","geometry":{"geodesic":false,"type":"Polygon","coordinates":[[[9.96680807730609,35.865237718471896],[9.96860470787433,35.865237718471896],[9.96860470787433,35.86703434904014],[9.96680807730609,35.86703434904014],[9.96680807730609,35.865237718471896]]]},"id":"+11096+39926","properties":{"count":4,"zone_degradee":1}},{"type":"Feature","geometry":{"geodesic":false,"type":"Polygon","coordinates":[[[9.965011446737853,35.94878103989501],[9.965011446737853,35.946984409326774],[9.965909762021973,35.946984409326774],[9.965909762021973,35.946086094042656],[9.96680807730609,35.946086094042656],[9.96680807730609,35.94428946347441],[9.96770639259021,35.94428946347441],[9.96770639259021,35.943391148190294],[9.970401338442569,35.943391148190294],[9.970401338442569,35.94428946347441],[9.971299653726689,35.94428946347441],[9.971299653726689,35.94518777875854],[9.972197969010809,35.94518777875854],[9.972197969010809,35.946984409326774],[9.970401338442569,35.946984409326774],[9.970401338442569,35.94788272461089],[9.96860470787433,35.94788272461089],[9.96860470787433,35.94878103989501],[9.965011446737853,35.94878103989501]]]},"id":"+11096+40017","properties":{"count":31,"zone_degradee":1}},{"type":"Feature","geometry":{"geodesic":false,"type":"Polygon","coordinates":[[[9.96860470787433,35.4466227960722],[9.96950302315845,35.4466227960722],[9.96950302315845,35.44752111135632],[9.96860470787433,35.44752111135632],[9.96860470787433,35.4466227960722]]]},"id":"+11097+39459","properties":{"count":1,"zone_degradee":1}},{"type":"Feature","geometry":{"geodesic":false,"type":"Polygon","coordinates":[[[9.96860470787433,35.45650426419751],[9.96860470787433,35.454707633629276],[9.970401338442569,35.454707633629276],[9.970401338442569,35.455605948913394],[9.96950302315845,35.455605948913394],[9.96950302315845,35.45650426419751],[9.96860470787433,35.45650426419751]]]},"id":"+11097+39469","properties":{"count":3,"zone_degradee":1}},{"type":"Feature","geometry":{"geodesic":false,"type":"Polygon","coordinates":[[[9.96770639259021,36.00178164165806],[9.96950302315845,36.00178164165806],[9.96950302315845,36.00357827222631],[9.96770639259021,36.00357827222631],[9.96770639259021,36.00178164165806]]]},"id":"+11097+40078","properties":{"count":4,"zone_degradee":1}},{"type":"Feature","geometry":{"geodesic":false,"type":"Polygon","coordinates":[[[9.96950302315845,35.481657092152865],[9.970401338442569,35.481657092152865],[9.970401338442569,35.48255540743698],[9.96950302315845,35.48255540743698],[9.96950302315845,35.481657092152865]]]},"id":"+11098+39498","properties":{"count":1,"zone_degradee":1}},{"type":"Feature","geometry":{"geodesic":false,"type":"Polygon","coordinates":[[[9.96950302315845,35.83200005295947],[9.96950302315845,35.831101737675354],[9.96860470787433,35.831101737675354],[9.96860470787433,35.830203422391236],[9.96950302315845,35.830203422391236],[9.96950302315845,35.82930510710712],[9.970401338442569,35.82930510710712],[9.970401338442569,35.83200005295947],[9.96950302315845,35.83200005295947]]]},"id":"+11098+39887","properties":{"count":4,"zone_degradee":1}},{"type":"Feature","geometry":{"geodesic":false,"type":"Polygon","coordinates":[[[9.96860470787433,35.98381533597568],[9.970401338442569,35.98381533597568],[9.970401338442569,35.984713651259796],[9.96860470787433,35.984713651259796],[9.96860470787433,35.98381533597568]]]},"id":"+11098+40057","properties":{"count":2,"zone_degradee":1}},{"type":"Feature","geometry":{"geodesic":false,"type":"Polygon","coordinates":[[[9.970401338442569,35.44482616550396],[9.971299653726689,35.44482616550396],[9.971299653726689,35.44572448078808],[9.970401338442569,35.44572448078808],[9.970401338442569,35.44482616550396]]]},"id":"+11099+39457","properties":{"count":1,"zone_degradee":1}},{"type":"Feature","geometry":{"geodesic":false,"type":"Polygon","coordinates":[[[9.96950302315845,35.459199210049874],[9.971299653726689,35.459199210049874],[9.971299653726689,35.46099584061811],[9.96950302315845,35.46099584061811],[9.96950302315845,35.459199210049874]]]},"id":"+11099+39474","properties":{"count":4,"zone_degradee":1}},{"type":"Feature","geometry":{"geodesic":false,"type":"Polygon","coordinates":[[[9.970401338442569,35.63616732102142],[9.970401338442569,35.6352690057373],[9.96950302315845,35.6352690057373],[9.96950302315845,35.63437069045318],[9.971299653726689,35.63437069045318],[9.971299653726689,35.63616732102142],[9.970401338442569,35.63616732102142]]]},"id":"+11099+39669","properties":{"count":3,"zone_degradee":1}},{"type":"Feature","geometry":{"geodesic":false,"type":"Polygon","coordinates":[[[9.970401338442569,35.432249751526285],[9.970401338442569,35.43135143624217],[9.971299653726689,35.43135143624217],[9.971299653726689,35.43045312095805],[9.972197969010809,35.43045312095805],[9.972197969010809,35.432249751526285],[9.970401338442569,35.432249751526285]]]},"id":"+11100+39442","properties":{"count":3,"zone_degradee":1}},{"type":"Feature","geometry":{"geodesic":false,"type":"Polygon","coordinates":[[[9.971299653726689,35.828406791823],[9.972197969010809,35.828406791823],[9.972197969010809,35.82930510710712],[9.971299653726689,35.82930510710712],[9.971299653726689,35.828406791823]]]},"id":"+11100+39884","properties":{"count":1,"zone_degradee":1}},{"type":"Feature","geometry":{"geodesic":false,"type":"Polygon","coordinates":[[[9.970401338442569,35.9757304984186],[9.972197969010809,35.9757304984186],[9.972197969010809,35.97662881370272],[9.970401338442569,35.97662881370272],[9.970401338442569,35.9757304984186]]]},"id":"+11100+40048","properties":{"count":2,"zone_degradee":1}},{"type":"Feature","geometry":{"geodesic":false,"type":"Polygon","coordinates":[[[9.971299653726689,35.47986046158462],[9.971299653726689,35.478063831016385],[9.972197969010809,35.478063831016385],[9.972197969010809,35.47716551573227],[9.973994599579047,35.47716551573227],[9.973994599579047,35.4789621463005],[9.973096284294929,35.4789621463005],[9.973096284294929,35.47986046158462],[9.971299653726689,35.47986046158462]]]},"id":"+11101+39495","properties":{"count":7,"zone_degradee":1}},{"type":"Feature","geometry":{"geodesic":false,"type":"Polygon","coordinates":[[[9.972197969010809,35.497826767267014],[9.972197969010809,35.496928451982896],[9.971299653726689,35.496928451982896],[9.971299653726689,35.49603013669877],[9.972197969010809,35.49603013669877],[9.972197969010809,35.49513182141465],[9.973096284294929,35.49513182141465],[9.973096284294929,35.49603013669877],[9.973994599579047,35.49603013669877],[9.973994599579047,35.496928451982896],[9.973096284294929,35.496928451982896],[9.973096284294929,35.497826767267014],[9.972197969010809,35.497826767267014]]]},"id":"+11101+39515","properties":{"count":5,"zone_degradee":1}},{"type":"Feature","geometry":{"geodesic":false,"type":"Polygon","coordinates":[[[9.972197969010809,35.837389944664196],[9.972197969010809,35.83649162938007],[9.971299653726689,35.83649162938007],[9.971299653726689,35.834694998811834],[9.973096284294929,35.834694998811834],[9.973096284294929,35.837389944664196],[9.972197969010809,35.837389944664196]]]},"id":"+11101+39893","properties":{"count":5,"zone_degradee":1}},{"type":"Feature","geometry":{"geodesic":false,"type":"Polygon","coordinates":[[[9.972197969010809,35.96045913858857],[9.973096284294929,35.96045913858857],[9.973096284294929,35.96135745387269],[9.972197969010809,35.96135745387269],[9.972197969010809,35.96045913858857]]]},"id":"+11101+40031","properties":{"count":1,"zone_degradee":1}},{"type":"Feature","geometry":{"geodesic":false,"type":"Polygon","coordinates":[[[9.972197969010809,35.97662881370272],[9.973096284294929,35.97662881370272],[9.973096284294929,35.977527128986836],[9.972197969010809,35.977527128986836],[9.972197969010809,35.97662881370272]]]},"id":"+11101+40049","properties":{"count":1,"zone_degradee":1}},{"type":"Feature","geometry":{"geodesic":false,"type":"Polygon","coordinates":[[[9.972197969010809,35.435843012662765],[9.972197969010809,35.43404638209453],[9.975791230147287,35.43404638209453],[9.975791230147287,35.43494469737865],[9.974892914863167,35.43494469737865],[9.974892914863167,35.435843012662765],[9.972197969010809,35.435843012662765]]]},"id":"+11103+39446","properties":{"count":7,"zone_degradee":1}},{"type":"Feature","geometry":{"geodesic":false,"type":"Polygon","coordinates":[[[9.973096284294929,35.45380931834516],[9.973096284294929,35.45291100306104],[9.972197969010809,35.45291100306104],[9.972197969010809,35.451114372492796],[9.973994599579047,35.451114372492796],[9.973994599579047,35.452012687776914],[9.974892914863167,35.452012687776914],[9.974892914863167,35.45380931834516],[9.973096284294929,35.45380931834516]]]},"id":"+11103+39466","properties":{"count":7,"zone_degradee":1}},{"type":"Feature","geometry":{"geodesic":false,"type":"Polygon","coordinates":[[[9.973096284294929,35.45650426419751],[9.973096284294929,35.455605948913394],[9.971299653726689,35.455605948913394],[9.971299653726689,35.454707633629276],[9.974892914863167,35.454707633629276],[9.974892914863167,35.45650426419751],[9.973096284294929,35.45650426419751]]]},"id":"+11103+39469","properties":{"count":6,"zone_degradee":1}},{"type":"Feature","geometry":{"geodesic":false,"type":"Polygon","coordinates":[[[9.973096284294929,35.46548741703871],[9.974892914863167,35.46548741703871],[9.974892914863167,35.46728404760695],[9.973096284294929,35.46728404760695],[9.973096284294929,35.46548741703871]]]},"id":"+11103+39481","properties":{"count":4,"zone_degradee":1}},{"type":"Feature","geometry":{"geodesic":false,"type":"Polygon","coordinates":[[[9.973096284294929,35.47357225459579],[9.974892914863167,35.47357225459579],[9.974892914863167,35.474470569879905],[9.973096284294929,35.474470569879905],[9.973096284294929,35.47357225459579]]]},"id":"+11103+39489","properties":{"count":2,"zone_degradee":1}},{"type":"Feature","geometry":{"geodesic":false,"type":"Polygon","coordinates":[[[9.973994599579047,35.99279848881687],[9.974892914863167,35.99279848881687],[9.974892914863167,35.99369680410099],[9.973994599579047,35.99369680410099],[9.973994599579047,35.99279848881687]]]},"id":"+11103+40067","properties":{"count":1,"zone_degradee":1}},{"type":"Feature","geometry":{"geodesic":false,"type":"Polygon","coordinates":[[[9.973994599579047,35.497826767267014],[9.973994599579047,35.496928451982896],[9.974892914863167,35.496928451982896],[9.974892914863167,35.49603013669877],[9.975791230147287,35.49603013669877],[9.975791230147287,35.497826767267014],[9.973994599579047,35.497826767267014]]]},"id":"+11104+39515","properties":{"count":3,"zone_degradee":1}},{"type":"Feature","geometry":{"geodesic":false,"type":"Polygon","coordinates":[[[9.974892914863167,35.50411497425585],[9.975791230147287,35.50411497425585],[9.975791230147287,35.50501328953997],[9.974892914863167,35.50501328953997],[9.974892914863167,35.50411497425585]]]},"id":"+11104+39523","properties":{"count":1,"zone_degradee":1}},{"type":"Feature","geometry":{"geodesic":false,"type":"Polygon","coordinates":[[[9.972197969010809,35.99639174995335],[9.972197969010809,35.99279848881687],[9.973096284294929,35.99279848881687],[9.973096284294929,35.99369680410099],[9.973994599579047,35.99369680410099],[9.973994599579047,35.99459511938511],[9.974892914863167,35.99459511938511],[9.974892914863167,35.99369680410099],[9.975791230147287,35.99369680410099],[9.975791230147287,35.99639174995335],[9.972197969010809,35.99639174995335]]]},"id":"+11104+40070","properties":{"count":12,"zone_degradee":1}},{"type":"Feature","geometry":{"geodesic":false,"type":"Polygon","coordinates":[[[9.975791230147287,35.43045312095805],[9.976689545431407,35.43045312095805],[9.976689545431407,35.43135143624217],[9.975791230147287,35.43135143624217],[9.975791230147287,35.43045312095805]]]},"id":"+11105+39441","properties":{"count":1,"zone_degradee":1}},{"type":"Feature","geometry":{"geodesic":false,"type":"Polygon","coordinates":[[[9.975791230147287,35.4834537227211],[9.976689545431407,35.4834537227211],[9.976689545431407,35.48435203800522],[9.975791230147287,35.48435203800522],[9.975791230147287,35.4834537227211]]]},"id":"+11105+39500","properties":{"count":1,"zone_degradee":1}},{"type":"Feature","geometry":{"geodesic":false,"type":"Polygon","coordinates":[[[9.975791230147287,35.50501328953997],[9.976689545431407,35.50501328953997],[9.976689545431407,35.505911604824085],[9.975791230147287,35.505911604824085],[9.975791230147287,35.50501328953997]]]},"id":"+11105+39524","properties":{"count":1,"zone_degradee":1}},{"type":"Feature","geometry":{"geodesic":false,"type":"Polygon","coordinates":[[[9.974892914863167,35.470877308743425],[9.974892914863167,35.46997899345931],[9.975791230147287,35.46997899345931],[9.975791230147287,35.46818236289107],[9.976689545431407,35.46818236289107],[9.976689545431407,35.46908067817519],[9.977587860715525,35.46908067817519],[9.977587860715525,35.470877308743425],[9.974892914863167,35.470877308743425]]]},"id":"+11106+39485","properties":{"count":6,"zone_degradee":1}},{"type":"Feature","geometry":{"geodesic":false,"type":"Polygon","coordinates":[[[9.976689545431407,35.570590305280696],[9.977587860715525,35.570590305280696],[9.977587860715525,35.571488620564814],[9.976689545431407,35.571488620564814],[9.976689545431407,35.570590305280696]]]},"id":"+11106+39597","properties":{"count":1,"zone_degradee":1}},{"type":"Feature","geometry":{"geodesic":false,"type":"Polygon","coordinates":[[[9.976689545431407,35.610116177781954],[9.977587860715525,35.610116177781954],[9.977587860715525,35.61101449306607],[9.976689545431407,35.61101449306607],[9.976689545431407,35.610116177781954]]]},"id":"+11106+39641","properties":{"count":1,"zone_degradee":1}},{"type":"Feature","geometry":{"geodesic":false,"type":"Polygon","coordinates":[[[9.976689545431407,35.61191280835019],[9.977587860715525,35.61191280835019],[9.977587860715525,35.61281112363431],[9.976689545431407,35.61281112363431],[9.976689545431407,35.61191280835019]]]},"id":"+11106+39643","properties":{"count":1,"zone_degradee":1}},{"type":"Feature","geometry":{"geodesic":false,"type":"Polygon","coordinates":[[[9.976689545431407,35.97393386785036],[9.977587860715525,35.97393386785036],[9.977587860715525,35.9757304984186],[9.976689545431407,35.9757304984186],[9.976689545431407,35.97393386785036]]]},"id":"+11106+40047","properties":{"count":2,"zone_degradee":1}},{"type":"Feature","geometry":{"geodesic":false,"type":"Polygon","coordinates":[[[9.973994599579047,35.984713651259796],[9.973994599579047,35.98291702069155],[9.978486175999645,35.98291702069155],[9.978486175999645,35.98381533597568],[9.977587860715525,35.98381533597568],[9.977587860715525,35.984713651259796],[9.973994599579047,35.984713651259796]]]},"id":"+11106+40057","properties":{"count":9,"zone_degradee":1}},{"type":"Feature","geometry":{"geodesic":false,"type":"Polygon","coordinates":[[[9.977587860715525,35.50052171311937],[9.978486175999645,35.50052171311937],[9.978486175999645,35.501420028403494],[9.977587860715525,35.501420028403494],[9.977587860715525,35.50052171311937]]]},"id":"+11107+39519","properties":{"count":1,"zone_degradee":1}},{"type":"Feature","geometry":{"geodesic":false,"type":"Polygon","coordinates":[[[9.976689545431407,35.58765829567896],[9.978486175999645,35.58765829567896],[9.978486175999645,35.58855661096308],[9.976689545431407,35.58855661096308],[9.976689545431407,35.58765829567896]]]},"id":"+11107+39616","properties":{"count":2,"zone_degradee":1}},{"type":"Feature","geometry":{"geodesic":false,"type":"Polygon","coordinates":[[[9.977587860715525,35.98830691239627],[9.978486175999645,35.98830691239627],[9.978486175999645,35.989205227680394],[9.977587860715525,35.989205227680394],[9.977587860715525,35.98830691239627]]]},"id":"+11107+40062","properties":{"count":1,"zone_degradee":1}},{"type":"Feature","geometry":{"geodesic":false,"type":"Polygon","coordinates":[[[9.975791230147287,35.99279848881687],[9.975791230147287,35.99100185824863],[9.974892914863167,35.99100185824863],[9.974892914863167,35.99010354296451],[9.976689545431407,35.99010354296451],[9.976689545431407,35.99100185824863],[9.978486175999645,35.99100185824863],[9.978486175999645,35.99010354296451],[9.981181121852003,35.99010354296451],[9.981181121852003,35.99190017353275],[9.978486175999645,35.99190017353275],[9.978486175999645,35.99279848881687],[9.975791230147287,35.99279848881687]]]},"id":"+11107+40066","properties":{"count":14,"zone_degradee":1}},{"type":"Feature","geometry":{"geodesic":false,"type":"Polygon","coordinates":[[[9.978486175999645,35.423266598685096],[9.979384491283765,35.423266598685096],[9.979384491283765,35.424164913969214],[9.978486175999645,35.424164913969214],[9.978486175999645,35.423266598685096]]]},"id":"+11108+39433","properties":{"count":1,"zone_degradee":1}},{"type":"Feature","geometry":{"geodesic":false,"type":"Polygon","coordinates":[[[9.976689545431407,35.481657092152865],[9.979384491283765,35.481657092152865],[9.979384491283765,35.4834537227211],[9.976689545431407,35.4834537227211],[9.976689545431407,35.481657092152865]]]},"id":"+11108+39499","properties":{"count":6,"zone_degradee":1}},{"type":"Feature","geometry":{"geodesic":false,"type":"Polygon","coordinates":[[[9.978486175999645,35.51399644238116],[9.979384491283765,35.51399644238116],[9.979384491283765,35.51489475766528],[9.978486175999645,35.51489475766528],[9.978486175999645,35.51399644238116]]]},"id":"+11108+39534","properties":{"count":1,"zone_degradee":1}},{"type":"Feature","geometry":{"geodesic":false,"type":"Polygon","coordinates":[[[9.978486175999645,35.57238693584893],[9.979384491283765,35.57238693584893],[9.979384491283765,35.57328525113305],[9.978486175999645,35.57328525113305],[9.978486175999645,35.57238693584893]]]},"id":"+11108+39599","properties":{"count":1,"zone_degradee":1}},{"type":"Feature","geometry":{"geodesic":false,"type":"Polygon","coordinates":[[[9.976689545431407,35.927221473076145],[9.976689545431407,35.92632315779203],[9.978486175999645,35.92632315779203],[9.978486175999645,35.92542484250791],[9.979384491283765,35.92542484250791],[9.979384491283765,35.927221473076145],[9.976689545431407,35.927221473076145]]]},"id":"+11108+39993","properties":{"count":4,"zone_degradee":1}},{"type":"Feature","geometry":{"geodesic":false,"type":"Polygon","coordinates":[[[9.978486175999645,35.98740859711215],[9.979384491283765,35.98740859711215],[9.979384491283765,35.98830691239627],[9.978486175999645,35.98830691239627],[9.978486175999645,35.98740859711215]]]},"id":"+11108+40061","properties":{"count":1,"zone_degradee":1}},{"type":"Feature","geometry":{"geodesic":false,"type":"Polygon","coordinates":[[[9.979384491283765,35.46369078647047],[9.980282806567883,35.46369078647047],[9.980282806567883,35.46458910175459],[9.979384491283765,35.46458910175459],[9.979384491283765,35.46369078647047]]]},"id":"+11109+39478","properties":{"count":1,"zone_degradee":1}},{"type":"Feature","geometry":{"geodesic":false,"type":"Polygon","coordinates":[[[9.979384491283765,35.637065636305536],[9.980282806567883,35.637065636305536],[9.980282806567883,35.63796395158966],[9.979384491283765,35.63796395158966],[9.979384491283765,35.637065636305536]]]},"id":"+11109+39671","properties":{"count":1,"zone_degradee":1}},{"type":"Feature","geometry":{"geodesic":false,"type":"Polygon","coordinates":[[[9.979384491283765,35.900272014552556],[9.980282806567883,35.900272014552556],[9.980282806567883,35.90117032983668],[9.979384491283765,35.90117032983668],[9.979384491283765,35.900272014552556]]]},"id":"+11109+39964","properties":{"count":1,"zone_degradee":1}},{"type":"Feature","geometry":{"geodesic":false,"type":"Polygon","coordinates":[[[9.979384491283765,35.46728404760695],[9.981181121852003,35.46728404760695],[9.981181121852003,35.46908067817519],[9.979384491283765,35.46908067817519],[9.979384491283765,35.46728404760695]]]},"id":"+11110+39483","properties":{"count":4,"zone_degradee":1}},{"type":"Feature","geometry":{"geodesic":false,"type":"Polygon","coordinates":[[[9.980282806567883,35.49962339783525],[9.981181121852003,35.49962339783525],[9.981181121852003,35.50052171311937],[9.980282806567883,35.50052171311937],[9.980282806567883,35.49962339783525]]]},"id":"+11110+39518","properties":{"count":1,"zone_degradee":1}},{"type":"Feature","geometry":{"geodesic":false,"type":"Polygon","coordinates":[[[9.980282806567883,35.58765829567896],[9.981181121852003,35.58765829567896],[9.981181121852003,35.58855661096308],[9.980282806567883,35.58855661096308],[9.980282806567883,35.58765829567896]]]},"id":"+11110+39616","properties":{"count":1,"zone_degradee":1}},{"type":"Feature","geometry":{"geodesic":false,"type":"Polygon","coordinates":[[[9.980282806567883,35.656828572556165],[9.981181121852003,35.656828572556165],[9.981181121852003,35.65772688784029],[9.980282806567883,35.65772688784029],[9.980282806567883,35.656828572556165]]]},"id":"+11110+39693","properties":{"count":1,"zone_degradee":1}},{"type":"Feature","geometry":{"geodesic":false,"type":"Polygon","coordinates":[[[9.980282806567883,35.798762387447056],[9.981181121852003,35.798762387447056],[9.981181121852003,35.799660702731174],[9.980282806567883,35.799660702731174],[9.980282806567883,35.798762387447056]]]},"id":"+11110+39851","properties":{"count":1,"zone_degradee":1}},{"type":"Feature","geometry":{"geodesic":false,"type":"Polygon","coordinates":[[[9.981181121852003,35.4834537227211],[9.982079437136123,35.4834537227211],[9.982079437136123,35.48435203800522],[9.981181121852003,35.48435203800522],[9.981181121852003,35.4834537227211]]]},"id":"+11111+39500","properties":{"count":1,"zone_degradee":1}},{"type":"Feature","geometry":{"geodesic":false,"type":"Polygon","coordinates":[[[9.980282806567883,35.53825095505239],[9.982079437136123,35.53825095505239],[9.982079437136123,35.54094590090475],[9.980282806567883,35.54094590090475],[9.980282806567883,35.53825095505239]]]},"id":"+11111+39563","properties":{"count":6,"zone_degradee":1}},{"type":"Feature","geometry":{"geodesic":false,"type":"Polygon","coordinates":[[[9.978486175999645,35.62089596119139],[9.978486175999645,35.61909933062315],[9.977587860715525,35.61909933062315],[9.977587860715525,35.61730270005491],[9.979384491283765,35.61730270005491],[9.979384491283765,35.61820101533903],[9.981181121852003,35.61820101533903],[9.981181121852003,35.61909933062315],[9.982079437136123,35.61909933062315],[9.982079437136123,35.62089596119139],[9.978486175999645,35.62089596119139]]]},"id":"+11111+39652","properties":{"count":14,"zone_degradee":1}},{"type":"Feature","geometry":{"geodesic":false,"type":"Polygon","coordinates":[[[9.981181121852003,35.99459511938511],[9.982079437136123,35.99459511938511],[9.982079437136123,35.99549343466923],[9.981181121852003,35.99549343466923],[9.981181121852003,35.99459511938511]]]},"id":"+11111+40069","properties":{"count":1,"zone_degradee":1}},{"type":"Feature","geometry":{"geodesic":false,"type":"Polygon","coordinates":[[[9.982079437136123,35.481657092152865],[9.982079437136123,35.48075877686874],[9.981181121852003,35.48075877686874],[9.981181121852003,35.478063831016385],[9.982079437136123,35.478063831016385],[9.982079437136123,35.4789621463005],[9.982977752420243,35.4789621463005],[9.982977752420243,35.481657092152865],[9.982079437136123,35.481657092152865]]]},"id":"+11112+39497","properties":{"count":6,"zone_degradee":1}},{"type":"Feature","geometry":{"geodesic":false,"type":"Polygon","coordinates":[[[9.982079437136123,35.48255540743698],[9.982977752420243,35.48255540743698],[9.982977752420243,35.4834537227211],[9.982079437136123,35.4834537227211],[9.982079437136123,35.48255540743698]]]},"id":"+11112+39499","properties":{"count":1,"zone_degradee":1}},{"type":"Feature","geometry":{"geodesic":false,"type":"Polygon","coordinates":[[[9.982079437136123,35.544539162041225],[9.982977752420243,35.544539162041225],[9.982977752420243,35.54543747732535],[9.982079437136123,35.54543747732535],[9.982079437136123,35.544539162041225]]]},"id":"+11112+39568","properties":{"count":1,"zone_degradee":1}},{"type":"Feature","geometry":{"geodesic":false,"type":"Polygon","coordinates":[[[9.982079437136123,35.644252158578496],[9.982977752420243,35.644252158578496],[9.982977752420243,35.645150473862614],[9.982079437136123,35.645150473862614],[9.982079437136123,35.644252158578496]]]},"id":"+11112+39679","properties":{"count":1,"zone_degradee":1}},{"type":"Feature","geometry":{"geodesic":false,"type":"Polygon","coordinates":[[[9.982977752420243,35.46458910175459],[9.983876067704362,35.46458910175459],[9.983876067704362,35.46548741703871],[9.982977752420243,35.46548741703871],[9.982977752420243,35.46458910175459]]]},"id":"+11113+39479","properties":{"count":1,"zone_degradee":1}},{"type":"Feature","geometry":{"geodesic":false,"type":"Polygon","coordinates":[[[9.982977752420243,35.46908067817519],[9.982977752420243,35.46638573232283],[9.983876067704362,35.46638573232283],[9.983876067704362,35.46548741703871],[9.984774382988482,35.46548741703871],[9.984774382988482,35.46818236289107],[9.983876067704362,35.46818236289107],[9.983876067704362,35.46908067817519],[9.982977752420243,35.46908067817519]]]},"id":"+11113+39483","properties":{"count":6,"zone_degradee":1}},{"type":"Feature","geometry":{"geodesic":false,"type":"Polygon","coordinates":[[[9.981181121852003,35.4879452991417],[9.983876067704362,35.4879452991417],[9.983876067704362,35.489741929709936],[9.981181121852003,35.489741929709936],[9.981181121852003,35.4879452991417]]]},"id":"+11113+39506","properties":{"count":6,"zone_degradee":1}},{"type":"Feature","geometry":{"geodesic":false,"type":"Polygon","coordinates":[[[9.982977752420243,35.51219981181293],[9.983876067704362,35.51219981181293],[9.983876067704362,35.513098127097045],[9.982977752420243,35.513098127097045],[9.982977752420243,35.51219981181293]]]},"id":"+11113+39532","properties":{"count":1,"zone_degradee":1}},{"type":"Feature","geometry":{"geodesic":false,"type":"Polygon","coordinates":[[[9.982977752420243,35.59664144852016],[9.982977752420243,35.59484481795192],[9.984774382988482,35.59484481795192],[9.984774382988482,35.59574313323604],[9.983876067704362,35.59574313323604],[9.983876067704362,35.59664144852016],[9.982977752420243,35.59664144852016]]]},"id":"+11113+39625","properties":{"count":3,"zone_degradee":1}},{"type":"Feature","geometry":{"geodesic":false,"type":"Polygon","coordinates":[[[9.982977752420243,35.54184421618887],[9.984774382988482,35.54184421618887],[9.984774382988482,35.54274253147299],[9.982977752420243,35.54274253147299],[9.982977752420243,35.54184421618887]]]},"id":"+11114+39565","properties":{"count":2,"zone_degradee":1}},{"type":"Feature","geometry":{"geodesic":false,"type":"Polygon","coordinates":[[[9.983876067704362,35.66581172539736],[9.984774382988482,35.66581172539736],[9.984774382988482,35.66671004068148],[9.983876067704362,35.66671004068148],[9.983876067704362,35.66581172539736]]]},"id":"+11114+39703","properties":{"count":1,"zone_degradee":1}},{"type":"Feature","geometry":{"geodesic":false,"type":"Polygon","coordinates":[[[9.981181121852003,35.85894951148306],[9.981181121852003,35.85805119619894],[9.978486175999645,35.85805119619894],[9.978486175999645,35.857152880914825],[9.985672698272602,35.857152880914825],[9.985672698272602,35.85805119619894],[9.984774382988482,35.85805119619894],[9.984774382988482,35.85894951148306],[9.981181121852003,35.85894951148306]]]},"id":"+11114+39917","properties":{"count":12,"zone_degradee":1}},{"type":"Feature","geometry":{"geodesic":false,"type":"Polygon","coordinates":[[[9.982977752420243,35.48525035328934],[9.985672698272602,35.48525035328934],[9.985672698272602,35.48704698385758],[9.982977752420243,35.48704698385758],[9.982977752420243,35.48525035328934]]]},"id":"+11115+39503","properties":{"count":6,"zone_degradee":1}},{"type":"Feature","geometry":{"geodesic":false,"type":"Polygon","coordinates":[[[9.984774382988482,35.51399644238116],[9.985672698272602,35.51399644238116],[9.985672698272602,35.51579307294941],[9.984774382988482,35.51579307294941],[9.984774382988482,35.51399644238116]]]},"id":"+11115+39535","properties":{"count":2,"zone_degradee":1}},{"type":"Feature","geometry":{"geodesic":false,"type":"Polygon","coordinates":[[[9.984774382988482,35.65772688784029],[9.985672698272602,35.65772688784029],[9.985672698272602,35.65862520312441],[9.984774382988482,35.65862520312441],[9.984774382988482,35.65772688784029]]]},"id":"+11115+39694","properties":{"count":1,"zone_degradee":1}},{"type":"Feature","geometry":{"geodesic":false,"type":"Polygon","coordinates":[[[9.985672698272602,35.60472628607724],[9.986571013556722,35.60472628607724],[9.986571013556722,35.605624601361356],[9.985672698272602,35.605624601361356],[9.985672698272602,35.60472628607724]]]},"id":"+11116+39635","properties":{"count":1,"zone_degradee":1}},{"type":"Feature","geometry":{"geodesic":false,"type":"Polygon","coordinates":[[[9.984774382988482,35.64604878914673],[9.986571013556722,35.64604878914673],[9.986571013556722,35.647845419714976],[9.984774382988482,35.647845419714976],[9.984774382988482,35.64604878914673]]]},"id":"+11116+39682","properties":{"count":4,"zone_degradee":1}},{"type":"Feature","geometry":{"geodesic":false,"type":"Polygon","coordinates":[[[9.982977752420243,35.94428946347441],[9.982977752420243,35.942492832906176],[9.985672698272602,35.942492832906176],[9.985672698272602,35.943391148190294],[9.986571013556722,35.943391148190294],[9.986571013556722,35.94428946347441],[9.982977752420243,35.94428946347441]]]},"id":"+11116+40012","properties":{"count":7,"zone_degradee":1}},{"type":"Feature","geometry":{"geodesic":false,"type":"Polygon","coordinates":[[[9.985672698272602,35.404401977718585],[9.98746932884084,35.404401977718585],[9.98746932884084,35.4053002930027],[9.985672698272602,35.4053002930027],[9.985672698272602,35.404401977718585]]]},"id":"+11117+39412","properties":{"count":2,"zone_degradee":1}},{"type":"Feature","geometry":{"geodesic":false,"type":"Polygon","coordinates":[[[9.986571013556722,35.94428946347441],[9.98746932884084,35.94428946347441],[9.98746932884084,35.946086094042656],[9.986571013556722,35.946086094042656],[9.986571013556722,35.94428946347441]]]},"id":"+11117+40014","properties":{"count":2,"zone_degradee":1}},{"type":"Feature","geometry":{"geodesic":false,"type":"Polygon","coordinates":[[[9.984774382988482,36.008069848646905],[9.984774382988482,36.00717153336278],[9.986571013556722,36.00717153336278],[9.986571013556722,36.00627321807866],[9.98746932884084,36.00627321807866],[9.98746932884084,36.008069848646905],[9.984774382988482,36.008069848646905]]]},"id":"+11117+40083","properties":{"count":4,"zone_degradee":1}},{"type":"Feature","geometry":{"geodesic":false,"type":"Polygon","coordinates":[[[9.98746932884084,35.423266598685096],[9.98836764412496,35.423266598685096],[9.98836764412496,35.424164913969214],[9.98746932884084,35.424164913969214],[9.98746932884084,35.423266598685096]]]},"id":"+11118+39433","properties":{"count":1,"zone_degradee":1}},{"type":"Feature","geometry":{"geodesic":false,"type":"Polygon","coordinates":[[[9.986571013556722,35.59753976380428],[9.98836764412496,35.59753976380428],[9.98836764412496,35.598438079088396],[9.986571013556722,35.598438079088396],[9.986571013556722,35.59753976380428]]]},"id":"+11118+39627","properties":{"count":2,"zone_degradee":1}},{"type":"Feature","geometry":{"geodesic":false,"type":"Polygon","coordinates":[[[9.986571013556722,35.65772688784029],[9.986571013556722,35.656828572556165],[9.98746932884084,35.656828572556165],[9.98746932884084,35.65593025727205],[9.98836764412496,35.65593025727205],[9.98836764412496,35.65772688784029],[9.986571013556722,35.65772688784029]]]},"id":"+11118+39693","properties":{"count":3,"zone_degradee":1}},{"type":"Feature","geometry":{"geodesic":false,"type":"Polygon","coordinates":[[[9.98836764412496,35.47536888516402],[9.98926595940908,35.47536888516402],[9.98926595940908,35.47716551573227],[9.98836764412496,35.47716551573227],[9.98836764412496,35.47536888516402]]]},"id":"+11119+39492","properties":{"count":2,"zone_degradee":1}},{"type":"Feature","geometry":{"geodesic":false,"type":"Polygon","coordinates":[[[9.98836764412496,35.49962339783525],[9.98836764412496,35.49872508255113],[9.98746932884084,35.49872508255113],[9.98746932884084,35.497826767267014],[9.98926595940908,35.497826767267014],[9.98926595940908,35.49962339783525],[9.98836764412496,35.49962339783525]]]},"id":"+11119+39517","properties":{"count":3,"zone_degradee":1}},{"type":"Feature","geometry":{"geodesic":false,"type":"Polygon","coordinates":[[[9.98836764412496,35.54094590090475],[9.98926595940908,35.54094590090475],[9.98926595940908,35.54184421618887],[9.98836764412496,35.54184421618887],[9.98836764412496,35.54094590090475]]]},"id":"+11119+39564","properties":{"count":1,"zone_degradee":1}},{"type":"Feature","geometry":{"geodesic":false,"type":"Polygon","coordinates":[[[9.98746932884084,35.6352690057373],[9.98926595940908,35.6352690057373],[9.98926595940908,35.63616732102142],[9.98746932884084,35.63616732102142],[9.98746932884084,35.6352690057373]]]},"id":"+11119+39669","properties":{"count":2,"zone_degradee":1}},{"type":"Feature","geometry":{"geodesic":false,"type":"Polygon","coordinates":[[[9.98836764412496,35.641557212726134],[9.98836764412496,35.640658897442016],[9.986571013556722,35.640658897442016],[9.986571013556722,35.6397605821579],[9.98926595940908,35.6397605821579],[9.98926595940908,35.641557212726134],[9.98836764412496,35.641557212726134]]]},"id":"+11119+39675","properties":{"count":4,"zone_degradee":1}},{"type":"Feature","geometry":{"geodesic":false,"type":"Polygon","coordinates":[[[9.98836764412496,35.75564325380932],[9.9901642746932,35.75564325380932],[9.9901642746932,35.757439884377554],[9.98836764412496,35.757439884377554],[9.98836764412496,35.75564325380932]]]},"id":"+11120+39804","properties":{"count":4,"zone_degradee":1}},{"type":"Feature","geometry":{"geodesic":false,"type":"Polygon","coordinates":[[[9.98926595940908,35.82301690011828],[9.9901642746932,35.82301690011828],[9.9901642746932,35.8239152154024],[9.98926595940908,35.8239152154024],[9.98926595940908,35.82301690011828]]]},"id":"+11120+39878","properties":{"count":1,"zone_degradee":1}},{"type":"Feature","geometry":{"geodesic":false,"type":"Polygon","coordinates":[[[9.98926595940908,35.87871244773369],[9.9901642746932,35.87871244773369],[9.9901642746932,35.87961076301781],[9.98926595940908,35.87961076301781],[9.98926595940908,35.87871244773369]]]},"id":"+11120+39940","properties":{"count":1,"zone_degradee":1}},{"type":"Feature","geometry":{"geodesic":false,"type":"Polygon","coordinates":[[[9.98836764412496,36.00357827222631],[9.98836764412496,36.00267995694218],[9.986571013556722,36.00267995694218],[9.986571013556722,35.99998501108983],[9.98926595940908,35.99998501108983],[9.98926595940908,36.000883326373945],[9.9901642746932,36.000883326373945],[9.9901642746932,36.00357827222631],[9.98836764412496,36.00357827222631]]]},"id":"+11120+40078","properties":{"count":13,"zone_degradee":1}},{"type":"Feature","geometry":{"geodesic":false,"type":"Polygon","coordinates":[[[9.98836764412496,35.4187750222645],[9.991062589977318,35.4187750222645],[9.991062589977318,35.419673337548616],[9.98836764412496,35.419673337548616],[9.98836764412496,35.4187750222645]]]},"id":"+11121+39428","properties":{"count":3,"zone_degradee":1}},{"type":"Feature","geometry":{"geodesic":false,"type":"Polygon","coordinates":[[[9.991062589977318,35.43674132794688],[9.991960905261438,35.43674132794688],[9.991960905261438,35.43853795851513],[9.991062589977318,35.43853795851513],[9.991062589977318,35.43674132794688]]]},"id":"+11122+39449","properties":{"count":2,"zone_degradee":1}},{"type":"Feature","geometry":{"geodesic":false,"type":"Polygon","coordinates":[[[9.98926595940908,35.46818236289107],[9.991960905261438,35.46818236289107],[9.991960905261438,35.46997899345931],[9.98926595940908,35.46997899345931],[9.98926595940908,35.46818236289107]]]},"id":"+11122+39484","properties":{"count":6,"zone_degradee":1}},{"type":"Feature","geometry":{"geodesic":false,"type":"Polygon","coordinates":[[[9.991062589977318,35.49962339783525],[9.991960905261438,35.49962339783525],[9.991960905261438,35.50052171311937],[9.991062589977318,35.50052171311937],[9.991062589977318,35.49962339783525]]]},"id":"+11122+39518","properties":{"count":1,"zone_degradee":1}},{"type":"Feature","geometry":{"geodesic":false,"type":"Polygon","coordinates":[[[9.9901642746932,35.93350968006498],[9.991960905261438,35.93350968006498],[9.991960905261438,35.9344079953491],[9.9901642746932,35.9344079953491],[9.9901642746932,35.93350968006498]]]},"id":"+11122+40001","properties":{"count":2,"zone_degradee":1}},{"type":"Feature","geometry":{"geodesic":false,"type":"Polygon","coordinates":[[[9.9901642746932,35.93620462591734],[9.991960905261438,35.93620462591734],[9.991960905261438,35.93710294120146],[9.9901642746932,35.93710294120146],[9.9901642746932,35.93620462591734]]]},"id":"+11122+40004","properties":{"count":2,"zone_degradee":1}},{"type":"Feature","geometry":{"geodesic":false,"type":"Polygon","coordinates":[[[9.991960905261438,35.486148668573456],[9.992859220545558,35.486148668573456],[9.992859220545558,35.48704698385758],[9.991960905261438,35.48704698385758],[9.991960905261438,35.486148668573456]]]},"id":"+11123+39503","properties":{"count":1,"zone_degradee":1}},{"type":"Feature","geometry":{"geodesic":false,"type":"Polygon","coordinates":[[[9.991960905261438,35.55082736903007],[9.992859220545558,35.55082736903007],[9.992859220545558,35.551725684314185],[9.991960905261438,35.551725684314185],[9.991960905261438,35.55082736903007]]]},"id":"+11123+39575","properties":{"count":1,"zone_degradee":1}},{"type":"Feature","geometry":{"geodesic":false,"type":"Polygon","coordinates":[[[9.98926595940908,35.6720999323862],[9.98926595940908,35.67120161710208],[9.991062589977318,35.67120161710208],[9.991062589977318,35.67030330181796],[9.991960905261438,35.67030330181796],[9.991960905261438,35.66940498653384],[9.994655851113796,35.66940498653384],[9.994655851113796,35.67120161710208],[9.992859220545558,35.67120161710208],[9.992859220545558,35.6720999323862],[9.98926595940908,35.6720999323862]]]},"id":"+11123+39709","properties":{"count":11,"zone_degradee":1}},{"type":"Feature","geometry":{"geodesic":false,"type":"Polygon","coordinates":[[[9.991960905261438,35.679286454659156],[9.992859220545558,35.679286454659156],[9.992859220545558,35.680184769943274],[9.991960905261438,35.680184769943274],[9.991960905261438,35.679286454659156]]]},"id":"+11123+39718","properties":{"count":1,"zone_degradee":1}},{"type":"Feature","geometry":{"geodesic":false,"type":"Polygon","coordinates":[[[9.991062589977318,35.92183158137143],[9.992859220545558,35.92183158137143],[9.992859220545558,35.92542484250791],[9.991062589977318,35.92542484250791],[9.991062589977318,35.92183158137143]]]},"id":"+11123+39991","properties":{"count":8,"zone_degradee":1}},{"type":"Feature","geometry":{"geodesic":false,"type":"Polygon","coordinates":[[[9.992859220545558,35.48255540743698],[9.992859220545558,35.48075877686874],[9.994655851113796,35.48075877686874],[9.994655851113796,35.481657092152865],[9.993757535829678,35.481657092152865],[9.993757535829678,35.48255540743698],[9.992859220545558,35.48255540743698]]]},"id":"+11124+39498","properties":{"count":3,"zone_degradee":1}},{"type":"Feature","geometry":{"geodesic":false,"type":"Polygon","coordinates":[[[9.992859220545558,35.4924368755623],[9.993757535829678,35.4924368755623],[9.993757535829678,35.493335190846416],[9.992859220545558,35.493335190846416],[9.992859220545558,35.4924368755623]]]},"id":"+11124+39510","properties":{"count":1,"zone_degradee":1}},{"type":"Feature","geometry":{"geodesic":false,"type":"Polygon","coordinates":[[[9.991960905261438,35.97662881370272],[9.993757535829678,35.97662881370272],[9.993757535829678,35.977527128986836],[9.991960905261438,35.977527128986836],[9.991960905261438,35.97662881370272]]]},"id":"+11124+40049","properties":{"count":2,"zone_degradee":1}},{"type":"Feature","geometry":{"geodesic":false,"type":"Polygon","coordinates":[[[9.992859220545558,36.01884963205634],[9.993757535829678,36.01884963205634],[9.993757535829678,36.019747947340456],[9.992859220545558,36.019747947340456],[9.992859220545558,36.01884963205634]]]},"id":"+11124+40096","properties":{"count":1,"zone_degradee":1}},{"type":"Feature","geometry":{"geodesic":false,"type":"Polygon","coordinates":[[[9.993757535829678,35.41338513055978],[9.994655851113796,35.41338513055978],[9.994655851113796,35.41518176112802],[9.993757535829678,35.41518176112802],[9.993757535829678,35.41338513055978]]]},"id":"+11125+39423","properties":{"count":2,"zone_degradee":1}},{"type":"Feature","geometry":{"geodesic":false,"type":"Polygon","coordinates":[[[9.992859220545558,35.43404638209453],[9.994655851113796,35.43404638209453],[9.994655851113796,35.435843012662765],[9.992859220545558,35.435843012662765],[9.992859220545558,35.43404638209453]]]},"id":"+11125+39446","properties":{"count":4,"zone_degradee":1}},{"type":"Feature","geometry":{"geodesic":false,"type":"Polygon","coordinates":[[[9.993757535829678,36.03232436131813],[9.994655851113796,36.03232436131813],[9.994655851113796,36.03322267660225],[9.993757535829678,36.03322267660225],[9.993757535829678,36.03232436131813]]]},"id":"+11125+40111","properties":{"count":1,"zone_degradee":1}},{"type":"Feature","geometry":{"geodesic":false,"type":"Polygon","coordinates":[[[9.994655851113796,35.45740257948164],[9.995554166397916,35.45740257948164],[9.995554166397916,35.458300894765756],[9.994655851113796,35.458300894765756],[9.994655851113796,35.45740257948164]]]},"id":"+11126+39471","properties":{"count":1,"zone_degradee":1}},{"type":"Feature","geometry":{"geodesic":false,"type":"Polygon","coordinates":[[[9.994655851113796,35.47626720044814],[9.995554166397916,35.47626720044814],[9.995554166397916,35.47716551573227],[9.994655851113796,35.47716551573227],[9.994655851113796,35.47626720044814]]]},"id":"+11126+39492","properties":{"count":1,"zone_degradee":1}},{"type":"Feature","geometry":{"geodesic":false,"type":"Polygon","coordinates":[[[9.993757535829678,35.50860655067645],[9.995554166397916,35.50860655067645],[9.995554166397916,35.509504865960565],[9.993757535829678,35.509504865960565],[9.993757535829678,35.50860655067645]]]},"id":"+11126+39528","properties":{"count":2,"zone_degradee":1}},{"type":"Feature","geometry":{"geodesic":false,"type":"Polygon","coordinates":[[[9.994655851113796,35.647845419714976],[9.995554166397916,35.647845419714976],[9.995554166397916,35.65054036556733],[9.994655851113796,35.65054036556733],[9.994655851113796,35.647845419714976]]]},"id":"+11126+39685","properties":{"count":3,"zone_degradee":1}},{"type":"Feature","geometry":{"geodesic":false,"type":"Polygon","coordinates":[[[9.994655851113796,35.656828572556165],[9.994655851113796,35.65503194198793],[9.995554166397916,35.65503194198793],[9.995554166397916,35.65323531141969],[9.999147427534394,35.65323531141969],[9.999147427534394,35.65503194198793],[9.996452481682036,35.65503194198793],[9.996452481682036,35.656828572556165],[9.994655851113796,35.656828572556165]]]},"id":"+11127+39692","properties":{"count":12,"zone_degradee":1}},{"type":"Feature","geometry":{"geodesic":false,"type":"Polygon","coordinates":[[[9.995554166397916,35.791575865174096],[9.996452481682036,35.791575865174096],[9.996452481682036,35.792474180458214],[9.995554166397916,35.792474180458214],[9.995554166397916,35.791575865174096]]]},"id":"+11127+39843","properties":{"count":1,"zone_degradee":1}},{"type":"Feature","geometry":{"geodesic":false,"type":"Polygon","coordinates":[[[9.996452481682036,35.47177562402754],[9.997350796966154,35.47177562402754],[9.997350796966154,35.47267393931167],[9.996452481682036,35.47267393931167],[9.996452481682036,35.47177562402754]]]},"id":"+11128+39487","properties":{"count":1,"zone_degradee":1}},{"type":"Feature","geometry":{"geodesic":false,"type":"Polygon","coordinates":[[[9.996452481682036,35.52387791050648],[9.997350796966154,35.52387791050648],[9.997350796966154,35.524776225790596],[9.996452481682036,35.524776225790596],[9.996452481682036,35.52387791050648]]]},"id":"+11128+39545","properties":{"count":1,"zone_degradee":1}},{"type":"Feature","geometry":{"geodesic":false,"type":"Polygon","coordinates":[[[9.996452481682036,35.58586166511073],[9.997350796966154,35.58586166511073],[9.997350796966154,35.586759980394845],[9.996452481682036,35.586759980394845],[9.996452481682036,35.58586166511073]]]},"id":"+11128+39614","properties":{"count":1,"zone_degradee":1}},{"type":"Feature","geometry":{"geodesic":false,"type":"Polygon","coordinates":[[[9.995554166397916,35.63616732102142],[9.995554166397916,35.6352690057373],[9.993757535829678,35.6352690057373],[9.993757535829678,35.63437069045318],[9.996452481682036,35.63437069045318],[9.996452481682036,35.63347237516906],[9.999147427534394,35.63347237516906],[9.999147427534394,35.6352690057373],[9.997350796966154,35.6352690057373],[9.997350796966154,35.63616732102142],[9.995554166397916,35.63616732102142]]]},"id":"+11128+39669","properties":{"count":11,"zone_degradee":1}},{"type":"Feature","geometry":{"geodesic":false,"type":"Polygon","coordinates":[[[9.996452481682036,35.94788272461089],[9.997350796966154,35.94788272461089],[9.997350796966154,35.94878103989501],[9.996452481682036,35.94878103989501],[9.996452481682036,35.94788272461089]]]},"id":"+11128+40017","properties":{"count":1,"zone_degradee":1}},{"type":"Feature","geometry":{"geodesic":false,"type":"Polygon","coordinates":[[[9.995554166397916,35.95237430103149],[9.997350796966154,35.95237430103149],[9.997350796966154,35.95417093159973],[9.995554166397916,35.95417093159973],[9.995554166397916,35.95237430103149]]]},"id":"+11128+40023","properties":{"count":4,"zone_degradee":1}},{"type":"Feature","geometry":{"geodesic":false,"type":"Polygon","coordinates":[[[9.996452481682036,35.985611966543914],[9.997350796966154,35.985611966543914],[9.997350796966154,35.98651028182803],[9.996452481682036,35.98651028182803],[9.996452481682036,35.985611966543914]]]},"id":"+11128+40059","properties":{"count":1,"zone_degradee":1}},{"type":"Feature","geometry":{"geodesic":false,"type":"Polygon","coordinates":[[[9.997350796966154,35.42865649038981],[9.998249112250274,35.42865649038981],[9.998249112250274,35.42955480567393],[9.997350796966154,35.42955480567393],[9.997350796966154,35.42865649038981]]]},"id":"+11129+39439","properties":{"count":1,"zone_degradee":1}},{"type":"Feature","geometry":{"geodesic":false,"type":"Polygon","coordinates":[[[9.992859220545558,35.61820101533903],[9.992859220545558,35.61640438477079],[9.995554166397916,35.61640438477079],[9.995554166397916,35.61730270005491],[9.996452481682036,35.61730270005491],[9.996452481682036,35.61640438477079],[9.997350796966154,35.61640438477079],[9.997350796966154,35.61730270005491],[9.998249112250274,35.61730270005491],[9.998249112250274,35.61820101533903],[9.992859220545558,35.61820101533903]]]},"id":"+11129+39649","properties":{"count":10,"zone_degradee":1}},{"type":"Feature","geometry":{"geodesic":false,"type":"Polygon","coordinates":[[[9.997350796966154,35.656828572556165],[9.998249112250274,35.656828572556165],[9.998249112250274,35.65772688784029],[9.997350796966154,35.65772688784029],[9.997350796966154,35.656828572556165]]]},"id":"+11129+39693","properties":{"count":1,"zone_degradee":1}},{"type":"Feature","geometry":{"geodesic":false,"type":"Polygon","coordinates":[[[9.997350796966154,35.67299824767032],[9.998249112250274,35.67299824767032],[9.998249112250274,35.675693193522676],[9.997350796966154,35.675693193522676],[9.997350796966154,35.67299824767032]]]},"id":"+11129+39713","properties":{"count":3,"zone_degradee":1}},{"type":"Feature","geometry":{"geodesic":false,"type":"Polygon","coordinates":[[[9.997350796966154,35.984713651259796],[9.998249112250274,35.984713651259796],[9.998249112250274,35.985611966543914],[9.997350796966154,35.985611966543914],[9.997350796966154,35.984713651259796]]]},"id":"+11129+40058","properties":{"count":1,"zone_degradee":1}},{"type":"Feature","geometry":{"geodesic":false,"type":"Polygon","coordinates":[[[9.998249112250274,35.50770823539233],[9.999147427534394,35.50770823539233],[9.999147427534394,35.509504865960565],[9.998249112250274,35.509504865960565],[9.998249112250274,35.50770823539233]]]},"id":"+11130+39528","properties":{"count":2,"zone_degradee":1}},{"type":"Feature","geometry":{"geodesic":false,"type":"Polygon","coordinates":[[[9.999147427534394,35.4879452991417],[10.000045742818514,35.4879452991417],[10.000045742818514,35.48884361442582],[9.999147427534394,35.48884361442582],[9.999147427534394,35.4879452991417]]]},"id":"+11131+39505","properties":{"count":1,"zone_degradee":1}},{"type":"Feature","geometry":{"geodesic":false,"type":"Polygon","coordinates":[[[9.999147427534394,35.753846623241074],[9.999147427534394,35.75204999267284],[9.998249112250274,35.75204999267284],[9.998249112250274,35.7502533621046],[9.999147427534394,35.7502533621046],[9.999147427534394,35.75115167738872],[10.000045742818514,35.75115167738872],[10.000045742818514,35.753846623241074],[9.999147427534394,35.753846623241074]]]},"id":"+11131+39800","properties":{"count":5,"zone_degradee":1}},{"type":"Feature","geometry":{"geodesic":false,"type":"Polygon","coordinates":[[[9.999147427534394,35.978425444270954],[10.000045742818514,35.978425444270954],[10.000045742818514,35.97932375955508],[9.999147427534394,35.97932375955508],[9.999147427534394,35.978425444270954]]]},"id":"+11131+40051","properties":{"count":1,"zone_degradee":1}},{"type":"Feature","geometry":{"geodesic":false,"type":"Polygon","coordinates":[[[9.999147427534394,35.55352231488242],[9.999147427534394,35.551725684314185],[10.001842373386753,35.551725684314185],[10.001842373386753,35.5526239995983],[10.000944058102633,35.5526239995983],[10.000944058102633,35.55352231488242],[9.999147427534394,35.55352231488242]]]},"id":"+11132+39577","properties":{"count":5,"zone_degradee":1}},{"type":"Feature","geometry":{"geodesic":false,"type":"Polygon","coordinates":[[[10.000045742818514,35.74216852454752],[10.000944058102633,35.74216852454752],[10.000944058102633,35.74306683983164],[10.000045742818514,35.74306683983164],[10.000045742818514,35.74216852454752]]]},"id":"+11132+39788","properties":{"count":1,"zone_degradee":1}},{"type":"Feature","geometry":{"geodesic":false,"type":"Polygon","coordinates":[[[9.999147427534394,35.88679728529077],[10.000944058102633,35.88679728529077],[10.000944058102633,35.88769560057489],[9.999147427534394,35.88769560057489],[9.999147427534394,35.88679728529077]]]},"id":"+11132+39949","properties":{"count":2,"zone_degradee":1}},{"type":"Feature","geometry":{"geodesic":false,"type":"Polygon","coordinates":[[[9.999147427534394,35.981120390123316],[10.000944058102633,35.981120390123316],[10.000944058102633,35.98291702069155],[9.999147427534394,35.98291702069155],[9.999147427534394,35.981120390123316]]]},"id":"+11132+40055","properties":{"count":4,"zone_degradee":1}},{"type":"Feature","geometry":{"geodesic":false,"type":"Polygon","coordinates":[[[10.000045742818514,36.019747947340456],[10.000944058102633,36.019747947340456],[10.000944058102633,36.020646262624574],[10.000045742818514,36.020646262624574],[10.000045742818514,36.019747947340456]]]},"id":"+11132+40097","properties":{"count":1,"zone_degradee":1}},{"type":"Feature","geometry":{"geodesic":false,"type":"Polygon","coordinates":[[[10.000045742818514,35.43674132794688],[10.001842373386753,35.43674132794688],[10.001842373386753,35.43853795851513],[10.000045742818514,35.43853795851513],[10.000045742818514,35.43674132794688]]]},"id":"+11133+39449","properties":{"count":4,"zone_degradee":1}},{"type":"Feature","geometry":{"geodesic":false,"type":"Polygon","coordinates":[[[10.000944058102633,35.443029534935725],[10.001842373386753,35.443029534935725],[10.001842373386753,35.44392785021984],[10.000944058102633,35.44392785021984],[10.000944058102633,35.443029534935725]]]},"id":"+11133+39455","properties":{"count":1,"zone_degradee":1}},{"type":"Feature","geometry":{"geodesic":false,"type":"Polygon","coordinates":[[[10.000045742818514,35.490640244994054],[10.001842373386753,35.490640244994054],[10.001842373386753,35.4924368755623],[10.000045742818514,35.4924368755623],[10.000045742818514,35.490640244994054]]]},"id":"+11133+39509","properties":{"count":4,"zone_degradee":1}},{"type":"Feature","geometry":{"geodesic":false,"type":"Polygon","coordinates":[[[10.000944058102633,35.63616732102142],[10.001842373386753,35.63616732102142],[10.001842373386753,35.637065636305536],[10.000944058102633,35.637065636305536],[10.000944058102633,35.63616732102142]]]},"id":"+11133+39670","properties":{"count":1,"zone_degradee":1}},{"type":"Feature","geometry":{"geodesic":false,"type":"Polygon","coordinates":[[[10.000944058102633,35.741270209263405],[10.001842373386753,35.741270209263405],[10.001842373386753,35.74216852454752],[10.000944058102633,35.74216852454752],[10.000944058102633,35.741270209263405]]]},"id":"+11133+39787","properties":{"count":1,"zone_degradee":1}},{"type":"Feature","geometry":{"geodesic":false,"type":"Polygon","coordinates":[[[10.000944058102633,35.45291100306104],[10.002740688670873,35.45291100306104],[10.002740688670873,35.45380931834516],[10.000944058102633,35.45380931834516],[10.000944058102633,35.45291100306104]]]},"id":"+11134+39466","properties":{"count":2,"zone_degradee":1}},{"type":"Feature","geometry":{"geodesic":false,"type":"Polygon","coordinates":[[[10.000944058102633,35.58586166511073],[10.002740688670873,35.58586166511073],[10.002740688670873,35.58765829567896],[10.000944058102633,35.58765829567896],[10.000944058102633,35.58586166511073]]]},"id":"+11134+39615","properties":{"count":4,"zone_degradee":1}},{"type":"Feature","geometry":{"geodesic":false,"type":"Polygon","coordinates":[[[10.000944058102633,35.65413362670381],[10.000944058102633,35.65143868085145],[10.003639003954993,35.65143868085145],[10.003639003954993,35.65323531141969],[10.002740688670873,35.65323531141969],[10.002740688670873,35.65413362670381],[10.000944058102633,35.65413362670381]]]},"id":"+11134+39689","properties":{"count":8,"zone_degradee":1}},{"type":"Feature","geometry":{"geodesic":false,"type":"Polygon","coordinates":[[[10.002740688670873,35.65413362670381],[10.003639003954993,35.65413362670381],[10.003639003954993,35.65503194198793],[10.002740688670873,35.65503194198793],[10.002740688670873,35.65413362670381]]]},"id":"+11135+39690","properties":{"count":1,"zone_degradee":1}},{"type":"Feature","geometry":{"geodesic":false,"type":"Polygon","coordinates":[[[10.002740688670873,35.68557466164799],[10.003639003954993,35.68557466164799],[10.003639003954993,35.687371292216234],[10.002740688670873,35.687371292216234],[10.002740688670873,35.68557466164799]]]},"id":"+11135+39726","properties":{"count":2,"zone_degradee":1}},{"type":"Feature","geometry":{"geodesic":false,"type":"Polygon","coordinates":[[[10.001842373386753,35.70803254375098],[10.003639003954993,35.70803254375098],[10.003639003954993,35.7089308590351],[10.001842373386753,35.7089308590351],[10.001842373386753,35.70803254375098]]]},"id":"+11135+39750","properties":{"count":2,"zone_degradee":1}},{"type":"Feature","geometry":{"geodesic":false,"type":"Polygon","coordinates":[[[10.002740688670873,35.82301690011828],[10.003639003954993,35.82301690011828],[10.003639003954993,35.8239152154024],[10.002740688670873,35.8239152154024],[10.002740688670873,35.82301690011828]]]},"id":"+11135+39878","properties":{"count":1,"zone_degradee":1}},{"type":"Feature","geometry":{"geodesic":false,"type":"Polygon","coordinates":[[[10.002740688670873,35.49872508255113],[10.002740688670873,35.496928451982896],[10.003639003954993,35.496928451982896],[10.003639003954993,35.497826767267014],[10.00453731923911,35.497826767267014],[10.00453731923911,35.49872508255113],[10.002740688670873,35.49872508255113]]]},"id":"+11136+39516","properties":{"count":3,"zone_degradee":1}},{"type":"Feature","geometry":{"geodesic":false,"type":"Polygon","coordinates":[[[10.002740688670873,35.5526239995983],[10.00453731923911,35.5526239995983],[10.00453731923911,35.55442063016654],[10.002740688670873,35.55442063016654],[10.002740688670873,35.5526239995983]]]},"id":"+11136+39578","properties":{"count":4,"zone_degradee":1}},{"type":"Feature","geometry":{"geodesic":false,"type":"Polygon","coordinates":[[[10.00453731923911,35.61640438477079],[10.00543563452323,35.61640438477079],[10.00543563452323,35.61730270005491],[10.00453731923911,35.61730270005491],[10.00453731923911,35.61640438477079]]]},"id":"+11137+39648","properties":{"count":1,"zone_degradee":1}},{"type":"Feature","geometry":{"geodesic":false,"type":"Polygon","coordinates":[[[10.00453731923911,35.66221846426089],[10.00543563452323,35.66221846426089],[10.00543563452323,35.66311677954501],[10.00453731923911,35.66311677954501],[10.00453731923911,35.66221846426089]]]},"id":"+11137+39699","properties":{"count":1,"zone_degradee":1}},{"type":"Feature","geometry":{"geodesic":false,"type":"Polygon","coordinates":[[[10.002740688670873,35.69725276034155],[10.002740688670873,35.695456129773305],[10.00633394980735,35.695456129773305],[10.00633394980735,35.69635444505743],[10.00543563452323,35.69635444505743],[10.00543563452323,35.69725276034155],[10.002740688670873,35.69725276034155]]]},"id":"+11137+39737","properties":{"count":7,"zone_degradee":1}},{"type":"Feature","geometry":{"geodesic":false,"type":"Polygon","coordinates":[[[10.00453731923911,35.48075877686874],[10.00633394980735,35.48075877686874],[10.00633394980735,35.48255540743698],[10.00453731923911,35.48255540743698],[10.00453731923911,35.48075877686874]]]},"id":"+11138+39498","properties":{"count":4,"zone_degradee":1}},{"type":"Feature","geometry":{"geodesic":false,"type":"Polygon","coordinates":[[[10.00543563452323,35.51399644238116],[10.00633394980735,35.51399644238116],[10.00633394980735,35.51489475766528],[10.00543563452323,35.51489475766528],[10.00543563452323,35.51399644238116]]]},"id":"+11138+39534","properties":{"count":1,"zone_degradee":1}},{"type":"Feature","geometry":{"geodesic":false,"type":"Polygon","coordinates":[[[10.00453731923911,35.54723410789359],[10.00633394980735,35.54723410789359],[10.00633394980735,35.548132423177705],[10.00453731923911,35.548132423177705],[10.00453731923911,35.54723410789359]]]},"id":"+11138+39571","properties":{"count":2,"zone_degradee":1}},{"type":"Feature","geometry":{"geodesic":false,"type":"Polygon","coordinates":[[[10.00543563452323,35.74306683983164],[10.00633394980735,35.74306683983164],[10.00633394980735,35.74396515511576],[10.00543563452323,35.74396515511576],[10.00543563452323,35.74306683983164]]]},"id":"+11138+39789","properties":{"count":1,"zone_degradee":1}},{"type":"Feature","geometry":{"geodesic":false,"type":"Polygon","coordinates":[[[10.00633394980735,35.513098127097045],[10.00723226509147,35.513098127097045],[10.00723226509147,35.51399644238116],[10.00633394980735,35.51399644238116],[10.00633394980735,35.513098127097045]]]},"id":"+11139+39533","properties":{"count":1,"zone_degradee":1}},{"type":"Feature","geometry":{"geodesic":false,"type":"Polygon","coordinates":[[[10.00633394980735,35.54184421618887],[10.00633394980735,35.54094590090475],[10.00543563452323,35.54094590090475],[10.00543563452323,35.54004758562063],[10.00633394980735,35.54004758562063],[10.00633394980735,35.53914927033651],[10.00543563452323,35.53914927033651],[10.00543563452323,35.53825095505239],[10.00633394980735,35.53825095505239],[10.00633394980735,35.53735263976827],[10.00723226509147,35.53735263976827],[10.00723226509147,35.54184421618887],[10.00633394980735,35.54184421618887]]]},"id":"+11139+39564","properties":{"count":7,"zone_degradee":1}},{"type":"Feature","geometry":{"geodesic":false,"type":"Polygon","coordinates":[[[10.00633394980735,35.73857526341104],[10.00723226509147,35.73857526341104],[10.00723226509147,35.74037189397929],[10.00633394980735,35.74037189397929],[10.00633394980735,35.73857526341104]]]},"id":"+11139+39785","properties":{"count":2,"zone_degradee":1}},{"type":"Feature","geometry":{"geodesic":false,"type":"Polygon","coordinates":[[[10.00633394980735,35.74396515511576],[10.00723226509147,35.74396515511576],[10.00723226509147,35.744863470399885],[10.00633394980735,35.744863470399885],[10.00633394980735,35.74396515511576]]]},"id":"+11139+39790","properties":{"count":1,"zone_degradee":1}},{"type":"Feature","geometry":{"geodesic":false,"type":"Polygon","coordinates":[[[10.00633394980735,36.01435805563574],[10.00633394980735,36.01166310978338],[10.009028895659709,36.01166310978338],[10.009028895659709,36.012561425067496],[10.008130580375589,36.012561425067496],[10.008130580375589,36.01345974035162],[10.00723226509147,36.01345974035162],[10.00723226509147,36.01435805563574],[10.00633394980735,36.01435805563574]]]},"id":"+11139+40090","properties":{"count":6,"zone_degradee":1}},{"type":"Feature","geometry":{"geodesic":false,"type":"Polygon","coordinates":[[[10.00633394980735,35.57238693584893],[10.00633394980735,35.570590305280696],[10.00723226509147,35.570590305280696],[10.00723226509147,35.571488620564814],[10.008130580375589,35.571488620564814],[10.008130580375589,35.57238693584893],[10.00633394980735,35.57238693584893]]]},"id":"+11140+39598","properties":{"count":3,"zone_degradee":1}},{"type":"Feature","geometry":{"geodesic":false,"type":"Polygon","coordinates":[[[10.00723226509147,35.61909933062315],[10.008130580375589,35.61909933062315],[10.008130580375589,35.61999764590727],[10.00723226509147,35.61999764590727],[10.00723226509147,35.61909933062315]]]},"id":"+11140+39651","properties":{"count":1,"zone_degradee":1}},{"type":"Feature","geometry":{"geodesic":false,"type":"Polygon","coordinates":[[[10.00723226509147,35.66850667124972],[10.008130580375589,35.66850667124972],[10.008130580375589,35.66940498653384],[10.00723226509147,35.66940498653384],[10.00723226509147,35.66850667124972]]]},"id":"+11140+39706","properties":{"count":1,"zone_degradee":1}},{"type":"Feature","geometry":{"geodesic":false,"type":"Polygon","coordinates":[[[10.00633394980735,35.71072748960334],[10.008130580375589,35.71072748960334],[10.008130580375589,35.71162580488746],[10.00633394980735,35.71162580488746],[10.00633394980735,35.71072748960334]]]},"id":"+11140+39753","properties":{"count":2,"zone_degradee":1}},{"type":"Feature","geometry":{"geodesic":false,"type":"Polygon","coordinates":[[[10.00723226509147,35.81223711670884],[10.008130580375589,35.81223711670884],[10.008130580375589,35.81313543199297],[10.00723226509147,35.81313543199297],[10.00723226509147,35.81223711670884]]]},"id":"+11140+39866","properties":{"count":1,"zone_degradee":1}},{"type":"Feature","geometry":{"geodesic":false,"type":"Polygon","coordinates":[[[10.00723226509147,35.43853795851513],[10.009028895659709,35.43853795851513],[10.009028895659709,35.439436273799245],[10.00723226509147,35.439436273799245],[10.00723226509147,35.43853795851513]]]},"id":"+11141+39450","properties":{"count":2,"zone_degradee":1}},{"type":"Feature","geometry":{"geodesic":false,"type":"Polygon","coordinates":[[[10.00633394980735,35.470877308743425],[10.00633394980735,35.46908067817519],[10.008130580375589,35.46908067817519],[10.008130580375589,35.46997899345931],[10.009028895659709,35.46997899345931],[10.009028895659709,35.470877308743425],[10.00633394980735,35.470877308743425]]]},"id":"+11141+39485","properties":{"count":5,"zone_degradee":1}},{"type":"Feature","geometry":{"geodesic":false,"type":"Polygon","coordinates":[[[10.008130580375589,35.53465769391591],[10.009028895659709,35.53465769391591],[10.009028895659709,35.535556009200036],[10.008130580375589,35.535556009200036],[10.008130580375589,35.53465769391591]]]},"id":"+11141+39557","properties":{"count":1,"zone_degradee":1}},{"type":"Feature","geometry":{"geodesic":false,"type":"Polygon","coordinates":[[[10.00633394980735,35.61460775420255],[10.00633394980735,35.61281112363431],[10.008130580375589,35.61281112363431],[10.008130580375589,35.61101449306607],[10.009927210943829,35.61101449306607],[10.009927210943829,35.61191280835019],[10.009028895659709,35.61191280835019],[10.009028895659709,35.61281112363431],[10.009927210943829,35.61281112363431],[10.009927210943829,35.613709438918434],[10.009028895659709,35.613709438918434],[10.009028895659709,35.61460775420255],[10.00633394980735,35.61460775420255]]]},"id":"+11141+39645","properties":{"count":10,"zone_degradee":1}},{"type":"Feature","geometry":{"geodesic":false,"type":"Polygon","coordinates":[[[10.008130580375589,35.65503194198793],[10.009028895659709,35.65503194198793],[10.009028895659709,35.65593025727205],[10.008130580375589,35.65593025727205],[10.008130580375589,35.65503194198793]]]},"id":"+11141+39691","properties":{"count":1,"zone_degradee":1}},{"type":"Feature","geometry":{"geodesic":false,"type":"Polygon","coordinates":[[[10.00723226509147,35.943391148190294],[10.00723226509147,35.942492832906176],[10.00633394980735,35.942492832906176],[10.00633394980735,35.94069620233794],[10.00723226509147,35.94069620233794],[10.00723226509147,35.93979788705382],[10.008130580375589,35.93979788705382],[10.008130580375589,35.942492832906176],[10.009028895659709,35.942492832906176],[10.009028895659709,35.943391148190294],[10.00723226509147,35.943391148190294]]]},"id":"+11141+40011","properties":{"count":7,"zone_degradee":1}},{"type":"Feature","geometry":{"geodesic":false,"type":"Polygon","coordinates":[[[10.009028895659709,35.602929655508994],[10.009927210943829,35.602929655508994],[10.009927210943829,35.60382797079312],[10.009028895659709,35.60382797079312],[10.009028895659709,35.602929655508994]]]},"id":"+11142+39633","properties":{"count":1,"zone_degradee":1}},{"type":"Feature","geometry":{"geodesic":false,"type":"Polygon","coordinates":[[[10.008130580375589,35.66221846426089],[10.009927210943829,35.66221846426089],[10.009927210943829,35.664015094829125],[10.008130580375589,35.664015094829125],[10.008130580375589,35.66221846426089]]]},"id":"+11142+39700","properties":{"count":4,"zone_degradee":1}},{"type":"Feature","geometry":{"geodesic":false,"type":"Polygon","coordinates":[[[10.009028895659709,35.69006623806859],[10.009028895659709,35.68916792278447],[10.008130580375589,35.68916792278447],[10.008130580375589,35.686472976932116],[10.010825526227949,35.686472976932116],[10.010825526227949,35.687371292216234],[10.011723841512067,35.687371292216234],[10.011723841512067,35.68826960750035],[10.010825526227949,35.68826960750035],[10.010825526227949,35.68916792278447],[10.009927210943829,35.68916792278447],[10.009927210943829,35.69006623806859],[10.009028895659709,35.69006623806859]]]},"id":"+11142+39729","properties":{"count":11,"zone_degradee":1}},{"type":"Feature","geometry":{"geodesic":false,"type":"Polygon","coordinates":[[[10.009028895659709,36.01076479449926],[10.009927210943829,36.01076479449926],[10.009927210943829,36.01166310978338],[10.009028895659709,36.01166310978338],[10.009028895659709,36.01076479449926]]]},"id":"+11142+40087","properties":{"count":1,"zone_degradee":1}},{"type":"Feature","geometry":{"geodesic":false,"type":"Polygon","coordinates":[[[10.008130580375589,35.505911604824085],[10.008130580375589,35.50411497425585],[10.009028895659709,35.50411497425585],[10.009028895659709,35.50321665897173],[10.009927210943829,35.50321665897173],[10.009927210943829,35.50231834368761],[10.010825526227949,35.50231834368761],[10.010825526227949,35.501420028403494],[10.012622156796187,35.501420028403494],[10.012622156796187,35.50411497425585],[10.010825526227949,35.50411497425585],[10.010825526227949,35.505911604824085],[10.008130580375589,35.505911604824085]]]},"id":"+11143+39524","properties":{"count":15,"zone_degradee":1}},{"type":"Feature","geometry":{"geodesic":false,"type":"Polygon","coordinates":[[[10.009028895659709,35.66491341011324],[10.010825526227949,35.66491341011324],[10.010825526227949,35.66850667124972],[10.009028895659709,35.66850667124972],[10.009028895659709,35.66491341011324]]]},"id":"+11143+39705","properties":{"count":8,"zone_degradee":1}},{"type":"Feature","geometry":{"geodesic":false,"type":"Polygon","coordinates":[[[10.009927210943829,35.68108308522739],[10.010825526227949,35.68108308522739],[10.010825526227949,35.683778031079754],[10.009927210943829,35.683778031079754],[10.009927210943829,35.68108308522739]]]},"id":"+11143+39722","properties":{"count":3,"zone_degradee":1}},{"type":"Feature","geometry":{"geodesic":false,"type":"Polygon","coordinates":[[[10.009927210943829,35.98740859711215],[10.010825526227949,35.98740859711215],[10.010825526227949,35.98830691239627],[10.009927210943829,35.98830691239627],[10.009927210943829,35.98740859711215]]]},"id":"+11143+40061","properties":{"count":1,"zone_degradee":1}},{"type":"Feature","geometry":{"geodesic":false,"type":"Polygon","coordinates":[[[10.009927210943829,36.00986647921514],[10.010825526227949,36.00986647921514],[10.010825526227949,36.01076479449926],[10.009927210943829,36.01076479449926],[10.009927210943829,36.00986647921514]]]},"id":"+11143+40086","properties":{"count":1,"zone_degradee":1}},{"type":"Feature","geometry":{"geodesic":false,"type":"Polygon","coordinates":[[[10.010825526227949,35.644252158578496],[10.011723841512067,35.644252158578496],[10.011723841512067,35.645150473862614],[10.010825526227949,35.645150473862614],[10.010825526227949,35.644252158578496]]]},"id":"+11144+39679","properties":{"count":1,"zone_degradee":1}},{"type":"Feature","geometry":{"geodesic":false,"type":"Polygon","coordinates":[[[10.010825526227949,35.67299824767032],[10.011723841512067,35.67299824767032],[10.011723841512067,35.67389656295444],[10.010825526227949,35.67389656295444],[10.010825526227949,35.67299824767032]]]},"id":"+11144+39711","properties":{"count":1,"zone_degradee":1}},{"type":"Feature","geometry":{"geodesic":false,"type":"Polygon","coordinates":[[[10.010825526227949,35.74755841625224],[10.010825526227949,35.745761785684],[10.009927210943829,35.745761785684],[10.009927210943829,35.744863470399885],[10.011723841512067,35.744863470399885],[10.011723841512067,35.74755841625224],[10.010825526227949,35.74755841625224]]]},"id":"+11144+39793","properties":{"count":4,"zone_degradee":1}},{"type":"Feature","geometry":{"geodesic":false,"type":"Polygon","coordinates":[[[10.010825526227949,36.01076479449926],[10.011723841512067,36.01076479449926],[10.011723841512067,36.01166310978338],[10.010825526227949,36.01166310978338],[10.010825526227949,36.01076479449926]]]},"id":"+11144+40087","properties":{"count":1,"zone_degradee":1}},{"type":"Feature","geometry":{"geodesic":false,"type":"Polygon","coordinates":[[[10.011723841512067,35.47177562402754],[10.012622156796187,35.47177562402754],[10.012622156796187,35.47267393931167],[10.011723841512067,35.47267393931167],[10.011723841512067,35.47177562402754]]]},"id":"+11145+39487","properties":{"count":1,"zone_degradee":1}},{"type":"Feature","geometry":{"geodesic":false,"type":"Polygon","coordinates":[[[10.011723841512067,35.48075877686874],[10.012622156796187,35.48075877686874],[10.012622156796187,35.481657092152865],[10.011723841512067,35.481657092152865],[10.011723841512067,35.48075877686874]]]},"id":"+11145+39497","properties":{"count":1,"zone_degradee":1}},{"type":"Feature","geometry":{"geodesic":false,"type":"Polygon","coordinates":[[[10.012622156796187,35.46548741703871],[10.013520472080307,35.46548741703871],[10.013520472080307,35.46638573232283],[10.012622156796187,35.46638573232283],[10.012622156796187,35.46548741703871]]]},"id":"+11146+39480","properties":{"count":1,"zone_degradee":1}},{"type":"Feature","geometry":{"geodesic":false,"type":"Polygon","coordinates":[[[10.012622156796187,35.47357225459579],[10.013520472080307,35.47357225459579],[10.013520472080307,35.47536888516402],[10.012622156796187,35.47536888516402],[10.012622156796187,35.47357225459579]]]},"id":"+11146+39490","properties":{"count":2,"zone_degradee":1}},{"type":"Feature","geometry":{"geodesic":false,"type":"Polygon","coordinates":[[[10.012622156796187,35.50770823539233],[10.013520472080307,35.50770823539233],[10.013520472080307,35.50860655067645],[10.012622156796187,35.50860655067645],[10.012622156796187,35.50770823539233]]]},"id":"+11146+39527","properties":{"count":1,"zone_degradee":1}},{"type":"Feature","geometry":{"geodesic":false,"type":"Polygon","coordinates":[[[10.013520472080307,35.46369078647047],[10.014418787364425,35.46369078647047],[10.014418787364425,35.46458910175459],[10.013520472080307,35.46458910175459],[10.013520472080307,35.46369078647047]]]},"id":"+11147+39478","properties":{"count":1,"zone_degradee":1}},{"type":"Feature","geometry":{"geodesic":false,"type":"Polygon","coordinates":[[[10.013520472080307,35.46638573232283],[10.014418787364425,35.46638573232283],[10.014418787364425,35.46728404760695],[10.013520472080307,35.46728404760695],[10.013520472080307,35.46638573232283]]]},"id":"+11147+39481","properties":{"count":1,"zone_degradee":1}},{"type":"Feature","geometry":{"geodesic":false,"type":"Polygon","coordinates":[[[10.013520472080307,35.55352231488242],[10.014418787364425,35.55352231488242],[10.014418787364425,35.55442063016654],[10.013520472080307,35.55442063016654],[10.013520472080307,35.55352231488242]]]},"id":"+11147+39578","properties":{"count":1,"zone_degradee":1}},{"type":"Feature","geometry":{"geodesic":false,"type":"Polygon","coordinates":[[[10.011723841512067,35.66491341011324],[10.011723841512067,35.664015094829125],[10.012622156796187,35.664015094829125],[10.012622156796187,35.66311677954501],[10.014418787364425,35.66311677954501],[10.014418787364425,35.66491341011324],[10.011723841512067,35.66491341011324]]]},"id":"+11147+39701","properties":{"count":5,"zone_degradee":1}},{"type":"Feature","geometry":{"geodesic":false,"type":"Polygon","coordinates":[[[10.012622156796187,35.45021605720868],[10.012622156796187,35.44841942664044],[10.013520472080307,35.44841942664044],[10.013520472080307,35.44931774192456],[10.015317102648545,35.44931774192456],[10.015317102648545,35.45021605720868],[10.012622156796187,35.45021605720868]]]},"id":"+11148+39462","properties":{"count":4,"zone_degradee":1}},{"type":"Feature","geometry":{"geodesic":false,"type":"Polygon","coordinates":[[[10.014418787364425,35.49153856027818],[10.015317102648545,35.49153856027818],[10.015317102648545,35.493335190846416],[10.014418787364425,35.493335190846416],[10.014418787364425,35.49153856027818]]]},"id":"+11148+39510","properties":{"count":2,"zone_degradee":1}},{"type":"Feature","geometry":{"geodesic":false,"type":"Polygon","coordinates":[[[10.014418787364425,35.606522916645474],[10.015317102648545,35.606522916645474],[10.015317102648545,35.60742123192959],[10.014418787364425,35.60742123192959],[10.014418787364425,35.606522916645474]]]},"id":"+11148+39637","properties":{"count":1,"zone_degradee":1}},{"type":"Feature","geometry":{"geodesic":false,"type":"Polygon","coordinates":[[[10.014418787364425,35.78079608176466],[10.015317102648545,35.78079608176466],[10.015317102648545,35.78169439704878],[10.014418787364425,35.78169439704878],[10.014418787364425,35.78079608176466]]]},"id":"+11148+39831","properties":{"count":1,"zone_degradee":1}},{"type":"Feature","geometry":{"geodesic":false,"type":"Polygon","coordinates":[[[10.013520472080307,35.834694998811834],[10.015317102648545,35.834694998811834],[10.015317102648545,35.83649162938007],[10.013520472080307,35.83649162938007],[10.013520472080307,35.834694998811834]]]},"id":"+11148+39892","properties":{"count":4,"zone_degradee":1}},{"type":"Feature","geometry":{"geodesic":false,"type":"Polygon","coordinates":[[[10.014418787364425,35.350503060671414],[10.016215417932665,35.350503060671414],[10.016215417932665,35.35140137595553],[10.014418787364425,35.35140137595553],[10.014418787364425,35.350503060671414]]]},"id":"+11149+39352","properties":{"count":2,"zone_degradee":1}},{"type":"Feature","geometry":{"geodesic":false,"type":"Polygon","coordinates":[[[10.013520472080307,35.452012687776914],[10.016215417932665,35.452012687776914],[10.016215417932665,35.45291100306104],[10.013520472080307,35.45291100306104],[10.013520472080307,35.452012687776914]]]},"id":"+11149+39465","properties":{"count":3,"zone_degradee":1}},{"type":"Feature","geometry":{"geodesic":false,"type":"Polygon","coordinates":[[[10.016215417932665,35.40889355413918],[10.017113733216785,35.40889355413918],[10.017113733216785,35.4097918694233],[10.016215417932665,35.4097918694233],[10.016215417932665,35.40889355413918]]]},"id":"+11150+39417","properties":{"count":1,"zone_degradee":1}},{"type":"Feature","geometry":{"geodesic":false,"type":"Polygon","coordinates":[[[10.015317102648545,35.47177562402754],[10.017113733216785,35.47177562402754],[10.017113733216785,35.47357225459579],[10.015317102648545,35.47357225459579],[10.015317102648545,35.47177562402754]]]},"id":"+11150+39488","properties":{"count":4,"zone_degradee":1}},{"type":"Feature","geometry":{"geodesic":false,"type":"Polygon","coordinates":[[[10.017113733216785,35.47536888516402],[10.018012048500903,35.47536888516402],[10.018012048500903,35.47626720044814],[10.017113733216785,35.47626720044814],[10.017113733216785,35.47536888516402]]]},"id":"+11151+39491","properties":{"count":1,"zone_degradee":1}},{"type":"Feature","geometry":{"geodesic":false,"type":"Polygon","coordinates":[[[10.017113733216785,35.67389656295444],[10.018012048500903,35.67389656295444],[10.018012048500903,35.675693193522676],[10.017113733216785,35.675693193522676],[10.017113733216785,35.67389656295444]]]},"id":"+11151+39713","properties":{"count":2,"zone_degradee":1}},{"type":"Feature","geometry":{"geodesic":false,"type":"Polygon","coordinates":[[[10.013520472080307,35.687371292216234],[10.013520472080307,35.68467634636387],[10.012622156796187,35.68467634636387],[10.012622156796187,35.682879715795636],[10.015317102648545,35.682879715795636],[10.015317102648545,35.683778031079754],[10.016215417932665,35.683778031079754],[10.016215417932665,35.68557466164799],[10.017113733216785,35.68557466164799],[10.017113733216785,35.686472976932116],[10.018012048500903,35.686472976932116],[10.018012048500903,35.687371292216234],[10.013520472080307,35.687371292216234]]]},"id":"+11151+39726","properties":{"count":19,"zone_degradee":1}},{"type":"Feature","geometry":{"geodesic":false,"type":"Polygon","coordinates":[[[10.017113733216785,35.83200005295947],[10.018012048500903,35.83200005295947],[10.018012048500903,35.8328983682436],[10.017113733216785,35.8328983682436],[10.017113733216785,35.83200005295947]]]},"id":"+11151+39888","properties":{"count":1,"zone_degradee":1}},{"type":"Feature","geometry":{"geodesic":false,"type":"Polygon","coordinates":[[[10.016215417932665,35.92272989665555],[10.018012048500903,35.92272989665555],[10.018012048500903,35.92452652722378],[10.016215417932665,35.92452652722378],[10.016215417932665,35.92272989665555]]]},"id":"+11151+39990","properties":{"count":4,"zone_degradee":1}},{"type":"Feature","geometry":{"geodesic":false,"type":"Polygon","coordinates":[[[10.018012048500903,35.43404638209453],[10.018910363785023,35.43404638209453],[10.018910363785023,35.43494469737865],[10.018012048500903,35.43494469737865],[10.018012048500903,35.43404638209453]]]},"id":"+11152+39445","properties":{"count":1,"zone_degradee":1}},{"type":"Feature","geometry":{"geodesic":false,"type":"Polygon","coordinates":[[[10.017113733216785,35.458300894765756],[10.018910363785023,35.458300894765756],[10.018910363785023,35.46009752533399],[10.017113733216785,35.46009752533399],[10.017113733216785,35.458300894765756]]]},"id":"+11152+39473","properties":{"count":4,"zone_degradee":1}},{"type":"Feature","geometry":{"geodesic":false,"type":"Polygon","coordinates":[[[10.017113733216785,35.67299824767032],[10.017113733216785,35.6720999323862],[10.016215417932665,35.6720999323862],[10.016215417932665,35.67120161710208],[10.018012048500903,35.67120161710208],[10.018012048500903,35.6720999323862],[10.018910363785023,35.6720999323862],[10.018910363785023,35.67299824767032],[10.017113733216785,35.67299824767032]]]},"id":"+11152+39710","properties":{"count":4,"zone_degradee":1}},{"type":"Feature","geometry":{"geodesic":false,"type":"Polygon","coordinates":[[[10.018012048500903,35.8975770687002],[10.018910363785023,35.8975770687002],[10.018910363785023,35.89847538398432],[10.018012048500903,35.89847538398432],[10.018012048500903,35.8975770687002]]]},"id":"+11152+39961","properties":{"count":1,"zone_degradee":1}},{"type":"Feature","geometry":{"geodesic":false,"type":"Polygon","coordinates":[[[10.018910363785023,35.58855661096308],[10.019808679069143,35.58855661096308],[10.019808679069143,35.58945492624721],[10.018910363785023,35.58945492624721],[10.018910363785023,35.58855661096308]]]},"id":"+11153+39617","properties":{"count":1,"zone_degradee":1}},{"type":"Feature","geometry":{"geodesic":false,"type":"Polygon","coordinates":[[[10.018910363785023,35.605624601361356],[10.018910363785023,35.60472628607724],[10.018012048500903,35.60472628607724],[10.018012048500903,35.602929655508994],[10.019808679069143,35.602929655508994],[10.019808679069143,35.60382797079312],[10.020706994353263,35.60382797079312],[10.020706994353263,35.60472628607724],[10.019808679069143,35.60472628607724],[10.019808679069143,35.605624601361356],[10.018910363785023,35.605624601361356]]]},"id":"+11153+39635","properties":{"count":6,"zone_degradee":1}},{"type":"Feature","geometry":{"geodesic":false,"type":"Polygon","coordinates":[[[10.018910363785023,35.68916792278447],[10.019808679069143,35.68916792278447],[10.019808679069143,35.69006623806859],[10.018910363785023,35.69006623806859],[10.018910363785023,35.68916792278447]]]},"id":"+11153+39729","properties":{"count":1,"zone_degradee":1}},{"type":"Feature","geometry":{"geodesic":false,"type":"Polygon","coordinates":[[[10.018910363785023,35.722405588296894],[10.018910363785023,35.721507273012776],[10.018012048500903,35.721507273012776],[10.018012048500903,35.72060895772866],[10.018910363785023,35.72060895772866],[10.018910363785023,35.71971064244453],[10.019808679069143,35.71971064244453],[10.019808679069143,35.722405588296894],[10.018910363785023,35.722405588296894]]]},"id":"+11153+39765","properties":{"count":4,"zone_degradee":1}},{"type":"Feature","geometry":{"geodesic":false,"type":"Polygon","coordinates":[[[10.019808679069143,35.69006623806859],[10.020706994353263,35.69006623806859],[10.020706994353263,35.69096455335271],[10.019808679069143,35.69096455335271],[10.019808679069143,35.69006623806859]]]},"id":"+11154+39730","properties":{"count":1,"zone_degradee":1}},{"type":"Feature","geometry":{"geodesic":false,"type":"Polygon","coordinates":[[[10.019808679069143,35.6262858528961],[10.021605309637382,35.6262858528961],[10.021605309637382,35.62718416818022],[10.019808679069143,35.62718416818022],[10.019808679069143,35.6262858528961]]]},"id":"+11155+39659","properties":{"count":2,"zone_degradee":1}},{"type":"Feature","geometry":{"geodesic":false,"type":"Polygon","coordinates":[[[10.019808679069143,35.67748982409092],[10.021605309637382,35.67748982409092],[10.021605309637382,35.679286454659156],[10.019808679069143,35.679286454659156],[10.019808679069143,35.67748982409092]]]},"id":"+11155+39717","properties":{"count":4,"zone_degradee":1}},{"type":"Feature","geometry":{"geodesic":false,"type":"Polygon","coordinates":[[[10.021605309637382,35.44931774192456],[10.022503624921502,35.44931774192456],[10.022503624921502,35.451114372492796],[10.021605309637382,35.451114372492796],[10.021605309637382,35.44931774192456]]]},"id":"+11156+39463","properties":{"count":2,"zone_degradee":1}},{"type":"Feature","geometry":{"geodesic":false,"type":"Polygon","coordinates":[[[10.021605309637382,35.52208127993824],[10.022503624921502,35.52208127993824],[10.022503624921502,35.52297959522236],[10.021605309637382,35.52297959522236],[10.021605309637382,35.52208127993824]]]},"id":"+11156+39543","properties":{"count":1,"zone_degradee":1}},{"type":"Feature","geometry":{"geodesic":false,"type":"Polygon","coordinates":[[[10.021605309637382,35.695456129773305],[10.022503624921502,35.695456129773305],[10.022503624921502,35.69635444505743],[10.021605309637382,35.69635444505743],[10.021605309637382,35.695456129773305]]]},"id":"+11156+39736","properties":{"count":1,"zone_degradee":1}},{"type":"Feature","geometry":{"geodesic":false,"type":"Polygon","coordinates":[[[10.022503624921502,35.4421312196516],[10.023401940205622,35.4421312196516],[10.023401940205622,35.443029534935725],[10.022503624921502,35.443029534935725],[10.022503624921502,35.4421312196516]]]},"id":"+11157+39454","properties":{"count":1,"zone_degradee":1}},{"type":"Feature","geometry":{"geodesic":false,"type":"Polygon","coordinates":[[[10.022503624921502,35.741270209263405],[10.022503624921502,35.74037189397929],[10.021605309637382,35.74037189397929],[10.021605309637382,35.73947357869516],[10.023401940205622,35.73947357869516],[10.023401940205622,35.741270209263405],[10.022503624921502,35.741270209263405]]]},"id":"+11157+39786","properties":{"count":3,"zone_degradee":1}},{"type":"Feature","geometry":{"geodesic":false,"type":"Polygon","coordinates":[[[10.021605309637382,35.44482616550396],[10.024300255489742,35.44482616550396],[10.024300255489742,35.44572448078808],[10.021605309637382,35.44572448078808],[10.021605309637382,35.44482616550396]]]},"id":"+11158+39457","properties":{"count":3,"zone_degradee":1}},{"type":"Feature","geometry":{"geodesic":false,"type":"Polygon","coordinates":[[[10.023401940205622,35.72420221886513],[10.024300255489742,35.72420221886513],[10.024300255489742,35.72510053414925],[10.023401940205622,35.72510053414925],[10.023401940205622,35.72420221886513]]]},"id":"+11158+39768","properties":{"count":1,"zone_degradee":1}},{"type":"Feature","geometry":{"geodesic":false,"type":"Polygon","coordinates":[[[10.023401940205622,35.6720999323862],[10.02519857077386,35.6720999323862],[10.02519857077386,35.67389656295444],[10.023401940205622,35.67389656295444],[10.023401940205622,35.6720999323862]]]},"id":"+11159+39711","properties":{"count":4,"zone_degradee":1}},{"type":"Feature","geometry":{"geodesic":false,"type":"Polygon","coordinates":[[[10.02519857077386,35.65862520312441],[10.02519857077386,35.65503194198793],[10.0269952013421,35.65503194198793],[10.0269952013421,35.65772688784029],[10.02609688605798,35.65772688784029],[10.02609688605798,35.65862520312441],[10.02519857077386,35.65862520312441]]]},"id":"+11160+39694","properties":{"count":7,"zone_degradee":1}},{"type":"Feature","geometry":{"geodesic":false,"type":"Polygon","coordinates":[[[10.02519857077386,35.69186286863683],[10.02519857077386,35.69096455335271],[10.024300255489742,35.69096455335271],[10.024300255489742,35.69006623806859],[10.02609688605798,35.69006623806859],[10.02609688605798,35.69186286863683],[10.02519857077386,35.69186286863683]]]},"id":"+11160+39731","properties":{"count":3,"zone_degradee":1}},{"type":"Feature","geometry":{"geodesic":false,"type":"Polygon","coordinates":[[[10.02519857077386,35.695456129773305],[10.02609688605798,35.695456129773305],[10.02609688605798,35.69725276034155],[10.02519857077386,35.69725276034155],[10.02519857077386,35.695456129773305]]]},"id":"+11160+39737","properties":{"count":2,"zone_degradee":1}},{"type":"Feature","geometry":{"geodesic":false,"type":"Polygon","coordinates":[[[10.022503624921502,35.70803254375098],[10.022503624921502,35.70713422846686],[10.023401940205622,35.70713422846686],[10.023401940205622,35.706235913182745],[10.024300255489742,35.706235913182745],[10.024300255489742,35.70533759789862],[10.02609688605798,35.70533759789862],[10.02609688605798,35.70803254375098],[10.022503624921502,35.70803254375098]]]},"id":"+11160+39749","properties":{"count":9,"zone_degradee":1}},{"type":"Feature","geometry":{"geodesic":false,"type":"Polygon","coordinates":[[[10.02609688605798,35.37565588862676],[10.0269952013421,35.37565588862676],[10.0269952013421,35.377452519194996],[10.02609688605798,35.377452519194996],[10.02609688605798,35.37565588862676]]]},"id":"+11161+39381","properties":{"count":2,"zone_degradee":1}},{"type":"Feature","geometry":{"geodesic":false,"type":"Polygon","coordinates":[[[10.02609688605798,35.43045312095805],[10.0269952013421,35.43045312095805],[10.0269952013421,35.43135143624217],[10.02609688605798,35.43135143624217],[10.02609688605798,35.43045312095805]]]},"id":"+11161+39441","properties":{"count":1,"zone_degradee":1}},{"type":"Feature","geometry":{"geodesic":false,"type":"Polygon","coordinates":[[[10.02519857077386,35.47536888516402],[10.0269952013421,35.47536888516402],[10.0269952013421,35.47626720044814],[10.02519857077386,35.47626720044814],[10.02519857077386,35.47536888516402]]]},"id":"+11161+39491","properties":{"count":2,"zone_degradee":1}},{"type":"Feature","geometry":{"geodesic":false,"type":"Polygon","coordinates":[[[10.02609688605798,35.50860655067645],[10.0269952013421,35.50860655067645],[10.0269952013421,35.509504865960565],[10.02609688605798,35.509504865960565],[10.02609688605798,35.50860655067645]]]},"id":"+11161+39528","properties":{"count":1,"zone_degradee":1}},{"type":"Feature","geometry":{"geodesic":false,"type":"Polygon","coordinates":[[[10.024300255489742,35.97034060671388],[10.024300255489742,35.96854397614564],[10.02519857077386,35.96854397614564],[10.02519857077386,35.9667473455774],[10.0269952013421,35.9667473455774],[10.0269952013421,35.97034060671388],[10.024300255489742,35.97034060671388]]]},"id":"+11161+40041","properties":{"count":10,"zone_degradee":1}},{"type":"Feature","geometry":{"geodesic":false,"type":"Polygon","coordinates":[[[10.0269952013421,35.43853795851513],[10.02789351662622,35.43853795851513],[10.02789351662622,35.439436273799245],[10.0269952013421,35.439436273799245],[10.0269952013421,35.43853795851513]]]},"id":"+11162+39450","properties":{"count":1,"zone_degradee":1}},{"type":"Feature","geometry":{"geodesic":false,"type":"Polygon","coordinates":[[[10.02519857077386,35.71971064244453],[10.02789351662622,35.71971064244453],[10.02789351662622,35.72060895772866],[10.02519857077386,35.72060895772866],[10.02519857077386,35.71971064244453]]]},"id":"+11162+39763","properties":{"count":3,"zone_degradee":1}},{"type":"Feature","geometry":{"geodesic":false,"type":"Polygon","coordinates":[[[10.02609688605798,35.73049042585397],[10.02789351662622,35.73049042585397],[10.02789351662622,35.73228705642221],[10.02609688605798,35.73228705642221],[10.02609688605798,35.73049042585397]]]},"id":"+11162+39776","properties":{"count":4,"zone_degradee":1}},{"type":"Feature","geometry":{"geodesic":false,"type":"Polygon","coordinates":[[[10.02609688605798,35.91464505909847],[10.02789351662622,35.91464505909847],[10.02789351662622,35.91644168966671],[10.02609688605798,35.91644168966671],[10.02609688605798,35.91464505909847]]]},"id":"+11162+39981","properties":{"count":4,"zone_degradee":1}},{"type":"Feature","geometry":{"geodesic":false,"type":"Polygon","coordinates":[[[10.0269952013421,35.95506924688385],[10.02789351662622,35.95506924688385],[10.02789351662622,35.95596756216797],[10.0269952013421,35.95596756216797],[10.0269952013421,35.95506924688385]]]},"id":"+11162+40025","properties":{"count":1,"zone_degradee":1}},{"type":"Feature","geometry":{"geodesic":false,"type":"Polygon","coordinates":[[[10.0269952013421,35.97034060671388],[10.02789351662622,35.97034060671388],[10.02789351662622,35.971238921998],[10.0269952013421,35.971238921998],[10.0269952013421,35.97034060671388]]]},"id":"+11162+40042","properties":{"count":1,"zone_degradee":1}},{"type":"Feature","geometry":{"geodesic":false,"type":"Polygon","coordinates":[[[10.02789351662622,35.49603013669877],[10.028791831910338,35.49603013669877],[10.028791831910338,35.496928451982896],[10.02789351662622,35.496928451982896],[10.02789351662622,35.49603013669877]]]},"id":"+11163+39514","properties":{"count":1,"zone_degradee":1}},{"type":"Feature","geometry":{"geodesic":false,"type":"Polygon","coordinates":[[[10.0269952013421,35.55352231488242],[10.0269952013421,35.5526239995983],[10.02609688605798,35.5526239995983],[10.02609688605798,35.55082736903007],[10.02789351662622,35.55082736903007],[10.02789351662622,35.54992905374595],[10.028791831910338,35.54992905374595],[10.028791831910338,35.55352231488242],[10.0269952013421,35.55352231488242]]]},"id":"+11163+39577","properties":{"count":9,"zone_degradee":1}},{"type":"Feature","geometry":{"geodesic":false,"type":"Polygon","coordinates":[[[10.02789351662622,35.61999764590727],[10.028791831910338,35.61999764590727],[10.028791831910338,35.62089596119139],[10.02789351662622,35.62089596119139],[10.02789351662622,35.61999764590727]]]},"id":"+11163+39652","properties":{"count":1,"zone_degradee":1}},{"type":"Feature","geometry":{"geodesic":false,"type":"Polygon","coordinates":[[[10.028791831910338,35.435843012662765],[10.029690147194458,35.435843012662765],[10.029690147194458,35.43674132794688],[10.028791831910338,35.43674132794688],[10.028791831910338,35.435843012662765]]]},"id":"+11164+39447","properties":{"count":1,"zone_degradee":1}},{"type":"Feature","geometry":{"geodesic":false,"type":"Polygon","coordinates":[[[10.028791831910338,35.92811978836026],[10.029690147194458,35.92811978836026],[10.029690147194458,35.9299164189285],[10.028791831910338,35.9299164189285],[10.028791831910338,35.92811978836026]]]},"id":"+11164+39996","properties":{"count":2,"zone_degradee":1}},{"type":"Feature","geometry":{"geodesic":false,"type":"Polygon","coordinates":[[[10.028791831910338,35.95776419273621],[10.029690147194458,35.95776419273621],[10.029690147194458,35.95956082330445],[10.028791831910338,35.95956082330445],[10.028791831910338,35.95776419273621]]]},"id":"+11164+40029","properties":{"count":2,"zone_degradee":1}},{"type":"Feature","geometry":{"geodesic":false,"type":"Polygon","coordinates":[[[10.028791831910338,36.00178164165806],[10.029690147194458,36.00178164165806],[10.029690147194458,36.00267995694218],[10.028791831910338,36.00267995694218],[10.028791831910338,36.00178164165806]]]},"id":"+11164+40077","properties":{"count":1,"zone_degradee":1}},{"type":"Feature","geometry":{"geodesic":false,"type":"Polygon","coordinates":[[[10.028791831910338,35.377452519194996],[10.030588462478578,35.377452519194996],[10.030588462478578,35.37924914976324],[10.028791831910338,35.37924914976324],[10.028791831910338,35.377452519194996]]]},"id":"+11165+39383","properties":{"count":4,"zone_degradee":1}},{"type":"Feature","geometry":{"geodesic":false,"type":"Polygon","coordinates":[[[10.02789351662622,35.439436273799245],[10.030588462478578,35.439436273799245],[10.030588462478578,35.44033458908336],[10.02789351662622,35.44033458908336],[10.02789351662622,35.439436273799245]]]},"id":"+11165+39451","properties":{"count":3,"zone_degradee":1}},{"type":"Feature","geometry":{"geodesic":false,"type":"Polygon","coordinates":[[[10.028791831910338,35.48435203800522],[10.028791831910338,35.48255540743698],[10.029690147194458,35.48255540743698],[10.029690147194458,35.4834537227211],[10.030588462478578,35.4834537227211],[10.030588462478578,35.48435203800522],[10.028791831910338,35.48435203800522]]]},"id":"+11165+39500","properties":{"count":3,"zone_degradee":1}},{"type":"Feature","geometry":{"geodesic":false,"type":"Polygon","coordinates":[[[10.029690147194458,35.90566190625728],[10.030588462478578,35.90566190625728],[10.030588462478578,35.9065602215414],[10.029690147194458,35.9065602215414],[10.029690147194458,35.90566190625728]]]},"id":"+11165+39970","properties":{"count":1,"zone_degradee":1}},{"type":"Feature","geometry":{"geodesic":false,"type":"Polygon","coordinates":[[[10.029690147194458,35.45380931834516],[10.029690147194458,35.45291100306104],[10.028791831910338,35.45291100306104],[10.028791831910338,35.451114372492796],[10.031486777762696,35.451114372492796],[10.031486777762696,35.452012687776914],[10.032385093046816,35.452012687776914],[10.032385093046816,35.45291100306104],[10.031486777762696,35.45291100306104],[10.031486777762696,35.45380931834516],[10.029690147194458,35.45380931834516]]]},"id":"+11166+39466","properties":{"count":9,"zone_degradee":1}},{"type":"Feature","geometry":{"geodesic":false,"type":"Polygon","coordinates":[[[10.02789351662622,35.52028464937],[10.02789351662622,35.51848801880176],[10.030588462478578,35.51848801880176],[10.030588462478578,35.51938633408588],[10.031486777762696,35.51938633408588],[10.031486777762696,35.52028464937],[10.02789351662622,35.52028464937]]]},"id":"+11166+39540","properties":{"count":7,"zone_degradee":1}},{"type":"Feature","geometry":{"geodesic":false,"type":"Polygon","coordinates":[[[10.030588462478578,35.43045312095805],[10.032385093046816,35.43045312095805],[10.032385093046816,35.432249751526285],[10.030588462478578,35.432249751526285],[10.030588462478578,35.43045312095805]]]},"id":"+11167+39442","properties":{"count":4,"zone_degradee":1}},{"type":"Feature","geometry":{"geodesic":false,"type":"Polygon","coordinates":[[[10.031486777762696,35.55801389130302],[10.031486777762696,35.555318945450665],[10.033283408330936,35.555318945450665],[10.033283408330936,35.5571155760189],[10.032385093046816,35.5571155760189],[10.032385093046816,35.55801389130302],[10.031486777762696,35.55801389130302]]]},"id":"+11167+39582","properties":{"count":5,"zone_degradee":1}},{"type":"Feature","geometry":{"geodesic":false,"type":"Polygon","coordinates":[[[10.029690147194458,35.571488620564814],[10.032385093046816,35.571488620564814],[10.032385093046816,35.57238693584893],[10.029690147194458,35.57238693584893],[10.029690147194458,35.571488620564814]]]},"id":"+11167+39598","properties":{"count":3,"zone_degradee":1}},{"type":"Feature","geometry":{"geodesic":false,"type":"Polygon","coordinates":[[[10.031486777762696,35.90925516739375],[10.032385093046816,35.90925516739375],[10.032385093046816,35.91015348267787],[10.031486777762696,35.91015348267787],[10.031486777762696,35.90925516739375]]]},"id":"+11167+39974","properties":{"count":1,"zone_degradee":1}},{"type":"Feature","geometry":{"geodesic":false,"type":"Polygon","coordinates":[[[10.030588462478578,35.69455781448919],[10.033283408330936,35.69455781448919],[10.033283408330936,35.69635444505743],[10.030588462478578,35.69635444505743],[10.030588462478578,35.69455781448919]]]},"id":"+11168+39736","properties":{"count":6,"zone_degradee":1}},{"type":"Feature","geometry":{"geodesic":false,"type":"Polygon","coordinates":[[[10.031486777762696,35.838288259948314],[10.031486777762696,35.83649162938007],[10.029690147194458,35.83649162938007],[10.029690147194458,35.833796683527716],[10.030588462478578,35.833796683527716],[10.030588462478578,35.831101737675354],[10.031486777762696,35.831101737675354],[10.031486777762696,35.82930510710712],[10.032385093046816,35.82930510710712],[10.032385093046816,35.8239152154024],[10.033283408330936,35.8239152154024],[10.033283408330936,35.82122026955004],[10.034181723615056,35.82122026955004],[10.034181723615056,35.8194236389818],[10.035080038899174,35.8194236389818],[10.035080038899174,35.81762700841356],[10.035978354183294,35.81762700841356],[10.035978354183294,35.82211858483416],[10.037774984751534,35.82211858483416],[10.037774984751534,35.82571184597064],[10.036876669467414,35.82571184597064],[10.036876669467414,35.827508476538874],[10.035978354183294,35.827508476538874],[10.035978354183294,35.83200005295947],[10.034181723615056,35.83200005295947],[10.034181723615056,35.83649162938007],[10.033283408330936,35.83649162938007],[10.033283408330936,35.838288259948314],[10.031486777762696,35.838288259948314]]]},"id":"+11168+39894","properties":{"count":92,"zone_degradee":1}},{"type":"Feature","geometry":{"geodesic":false,"type":"Polygon","coordinates":[[[10.032385093046816,35.52297959522236],[10.034181723615056,35.52297959522236],[10.034181723615056,35.524776225790596],[10.032385093046816,35.524776225790596],[10.032385093046816,35.52297959522236]]]},"id":"+11169+39545","properties":{"count":4,"zone_degradee":1}},{"type":"Feature","geometry":{"geodesic":false,"type":"Polygon","coordinates":[[[10.031486777762696,35.65503194198793],[10.034181723615056,35.65503194198793],[10.034181723615056,35.656828572556165],[10.031486777762696,35.656828572556165],[10.031486777762696,35.65503194198793]]]},"id":"+11169+39692","properties":{"count":6,"zone_degradee":1}},{"type":"Feature","geometry":{"geodesic":false,"type":"Polygon","coordinates":[[[10.033283408330936,35.96854397614564],[10.033283408330936,35.96764566086152],[10.032385093046816,35.96764566086152],[10.032385093046816,35.965849030293285],[10.034181723615056,35.965849030293285],[10.034181723615056,35.96854397614564],[10.033283408330936,35.96854397614564]]]},"id":"+11169+40039","properties":{"count":5,"zone_degradee":1}},{"type":"Feature","geometry":{"geodesic":false,"type":"Polygon","coordinates":[[[10.034181723615056,35.62987911403258],[10.034181723615056,35.62718416818022],[10.035978354183294,35.62718416818022],[10.035978354183294,35.628980798748465],[10.035080038899174,35.628980798748465],[10.035080038899174,35.62987911403258],[10.034181723615056,35.62987911403258]]]},"id":"+11170+39662","properties":{"count":5,"zone_degradee":1}},{"type":"Feature","geometry":{"geodesic":false,"type":"Polygon","coordinates":[[[10.033283408330936,35.907458536825516],[10.033283408330936,35.904763590973154],[10.034181723615056,35.904763590973154],[10.034181723615056,35.903865275689036],[10.035080038899174,35.903865275689036],[10.035080038899174,35.90296696040492],[10.032385093046816,35.90296696040492],[10.032385093046816,35.90117032983668],[10.034181723615056,35.90117032983668],[10.034181723615056,35.9020686451208],[10.036876669467414,35.9020686451208],[10.036876669467414,35.900272014552556],[10.039571615319772,35.900272014552556],[10.039571615319772,35.9020686451208],[10.037774984751534,35.9020686451208],[10.037774984751534,35.904763590973154],[10.036876669467414,35.904763590973154],[10.036876669467414,35.90566190625728],[10.035978354183294,35.90566190625728],[10.035978354183294,35.9065602215414],[10.035080038899174,35.9065602215414],[10.035080038899174,35.907458536825516],[10.033283408330936,35.907458536825516]]]},"id":"+11170+39971","properties":{"count":30,"zone_degradee":1}},{"type":"Feature","geometry":{"geodesic":false,"type":"Polygon","coordinates":[[[10.035080038899174,35.39452050959327],[10.035978354183294,35.39452050959327],[10.035978354183294,35.39541882487739],[10.035080038899174,35.39541882487739],[10.035080038899174,35.39452050959327]]]},"id":"+11171+39401","properties":{"count":1,"zone_degradee":1}},{"type":"Feature","geometry":{"geodesic":false,"type":"Polygon","coordinates":[[[10.034181723615056,35.64335384329438],[10.034181723615056,35.64245552801026],[10.032385093046816,35.64245552801026],[10.032385093046816,35.640658897442016],[10.033283408330936,35.640658897442016],[10.033283408330936,35.6397605821579],[10.034181723615056,35.6397605821579],[10.034181723615056,35.640658897442016],[10.036876669467414,35.640658897442016],[10.036876669467414,35.64245552801026],[10.035978354183294,35.64245552801026],[10.035978354183294,35.64335384329438],[10.034181723615056,35.64335384329438]]]},"id":"+11171+39677","properties":{"count":13,"zone_degradee":1}},{"type":"Feature","geometry":{"geodesic":false,"type":"Polygon","coordinates":[[[10.035080038899174,35.65323531141969],[10.035080038899174,35.652336996135574],[10.034181723615056,35.652336996135574],[10.034181723615056,35.65143868085145],[10.035080038899174,35.65143868085145],[10.035080038899174,35.65054036556733],[10.035978354183294,35.65054036556733],[10.035978354183294,35.64964205028321],[10.037774984751534,35.64964205028321],[10.037774984751534,35.652336996135574],[10.035978354183294,35.652336996135574],[10.035978354183294,35.65323531141969],[10.035080038899174,35.65323531141969]]]},"id":"+11171+39688","properties":{"count":10,"zone_degradee":1}},{"type":"Feature","geometry":{"geodesic":false,"type":"Polygon","coordinates":[[[10.035080038899174,35.70533759789862],[10.035080038899174,35.7044392826145],[10.034181723615056,35.7044392826145],[10.034181723615056,35.70354096733038],[10.033283408330936,35.70354096733038],[10.033283408330936,35.702642652046265],[10.032385093046816,35.702642652046265],[10.032385093046816,35.70084602147802],[10.036876669467414,35.70084602147802],[10.036876669467414,35.70354096733038],[10.039571615319772,35.70354096733038],[10.039571615319772,35.7044392826145],[10.035978354183294,35.7044392826145],[10.035978354183294,35.70533759789862],[10.035080038899174,35.70533759789862]]]},"id":"+11171+39746","properties":{"count":21,"zone_degradee":1}},{"type":"Feature","geometry":{"geodesic":false,"type":"Polygon","coordinates":[[[10.035080038899174,35.89039054642724],[10.035978354183294,35.89039054642724],[10.035978354183294,35.89128886171137],[10.035080038899174,35.89128886171137],[10.035080038899174,35.89039054642724]]]},"id":"+11171+39953","properties":{"count":1,"zone_degradee":1}},{"type":"Feature","geometry":{"geodesic":false,"type":"Polygon","coordinates":[[[10.035080038899174,35.437639643231],[10.035080038899174,35.43494469737865],[10.034181723615056,35.43494469737865],[10.034181723615056,35.43314806681041],[10.035978354183294,35.43314806681041],[10.035978354183294,35.43494469737865],[10.039571615319772,35.43494469737865],[10.039571615319772,35.43674132794688],[10.036876669467414,35.43674132794688],[10.036876669467414,35.437639643231],[10.035080038899174,35.437639643231]]]},"id":"+11172+39448","properties":{"count":16,"zone_degradee":1}},{"type":"Feature","geometry":{"geodesic":false,"type":"Polygon","coordinates":[[[10.035080038899174,35.563403783007736],[10.036876669467414,35.563403783007736],[10.036876669467414,35.56520041357598],[10.035080038899174,35.56520041357598],[10.035080038899174,35.563403783007736]]]},"id":"+11172+39590","properties":{"count":4,"zone_degradee":1}},{"type":"Feature","geometry":{"geodesic":false,"type":"Polygon","coordinates":[[[10.034181723615056,35.75564325380932],[10.036876669467414,35.75564325380932],[10.036876669467414,35.757439884377554],[10.034181723615056,35.757439884377554],[10.034181723615056,35.75564325380932]]]},"id":"+11172+39804","properties":{"count":6,"zone_degradee":1}},{"type":"Feature","geometry":{"geodesic":false,"type":"Polygon","coordinates":[[[10.035080038899174,35.92183158137143],[10.036876669467414,35.92183158137143],[10.036876669467414,35.923628211939665],[10.035080038899174,35.923628211939665],[10.035080038899174,35.92183158137143]]]},"id":"+11172+39989","properties":{"count":4,"zone_degradee":1}},{"type":"Feature","geometry":{"geodesic":false,"type":"Polygon","coordinates":[[[10.035080038899174,35.92901810364438],[10.035080038899174,35.92811978836026],[10.035978354183294,35.92811978836026],[10.035978354183294,35.927221473076145],[10.036876669467414,35.927221473076145],[10.036876669467414,35.92901810364438],[10.035080038899174,35.92901810364438]]]},"id":"+11172+39995","properties":{"count":3,"zone_degradee":1}},{"type":"Feature","geometry":{"geodesic":false,"type":"Polygon","coordinates":[[[10.036876669467414,35.47357225459579],[10.037774984751534,35.47357225459579],[10.037774984751534,35.474470569879905],[10.036876669467414,35.474470569879905],[10.036876669467414,35.47357225459579]]]},"id":"+11173+39489","properties":{"count":1,"zone_degradee":1}},{"type":"Feature","geometry":{"geodesic":false,"type":"Polygon","coordinates":[[[10.035978354183294,35.50321665897173],[10.035978354183294,35.501420028403494],[10.038673300035653,35.501420028403494],[10.038673300035653,35.50231834368761],[10.037774984751534,35.50231834368761],[10.037774984751534,35.50321665897173],[10.035978354183294,35.50321665897173]]]},"id":"+11173+39521","properties":{"count":5,"zone_degradee":1}},{"type":"Feature","geometry":{"geodesic":false,"type":"Polygon","coordinates":[[[10.035978354183294,35.67389656295444],[10.035978354183294,35.67299824767032],[10.035080038899174,35.67299824767032],[10.035080038899174,35.67120161710208],[10.037774984751534,35.67120161710208],[10.037774984751534,35.67389656295444],[10.035978354183294,35.67389656295444]]]},"id":"+11173+39711","properties":{"count":8,"zone_degradee":1}},{"type":"Feature","geometry":{"geodesic":false,"type":"Polygon","coordinates":[[[10.031486777762696,35.68108308522739],[10.031486777762696,35.680184769943274],[10.030588462478578,35.680184769943274],[10.030588462478578,35.67838813937504],[10.031486777762696,35.67838813937504],[10.031486777762696,35.67748982409092],[10.032385093046816,35.67748982409092],[10.032385093046816,35.6765915088068],[10.034181723615056,35.6765915088068],[10.034181723615056,35.67838813937504],[10.037774984751534,35.67838813937504],[10.037774984751534,35.679286454659156],[10.038673300035653,35.679286454659156],[10.038673300035653,35.680184769943274],[10.037774984751534,35.680184769943274],[10.037774984751534,35.68108308522739],[10.031486777762696,35.68108308522739]]]},"id":"+11173+39719","properties":{"count":29,"zone_degradee":1}},{"type":"Feature","geometry":{"geodesic":false,"type":"Polygon","coordinates":[[[10.035978354183294,35.93530631063322],[10.035978354183294,35.9344079953491],[10.033283408330936,35.9344079953491],[10.033283408330936,35.93530631063322],[10.032385093046816,35.93530631063322],[10.032385093046816,35.9344079953491],[10.029690147194458,35.9344079953491],[10.029690147194458,35.93261136478086],[10.030588462478578,35.93261136478086],[10.030588462478578,35.930814734212625],[10.039571615319772,35.930814734212625],[10.039571615319772,35.9344079953491],[10.037774984751534,35.9344079953491],[10.037774984751534,35.93530631063322],[10.035978354183294,35.93530631063322]]]},"id":"+11173+40002","properties":{"count":45,"zone_degradee":1}},{"type":"Feature","geometry":{"geodesic":false,"type":"Polygon","coordinates":[[[10.035978354183294,35.9667473455774],[10.035978354183294,35.965849030293285],[10.035080038899174,35.965849030293285],[10.035080038899174,35.96495071500917],[10.034181723615056,35.96495071500917],[10.034181723615056,35.96315408444092],[10.033283408330936,35.96315408444092],[10.033283408330936,35.96045913858857],[10.032385093046816,35.96045913858857],[10.032385093046816,35.95776419273621],[10.033283408330936,35.95776419273621],[10.033283408330936,35.958662508020325],[10.034181723615056,35.958662508020325],[10.034181723615056,35.95956082330445],[10.035080038899174,35.95956082330445],[10.035080038899174,35.96315408444092],[10.036876669467414,35.96315408444092],[10.036876669467414,35.96405239972504],[10.037774984751534,35.96405239972504],[10.037774984751534,35.9667473455774],[10.035978354183294,35.9667473455774]]]},"id":"+11173+40037","properties":{"count":24,"zone_degradee":1}},{"type":"Feature","geometry":{"geodesic":false,"type":"Polygon","coordinates":[[[10.037774984751534,35.39901208601387],[10.038673300035653,35.39901208601387],[10.038673300035653,35.39991040129799],[10.037774984751534,35.39991040129799],[10.037774984751534,35.39901208601387]]]},"id":"+11174+39406","properties":{"count":1,"zone_degradee":1}},{"type":"Feature","geometry":{"geodesic":false,"type":"Polygon","coordinates":[[[10.037774984751534,35.42955480567393],[10.037774984751534,35.42865649038981],[10.036876669467414,35.42865649038981],[10.036876669467414,35.42775817510569],[10.038673300035653,35.42775817510569],[10.038673300035653,35.42955480567393],[10.037774984751534,35.42955480567393]]]},"id":"+11174+39439","properties":{"count":3,"zone_degradee":1}},{"type":"Feature","geometry":{"geodesic":false,"type":"Polygon","coordinates":[[[10.035978354183294,35.7089308590351],[10.038673300035653,35.7089308590351],[10.038673300035653,35.71162580488746],[10.035978354183294,35.71162580488746],[10.035978354183294,35.7089308590351]]]},"id":"+11174+39753","properties":{"count":9,"zone_degradee":1}},{"type":"Feature","geometry":{"geodesic":false,"type":"Polygon","coordinates":[[[10.036876669467414,35.98740859711215],[10.038673300035653,35.98740859711215],[10.038673300035653,35.989205227680394],[10.036876669467414,35.989205227680394],[10.036876669467414,35.98740859711215]]]},"id":"+11174+40062","properties":{"count":4,"zone_degradee":1}},{"type":"Feature","geometry":{"geodesic":false,"type":"Polygon","coordinates":[[[10.038673300035653,35.416978391696254],[10.039571615319772,35.416978391696254],[10.039571615319772,35.41787670698037],[10.038673300035653,35.41787670698037],[10.038673300035653,35.416978391696254]]]},"id":"+11175+39426","properties":{"count":1,"zone_degradee":1}},{"type":"Feature","geometry":{"geodesic":false,"type":"Polygon","coordinates":[[[10.035978354183294,35.660421833692645],[10.035978354183294,35.65862520312441],[10.038673300035653,35.65862520312441],[10.038673300035653,35.65952351840853],[10.039571615319772,35.65952351840853],[10.039571615319772,35.660421833692645],[10.035978354183294,35.660421833692645]]]},"id":"+11175+39696","properties":{"count":7,"zone_degradee":1}},{"type":"Feature","geometry":{"geodesic":false,"type":"Polygon","coordinates":[[[10.035978354183294,35.837389944664196],[10.035978354183294,35.834694998811834],[10.036876669467414,35.834694998811834],[10.036876669467414,35.82930510710712],[10.037774984751534,35.82930510710712],[10.037774984751534,35.828406791823],[10.038673300035653,35.828406791823],[10.038673300035653,35.826610161254756],[10.039571615319772,35.826610161254756],[10.039571615319772,35.827508476538874],[10.040469930603892,35.827508476538874],[10.040469930603892,35.8239152154024],[10.041368245888012,35.8239152154024],[10.041368245888012,35.82211858483416],[10.04406319174037,35.82211858483416],[10.04406319174037,35.8239152154024],[10.04316487645625,35.8239152154024],[10.04316487645625,35.826610161254756],[10.04226656117213,35.826610161254756],[10.04226656117213,35.82930510710712],[10.041368245888012,35.82930510710712],[10.041368245888012,35.83200005295947],[10.040469930603892,35.83200005295947],[10.040469930603892,35.834694998811834],[10.039571615319772,35.834694998811834],[10.039571615319772,35.837389944664196],[10.035978354183294,35.837389944664196]]]},"id":"+11175+39893","properties":{"count":66,"zone_degradee":1}},{"type":"Feature","geometry":{"geodesic":false,"type":"Polygon","coordinates":[[[10.039571615319772,35.52028464937],[10.040469930603892,35.52028464937],[10.040469930603892,35.52118296465412],[10.039571615319772,35.52118296465412],[10.039571615319772,35.52028464937]]]},"id":"+11176+39541","properties":{"count":1,"zone_degradee":1}},{"type":"Feature","geometry":{"geodesic":false,"type":"Polygon","coordinates":[[[10.039571615319772,35.64245552801026],[10.040469930603892,35.64245552801026],[10.040469930603892,35.64335384329438],[10.039571615319772,35.64335384329438],[10.039571615319772,35.64245552801026]]]},"id":"+11176+39677","properties":{"count":1,"zone_degradee":1}},{"type":"Feature","geometry":{"geodesic":false,"type":"Polygon","coordinates":[[[10.038673300035653,35.91644168966671],[10.040469930603892,35.91644168966671],[10.040469930603892,35.91823832023495],[10.038673300035653,35.91823832023495],[10.038673300035653,35.91644168966671]]]},"id":"+11176+39983","properties":{"count":4,"zone_degradee":1}},{"type":"Feature","geometry":{"geodesic":false,"type":"Polygon","coordinates":[[[10.039571615319772,35.99818838052159],[10.040469930603892,35.99818838052159],[10.040469930603892,35.99998501108983],[10.039571615319772,35.99998501108983],[10.039571615319772,35.99818838052159]]]},"id":"+11176+40074","properties":{"count":2,"zone_degradee":1}},{"type":"Feature","geometry":{"geodesic":false,"type":"Polygon","coordinates":[[[10.040469930603892,35.443029534935725],[10.041368245888012,35.443029534935725],[10.041368245888012,35.44392785021984],[10.040469930603892,35.44392785021984],[10.040469930603892,35.443029534935725]]]},"id":"+11177+39455","properties":{"count":1,"zone_degradee":1}},{"type":"Feature","geometry":{"geodesic":false,"type":"Polygon","coordinates":[[[10.040469930603892,35.509504865960565],[10.041368245888012,35.509504865960565],[10.041368245888012,35.51040318124468],[10.040469930603892,35.51040318124468],[10.040469930603892,35.509504865960565]]]},"id":"+11177+39529","properties":{"count":1,"zone_degradee":1}},{"type":"Feature","geometry":{"geodesic":false,"type":"Polygon","coordinates":[[[10.039571615319772,35.61460775420255],[10.041368245888012,35.61460775420255],[10.041368245888012,35.61550606948667],[10.039571615319772,35.61550606948667],[10.039571615319772,35.61460775420255]]]},"id":"+11177+39646","properties":{"count":2,"zone_degradee":1}},{"type":"Feature","geometry":{"geodesic":false,"type":"Polygon","coordinates":[[[10.039571615319772,35.64964205028321],[10.041368245888012,35.64964205028321],[10.041368245888012,35.65143868085145],[10.039571615319772,35.65143868085145],[10.039571615319772,35.64964205028321]]]},"id":"+11177+39686","properties":{"count":4,"zone_degradee":1}},{"type":"Feature","geometry":{"geodesic":false,"type":"Polygon","coordinates":[[[10.040469930603892,35.65503194198793],[10.041368245888012,35.65503194198793],[10.041368245888012,35.656828572556165],[10.040469930603892,35.656828572556165],[10.040469930603892,35.65503194198793]]]},"id":"+11177+39692","properties":{"count":2,"zone_degradee":1}},{"type":"Feature","geometry":{"geodesic":false,"type":"Polygon","coordinates":[[[10.039571615319772,35.9299164189285],[10.041368245888012,35.9299164189285],[10.041368245888012,35.930814734212625],[10.039571615319772,35.930814734212625],[10.039571615319772,35.9299164189285]]]},"id":"+11177+39997","properties":{"count":2,"zone_degradee":1}},{"type":"Feature","geometry":{"geodesic":false,"type":"Polygon","coordinates":[[[10.041368245888012,35.62718416818022],[10.04226656117213,35.62718416818022],[10.04226656117213,35.62808248346435],[10.041368245888012,35.62808248346435],[10.041368245888012,35.62718416818022]]]},"id":"+11178+39660","properties":{"count":1,"zone_degradee":1}},{"type":"Feature","geometry":{"geodesic":false,"type":"Polygon","coordinates":[[[10.040469930603892,35.69815107562567],[10.04226656117213,35.69815107562567],[10.04226656117213,35.699049390909785],[10.040469930603892,35.699049390909785],[10.040469930603892,35.69815107562567]]]},"id":"+11178+39739","properties":{"count":2,"zone_degradee":1}},{"type":"Feature","geometry":{"geodesic":false,"type":"Polygon","coordinates":[[[10.040469930603892,35.70713422846686],[10.04226656117213,35.70713422846686],[10.04226656117213,35.7089308590351],[10.040469930603892,35.7089308590351],[10.040469930603892,35.70713422846686]]]},"id":"+11178+39750","properties":{"count":4,"zone_degradee":1}},{"type":"Feature","geometry":{"geodesic":false,"type":"Polygon","coordinates":[[[10.041368245888012,35.71611738130806],[10.04226656117213,35.71611738130806],[10.04226656117213,35.71701569659218],[10.041368245888012,35.71701569659218],[10.041368245888012,35.71611738130806]]]},"id":"+11178+39759","properties":{"count":1,"zone_degradee":1}},{"type":"Feature","geometry":{"geodesic":false,"type":"Polygon","coordinates":[[[10.039571615319772,35.80954217085649],[10.039571615319772,35.80864385557237],[10.038673300035653,35.80864385557237],[10.038673300035653,35.807745540288245],[10.037774984751534,35.807745540288245],[10.037774984751534,35.80684722500413],[10.038673300035653,35.80684722500413],[10.038673300035653,35.80505059443589],[10.041368245888012,35.80505059443589],[10.041368245888012,35.80594890972001],[10.04406319174037,35.80594890972001],[10.04406319174037,35.80684722500413],[10.04316487645625,35.80684722500413],[10.04316487645625,35.807745540288245],[10.04226656117213,35.807745540288245],[10.04226656117213,35.80954217085649],[10.039571615319772,35.80954217085649]]]},"id":"+11178+39862","properties":{"count":22,"zone_degradee":1}},{"type":"Feature","geometry":{"geodesic":false,"type":"Polygon","coordinates":[[[10.041368245888012,35.969442291429765],[10.04226656117213,35.969442291429765],[10.04226656117213,35.97034060671388],[10.041368245888012,35.97034060671388],[10.041368245888012,35.969442291429765]]]},"id":"+11178+40041","properties":{"count":1,"zone_degradee":1}},{"type":"Feature","geometry":{"geodesic":false,"type":"Polygon","coordinates":[[[10.04226656117213,35.62808248346435],[10.04316487645625,35.62808248346435],[10.04316487645625,35.628980798748465],[10.04226656117213,35.628980798748465],[10.04226656117213,35.62808248346435]]]},"id":"+11179+39661","properties":{"count":1,"zone_degradee":1}},{"type":"Feature","geometry":{"geodesic":false,"type":"Polygon","coordinates":[[[10.04226656117213,35.715219066023934],[10.04316487645625,35.715219066023934],[10.04316487645625,35.71611738130806],[10.04226656117213,35.71611738130806],[10.04226656117213,35.715219066023934]]]},"id":"+11179+39758","properties":{"count":1,"zone_degradee":1}},{"type":"Feature","geometry":{"geodesic":false,"type":"Polygon","coordinates":[[[10.04226656117213,35.71701569659218],[10.04316487645625,35.71701569659218],[10.04316487645625,35.717914011876296],[10.04226656117213,35.717914011876296],[10.04226656117213,35.71701569659218]]]},"id":"+11179+39760","properties":{"count":1,"zone_degradee":1}},{"type":"Feature","geometry":{"geodesic":false,"type":"Polygon","coordinates":[[[10.040469930603892,35.93710294120146],[10.040469930603892,35.9344079953491],[10.04226656117213,35.9344079953491],[10.04226656117213,35.93530631063322],[10.04316487645625,35.93530631063322],[10.04316487645625,35.93710294120146],[10.040469930603892,35.93710294120146]]]},"id":"+11179+40004","properties":{"count":8,"zone_degradee":1}},{"type":"Feature","geometry":{"geodesic":false,"type":"Polygon","coordinates":[[[10.040469930603892,35.95327261631561],[10.040469930603892,35.95237430103149],[10.039571615319772,35.95237430103149],[10.039571615319772,35.94788272461089],[10.041368245888012,35.94788272461089],[10.041368245888012,35.94878103989501],[10.04226656117213,35.94878103989501],[10.04226656117213,35.950577670463254],[10.04316487645625,35.950577670463254],[10.04316487645625,35.95327261631561],[10.040469930603892,35.95327261631561]]]},"id":"+11179+40022","properties":{"count":19,"zone_degradee":1}},{"type":"Feature","geometry":{"geodesic":false,"type":"Polygon","coordinates":[[[10.04226656117213,35.43494469737865],[10.04226656117213,35.43314806681041],[10.04496150702449,35.43314806681041],[10.04496150702449,35.43404638209453],[10.04406319174037,35.43404638209453],[10.04406319174037,35.43494469737865],[10.04226656117213,35.43494469737865]]]},"id":"+11180+39445","properties":{"count":5,"zone_degradee":1}},{"type":"Feature","geometry":{"geodesic":false,"type":"Polygon","coordinates":[[[10.04316487645625,35.46189415590223],[10.04406319174037,35.46189415590223],[10.04406319174037,35.462792471186354],[10.04316487645625,35.462792471186354],[10.04316487645625,35.46189415590223]]]},"id":"+11180+39476","properties":{"count":1,"zone_degradee":1}},{"type":"Feature","geometry":{"geodesic":false,"type":"Polygon","coordinates":[[[10.04316487645625,35.62718416818022],[10.04406319174037,35.62718416818022],[10.04406319174037,35.62808248346435],[10.04316487645625,35.62808248346435],[10.04316487645625,35.62718416818022]]]},"id":"+11180+39660","properties":{"count":1,"zone_degradee":1}},{"type":"Feature","geometry":{"geodesic":false,"type":"Polygon","coordinates":[[[10.041368245888012,35.978425444270954],[10.041368245888012,35.977527128986836],[10.039571615319772,35.977527128986836],[10.039571615319772,35.97662881370272],[10.038673300035653,35.97662881370272],[10.038673300035653,35.97483218313448],[10.040469930603892,35.97483218313448],[10.040469930603892,35.9757304984186],[10.041368245888012,35.9757304984186],[10.041368245888012,35.97662881370272],[10.04406319174037,35.97662881370272],[10.04406319174037,35.978425444270954],[10.041368245888012,35.978425444270954]]]},"id":"+11180+40050","properties":{"count":13,"zone_degradee":1}},{"type":"Feature","geometry":{"geodesic":false,"type":"Polygon","coordinates":[[[10.04406319174037,35.42236828340097],[10.04496150702449,35.42236828340097],[10.04496150702449,35.423266598685096],[10.04406319174037,35.423266598685096],[10.04406319174037,35.42236828340097]]]},"id":"+11181+39432","properties":{"count":1,"zone_degradee":1}},{"type":"Feature","geometry":{"geodesic":false,"type":"Polygon","coordinates":[[[10.04406319174037,35.6999477061939],[10.04496150702449,35.6999477061939],[10.04496150702449,35.702642652046265],[10.04406319174037,35.702642652046265],[10.04406319174037,35.6999477061939]]]},"id":"+11181+39743","properties":{"count":3,"zone_degradee":1}},{"type":"Feature","geometry":{"geodesic":false,"type":"Polygon","coordinates":[[[10.04406319174037,35.87062761017661],[10.04496150702449,35.87062761017661],[10.04496150702449,35.87152592546074],[10.04406319174037,35.87152592546074],[10.04406319174037,35.87062761017661]]]},"id":"+11181+39931","properties":{"count":1,"zone_degradee":1}},{"type":"Feature","geometry":{"geodesic":false,"type":"Polygon","coordinates":[[[10.04496150702449,35.49153856027818],[10.045859822308609,35.49153856027818],[10.045859822308609,35.4924368755623],[10.04496150702449,35.4924368755623],[10.04496150702449,35.49153856027818]]]},"id":"+11182+39509","properties":{"count":1,"zone_degradee":1}},{"type":"Feature","geometry":{"geodesic":false,"type":"Polygon","coordinates":[[[10.04496150702449,35.574183566417176],[10.045859822308609,35.574183566417176],[10.045859822308609,35.575081881701294],[10.04496150702449,35.575081881701294],[10.04496150702449,35.574183566417176]]]},"id":"+11182+39601","properties":{"count":1,"zone_degradee":1}},{"type":"Feature","geometry":{"geodesic":false,"type":"Polygon","coordinates":[[[10.04406319174037,35.62448922232787],[10.045859822308609,35.62448922232787],[10.045859822308609,35.6262858528961],[10.04406319174037,35.6262858528961],[10.04406319174037,35.62448922232787]]]},"id":"+11182+39658","properties":{"count":4,"zone_degradee":1}},{"type":"Feature","geometry":{"geodesic":false,"type":"Polygon","coordinates":[[[10.04496150702449,35.718812327160414],[10.045859822308609,35.718812327160414],[10.045859822308609,35.71971064244453],[10.04496150702449,35.71971064244453],[10.04496150702449,35.718812327160414]]]},"id":"+11182+39762","properties":{"count":1,"zone_degradee":1}},{"type":"Feature","geometry":{"geodesic":false,"type":"Polygon","coordinates":[[[10.04496150702449,35.869729294892494],[10.045859822308609,35.869729294892494],[10.045859822308609,35.87062761017661],[10.04496150702449,35.87062761017661],[10.04496150702449,35.869729294892494]]]},"id":"+11182+39930","properties":{"count":1,"zone_degradee":1}},{"type":"Feature","geometry":{"geodesic":false,"type":"Polygon","coordinates":[[[10.04496150702449,35.87152592546074],[10.045859822308609,35.87152592546074],[10.045859822308609,35.872424240744856],[10.04496150702449,35.872424240744856],[10.04496150702449,35.87152592546074]]]},"id":"+11182+39932","properties":{"count":1,"zone_degradee":1}},{"type":"Feature","geometry":{"geodesic":false,"type":"Polygon","coordinates":[[[10.04406319174037,35.90296696040492],[10.045859822308609,35.90296696040492],[10.045859822308609,35.903865275689036],[10.04406319174037,35.903865275689036],[10.04406319174037,35.90296696040492]]]},"id":"+11182+39967","properties":{"count":2,"zone_degradee":1}},{"type":"Feature","geometry":{"geodesic":false,"type":"Polygon","coordinates":[[[10.04406319174037,35.93261136478086],[10.04406319174037,35.930814734212625],[10.04316487645625,35.930814734212625],[10.04316487645625,35.9299164189285],[10.04226656117213,35.9299164189285],[10.04226656117213,35.92811978836026],[10.045859822308609,35.92811978836026],[10.045859822308609,35.93261136478086],[10.04406319174037,35.93261136478086]]]},"id":"+11182+39999","properties":{"count":15,"zone_degradee":1}},{"type":"Feature","geometry":{"geodesic":false,"type":"Polygon","coordinates":[[[10.04496150702449,35.46369078647047],[10.046758137592729,35.46369078647047],[10.046758137592729,35.46458910175459],[10.04496150702449,35.46458910175459],[10.04496150702449,35.46369078647047]]]},"id":"+11183+39478","properties":{"count":2,"zone_degradee":1}},{"type":"Feature","geometry":{"geodesic":false,"type":"Polygon","coordinates":[[[10.045859822308609,35.87062761017661],[10.046758137592729,35.87062761017661],[10.046758137592729,35.87152592546074],[10.045859822308609,35.87152592546074],[10.045859822308609,35.87062761017661]]]},"id":"+11183+39931","properties":{"count":1,"zone_degradee":1}},{"type":"Feature","geometry":{"geodesic":false,"type":"Polygon","coordinates":[[[10.045859822308609,35.872424240744856],[10.046758137592729,35.872424240744856],[10.046758137592729,35.873322556028974],[10.045859822308609,35.873322556028974],[10.045859822308609,35.872424240744856]]]},"id":"+11183+39933","properties":{"count":1,"zone_degradee":1}},{"type":"Feature","geometry":{"geodesic":false,"type":"Polygon","coordinates":[[[10.04496150702449,35.451114372492796],[10.04496150702449,35.44752111135632],[10.046758137592729,35.44752111135632],[10.046758137592729,35.45021605720868],[10.047656452876849,35.45021605720868],[10.047656452876849,35.451114372492796],[10.04496150702449,35.451114372492796]]]},"id":"+11184+39463","properties":{"count":9,"zone_degradee":1}},{"type":"Feature","geometry":{"geodesic":false,"type":"Polygon","coordinates":[[[10.04406319174037,35.807745540288245],[10.04406319174037,35.80684722500413],[10.04496150702449,35.80684722500413],[10.04496150702449,35.80594890972001],[10.046758137592729,35.80594890972001],[10.046758137592729,35.80684722500413],[10.047656452876849,35.80684722500413],[10.047656452876849,35.807745540288245],[10.04406319174037,35.807745540288245]]]},"id":"+11184+39860","properties":{"count":6,"zone_degradee":1}},{"type":"Feature","geometry":{"geodesic":false,"type":"Polygon","coordinates":[[[10.04496150702449,35.91015348267787],[10.04496150702449,35.907458536825516],[10.046758137592729,35.907458536825516],[10.046758137592729,35.908356852109634],[10.047656452876849,35.908356852109634],[10.047656452876849,35.91015348267787],[10.04496150702449,35.91015348267787]]]},"id":"+11184+39974","properties":{"count":8,"zone_degradee":1}},{"type":"Feature","geometry":{"geodesic":false,"type":"Polygon","coordinates":[[[10.047656452876849,35.63886226687378],[10.048554768160967,35.63886226687378],[10.048554768160967,35.6397605821579],[10.047656452876849,35.6397605821579],[10.047656452876849,35.63886226687378]]]},"id":"+11185+39673","properties":{"count":1,"zone_degradee":1}},{"type":"Feature","geometry":{"geodesic":false,"type":"Polygon","coordinates":[[[10.047656452876849,35.52028464937],[10.047656452876849,35.51848801880176],[10.046758137592729,35.51848801880176],[10.046758137592729,35.51758970351764],[10.048554768160967,35.51758970351764],[10.048554768160967,35.51938633408588],[10.049453083445087,35.51938633408588],[10.049453083445087,35.52028464937],[10.047656452876849,35.52028464937]]]},"id":"+11186+39540","properties":{"count":5,"zone_degradee":1}},{"type":"Feature","geometry":{"geodesic":false,"type":"Polygon","coordinates":[[[10.045859822308609,35.69186286863683],[10.045859822308609,35.69096455335271],[10.04496150702449,35.69096455335271],[10.04496150702449,35.68916792278447],[10.045859822308609,35.68916792278447],[10.045859822308609,35.68826960750035],[10.046758137592729,35.68826960750035],[10.046758137592729,35.687371292216234],[10.047656452876849,35.687371292216234],[10.047656452876849,35.68826960750035],[10.048554768160967,35.68826960750035],[10.048554768160967,35.687371292216234],[10.049453083445087,35.687371292216234],[10.049453083445087,35.69186286863683],[10.045859822308609,35.69186286863683]]]},"id":"+11186+39731","properties":{"count":20,"zone_degradee":1}},{"type":"Feature","geometry":{"geodesic":false,"type":"Polygon","coordinates":[[[10.047656452876849,35.737676948126925],[10.049453083445087,35.737676948126925],[10.049453083445087,35.73857526341104],[10.047656452876849,35.73857526341104],[10.047656452876849,35.737676948126925]]]},"id":"+11186+39783","properties":{"count":2,"zone_degradee":1}},{"type":"Feature","geometry":{"geodesic":false,"type":"Polygon","coordinates":[[[10.047656452876849,35.89128886171137],[10.049453083445087,35.89128886171137],[10.049453083445087,35.892187176995485],[10.047656452876849,35.892187176995485],[10.047656452876849,35.89128886171137]]]},"id":"+11186+39954","properties":{"count":2,"zone_degradee":1}},{"type":"Feature","geometry":{"geodesic":false,"type":"Polygon","coordinates":[[[10.047656452876849,35.93979788705382],[10.049453083445087,35.93979788705382],[10.049453083445087,35.94159451762206],[10.047656452876849,35.94159451762206],[10.047656452876849,35.93979788705382]]]},"id":"+11186+40009","properties":{"count":4,"zone_degradee":1}},{"type":"Feature","geometry":{"geodesic":false,"type":"Polygon","coordinates":[[[10.049453083445087,35.48884361442582],[10.050351398729207,35.48884361442582],[10.050351398729207,35.489741929709936],[10.049453083445087,35.489741929709936],[10.049453083445087,35.48884361442582]]]},"id":"+11187+39506","properties":{"count":1,"zone_degradee":1}},{"type":"Feature","geometry":{"geodesic":false,"type":"Polygon","coordinates":[[[10.048554768160967,35.8607461420513],[10.050351398729207,35.8607461420513],[10.050351398729207,35.86254277261954],[10.048554768160967,35.86254277261954],[10.048554768160967,35.8607461420513]]]},"id":"+11187+39921","properties":{"count":4,"zone_degradee":1}},{"type":"Feature","geometry":{"geodesic":false,"type":"Polygon","coordinates":[[[10.050351398729207,35.50860655067645],[10.051249714013327,35.50860655067645],[10.051249714013327,35.509504865960565],[10.050351398729207,35.509504865960565],[10.050351398729207,35.50860655067645]]]},"id":"+11188+39528","properties":{"count":1,"zone_degradee":1}},{"type":"Feature","geometry":{"geodesic":false,"type":"Polygon","coordinates":[[[10.051249714013327,35.65593025727205],[10.052148029297445,35.65593025727205],[10.052148029297445,35.656828572556165],[10.051249714013327,35.656828572556165],[10.051249714013327,35.65593025727205]]]},"id":"+11189+39692","properties":{"count":1,"zone_degradee":1}},{"type":"Feature","geometry":{"geodesic":false,"type":"Polygon","coordinates":[[[10.052148029297445,35.497826767267014],[10.053046344581565,35.497826767267014],[10.053046344581565,35.49872508255113],[10.052148029297445,35.49872508255113],[10.052148029297445,35.497826767267014]]]},"id":"+11190+39516","properties":{"count":1,"zone_degradee":1}},{"type":"Feature","geometry":{"geodesic":false,"type":"Polygon","coordinates":[[[10.051249714013327,35.68198140051152],[10.053046344581565,35.68198140051152],[10.053046344581565,35.683778031079754],[10.051249714013327,35.683778031079754],[10.051249714013327,35.68198140051152]]]},"id":"+11190+39722","properties":{"count":4,"zone_degradee":1}},{"type":"Feature","geometry":{"geodesic":false,"type":"Polygon","coordinates":[[[10.050351398729207,35.70713422846686],[10.050351398729207,35.706235913182745],[10.049453083445087,35.706235913182745],[10.049453083445087,35.7044392826145],[10.051249714013327,35.7044392826145],[10.051249714013327,35.70354096733038],[10.053944659865685,35.70354096733038],[10.053944659865685,35.706235913182745],[10.053046344581565,35.706235913182745],[10.053046344581565,35.70713422846686],[10.050351398729207,35.70713422846686]]]},"id":"+11190+39748","properties":{"count":16,"zone_degradee":1}},{"type":"Feature","geometry":{"geodesic":false,"type":"Polygon","coordinates":[[[10.052148029297445,35.71252412017158],[10.053046344581565,35.71252412017158],[10.053046344581565,35.7134224354557],[10.052148029297445,35.7134224354557],[10.052148029297445,35.71252412017158]]]},"id":"+11190+39755","properties":{"count":1,"zone_degradee":1}},{"type":"Feature","geometry":{"geodesic":false,"type":"Polygon","coordinates":[[[10.050351398729207,35.88410233943841],[10.053046344581565,35.88410233943841],[10.053046344581565,35.885000654722525],[10.050351398729207,35.885000654722525],[10.050351398729207,35.88410233943841]]]},"id":"+11190+39946","properties":{"count":3,"zone_degradee":1}},{"type":"Feature","geometry":{"geodesic":false,"type":"Polygon","coordinates":[[[10.053046344581565,35.437639643231],[10.053944659865685,35.437639643231],[10.053944659865685,35.43853795851513],[10.053046344581565,35.43853795851513],[10.053046344581565,35.437639643231]]]},"id":"+11191+39449","properties":{"count":1,"zone_degradee":1}},{"type":"Feature","geometry":{"geodesic":false,"type":"Polygon","coordinates":[[[10.053046344581565,35.87781413244957],[10.053046344581565,35.876915817165454],[10.052148029297445,35.876915817165454],[10.052148029297445,35.87601750188133],[10.051249714013327,35.87601750188133],[10.051249714013327,35.87422087131309],[10.049453083445087,35.87422087131309],[10.049453083445087,35.872424240744856],[10.050351398729207,35.872424240744856],[10.050351398729207,35.87152592546074],[10.053046344581565,35.87152592546074],[10.053046344581565,35.873322556028974],[10.052148029297445,35.873322556028974],[10.052148029297445,35.87511918659721],[10.054842975149805,35.87511918659721],[10.054842975149805,35.876915817165454],[10.053944659865685,35.876915817165454],[10.053944659865685,35.87781413244957],[10.053046344581565,35.87781413244957]]]},"id":"+11191+39938","properties":{"count":19,"zone_degradee":1}},{"type":"Feature","geometry":{"geodesic":false,"type":"Polygon","coordinates":[[[10.051249714013327,35.91734000495083],[10.053944659865685,35.91734000495083],[10.053944659865685,35.91913663551907],[10.051249714013327,35.91913663551907],[10.051249714013327,35.91734000495083]]]},"id":"+11191+39984","properties":{"count":6,"zone_degradee":1}},{"type":"Feature","geometry":{"geodesic":false,"type":"Polygon","coordinates":[[[10.053944659865685,35.50860655067645],[10.054842975149805,35.50860655067645],[10.054842975149805,35.509504865960565],[10.053944659865685,35.509504865960565],[10.053944659865685,35.50860655067645]]]},"id":"+11192+39528","properties":{"count":1,"zone_degradee":1}},{"type":"Feature","geometry":{"geodesic":false,"type":"Polygon","coordinates":[[[10.053046344581565,35.60023470965664],[10.053046344581565,35.598438079088396],[10.053944659865685,35.598438079088396],[10.053944659865685,35.59933639437252],[10.054842975149805,35.59933639437252],[10.054842975149805,35.60023470965664],[10.053046344581565,35.60023470965664]]]},"id":"+11192+39629","properties":{"count":3,"zone_degradee":1}},{"type":"Feature","geometry":{"geodesic":false,"type":"Polygon","coordinates":[[[10.053944659865685,35.94159451762206],[10.054842975149805,35.94159451762206],[10.054842975149805,35.942492832906176],[10.053944659865685,35.942492832906176],[10.053944659865685,35.94159451762206]]]},"id":"+11192+40010","properties":{"count":1,"zone_degradee":1}},{"type":"Feature","geometry":{"geodesic":false,"type":"Polygon","coordinates":[[[10.053944659865685,35.46728404760695],[10.053944659865685,35.46548741703871],[10.054842975149805,35.46548741703871],[10.054842975149805,35.46458910175459],[10.055741290433923,35.46458910175459],[10.055741290433923,35.46728404760695],[10.053944659865685,35.46728404760695]]]},"id":"+11193+39481","properties":{"count":5,"zone_degradee":1}},{"type":"Feature","geometry":{"geodesic":false,"type":"Polygon","coordinates":[[[10.053944659865685,35.50501328953997],[10.053944659865685,35.50411497425585],[10.054842975149805,35.50411497425585],[10.054842975149805,35.50321665897173],[10.056639605718043,35.50321665897173],[10.056639605718043,35.50052171311937],[10.058436236286283,35.50052171311937],[10.058436236286283,35.50321665897173],[10.057537921002163,35.50321665897173],[10.057537921002163,35.50411497425585],[10.055741290433923,35.50411497425585],[10.055741290433923,35.50501328953997],[10.053944659865685,35.50501328953997]]]},"id":"+11193+39523","properties":{"count":11,"zone_degradee":1}},{"type":"Feature","geometry":{"geodesic":false,"type":"Polygon","coordinates":[[[10.053944659865685,35.505911604824085],[10.055741290433923,35.505911604824085],[10.055741290433923,35.50770823539233],[10.053944659865685,35.50770823539233],[10.053944659865685,35.505911604824085]]]},"id":"+11193+39526","properties":{"count":4,"zone_degradee":1}},{"type":"Feature","geometry":{"geodesic":false,"type":"Polygon","coordinates":[[[10.053944659865685,35.679286454659156],[10.053944659865685,35.67838813937504],[10.052148029297445,35.67838813937504],[10.052148029297445,35.6765915088068],[10.053944659865685,35.6765915088068],[10.053944659865685,35.67748982409092],[10.055741290433923,35.67748982409092],[10.055741290433923,35.679286454659156],[10.053944659865685,35.679286454659156]]]},"id":"+11193+39717","properties":{"count":8,"zone_degradee":1}},{"type":"Feature","geometry":{"geodesic":false,"type":"Polygon","coordinates":[[[10.053944659865685,35.87062761017661],[10.055741290433923,35.87062761017661],[10.055741290433923,35.872424240744856],[10.053944659865685,35.872424240744856],[10.053944659865685,35.87062761017661]]]},"id":"+11193+39932","properties":{"count":4,"zone_degradee":1}},{"type":"Feature","geometry":{"geodesic":false,"type":"Polygon","coordinates":[[[10.054842975149805,35.49962339783525],[10.054842975149805,35.496928451982896],[10.056639605718043,35.496928451982896],[10.056639605718043,35.49603013669877],[10.057537921002163,35.49603013669877],[10.057537921002163,35.497826767267014],[10.056639605718043,35.497826767267014],[10.056639605718043,35.49962339783525],[10.054842975149805,35.49962339783525]]]},"id":"+11194+39517","properties":{"count":8,"zone_degradee":1}},{"type":"Feature","geometry":{"geodesic":false,"type":"Polygon","coordinates":[[[10.055741290433923,35.51489475766528],[10.056639605718043,35.51489475766528],[10.056639605718043,35.51579307294941],[10.055741290433923,35.51579307294941],[10.055741290433923,35.51489475766528]]]},"id":"+11194+39535","properties":{"count":1,"zone_degradee":1}},{"type":"Feature","geometry":{"geodesic":false,"type":"Polygon","coordinates":[[[10.055741290433923,35.52028464937],[10.056639605718043,35.52028464937],[10.056639605718043,35.52118296465412],[10.055741290433923,35.52118296465412],[10.055741290433923,35.52028464937]]]},"id":"+11194+39541","properties":{"count":1,"zone_degradee":1}},{"type":"Feature","geometry":{"geodesic":false,"type":"Polygon","coordinates":[[[10.055741290433923,35.752948307956956],[10.056639605718043,35.752948307956956],[10.056639605718043,35.753846623241074],[10.055741290433923,35.753846623241074],[10.055741290433923,35.752948307956956]]]},"id":"+11194+39800","properties":{"count":1,"zone_degradee":1}},{"type":"Feature","geometry":{"geodesic":false,"type":"Polygon","coordinates":[[[10.054842975149805,36.01435805563574],[10.056639605718043,36.01435805563574],[10.056639605718043,36.016154686203976],[10.054842975149805,36.016154686203976],[10.054842975149805,36.01435805563574]]]},"id":"+11194+40092","properties":{"count":4,"zone_degradee":1}},{"type":"Feature","geometry":{"geodesic":false,"type":"Polygon","coordinates":[[[10.056639605718043,35.86344108790366],[10.057537921002163,35.86344108790366],[10.057537921002163,35.86433940318778],[10.056639605718043,35.86433940318778],[10.056639605718043,35.86344108790366]]]},"id":"+11195+39923","properties":{"count":1,"zone_degradee":1}},{"type":"Feature","geometry":{"geodesic":false,"type":"Polygon","coordinates":[[[10.055741290433923,35.92542484250791],[10.057537921002163,35.92542484250791],[10.057537921002163,35.92811978836026],[10.055741290433923,35.92811978836026],[10.055741290433923,35.92542484250791]]]},"id":"+11195+39994","properties":{"count":6,"zone_degradee":1}},{"type":"Feature","geometry":{"geodesic":false,"type":"Polygon","coordinates":[[[10.054842975149805,35.95686587745209],[10.054842975149805,35.95596756216797],[10.051249714013327,35.95596756216797],[10.051249714013327,35.95506924688385],[10.052148029297445,35.95506924688385],[10.052148029297445,35.95327261631561],[10.053944659865685,35.95327261631561],[10.053944659865685,35.95417093159973],[10.055741290433923,35.95417093159973],[10.055741290433923,35.95506924688385],[10.056639605718043,35.95506924688385],[10.056639605718043,35.95417093159973],[10.057537921002163,35.95417093159973],[10.057537921002163,35.95327261631561],[10.058436236286283,35.95327261631561],[10.058436236286283,35.95417093159973],[10.059334551570402,35.95417093159973],[10.059334551570402,35.95506924688385],[10.058436236286283,35.95506924688385],[10.058436236286283,35.95596756216797],[10.057537921002163,35.95596756216797],[10.057537921002163,35.95686587745209],[10.054842975149805,35.95686587745209]]]},"id":"+11195+40026","properties":{"count":21,"zone_degradee":1}},{"type":"Feature","geometry":{"geodesic":false,"type":"Polygon","coordinates":[[[10.056639605718043,35.49513182141465],[10.056639605718043,35.494233506130534],[10.055741290433923,35.494233506130534],[10.055741290433923,35.493335190846416],[10.058436236286283,35.493335190846416],[10.058436236286283,35.49513182141465],[10.056639605718043,35.49513182141465]]]},"id":"+11196+39512","properties":{"count":5,"zone_degradee":1}},{"type":"Feature","geometry":{"geodesic":false,"type":"Polygon","coordinates":[[[10.057537921002163,35.516691388233525],[10.059334551570402,35.516691388233525],[10.059334551570402,35.51848801880176],[10.057537921002163,35.51848801880176],[10.057537921002163,35.516691388233525]]]},"id":"+11197+39538","properties":{"count":4,"zone_degradee":1}},{"type":"Feature","geometry":{"geodesic":false,"type":"Polygon","coordinates":[[[10.058436236286283,35.62987911403258],[10.058436236286283,35.62808248346435],[10.060232866854522,35.62808248346435],[10.060232866854522,35.628980798748465],[10.059334551570402,35.628980798748465],[10.059334551570402,35.62987911403258],[10.058436236286283,35.62987911403258]]]},"id":"+11197+39662","properties":{"count":3,"zone_degradee":1}},{"type":"Feature","geometry":{"geodesic":false,"type":"Polygon","coordinates":[[[10.057537921002163,35.69635444505743],[10.059334551570402,35.69635444505743],[10.059334551570402,35.69725276034155],[10.057537921002163,35.69725276034155],[10.057537921002163,35.69635444505743]]]},"id":"+11197+39737","properties":{"count":2,"zone_degradee":1}},{"type":"Feature","geometry":{"geodesic":false,"type":"Polygon","coordinates":[[[10.058436236286283,35.861644457335416],[10.058436236286283,35.85894951148306],[10.060232866854522,35.85894951148306],[10.060232866854522,35.8607461420513],[10.059334551570402,35.8607461420513],[10.059334551570402,35.861644457335416],[10.058436236286283,35.861644457335416]]]},"id":"+11197+39920","properties":{"count":5,"zone_degradee":1}},{"type":"Feature","geometry":{"geodesic":false,"type":"Polygon","coordinates":[[[10.058436236286283,35.88320402415429],[10.058436236286283,35.88140739358605],[10.059334551570402,35.88140739358605],[10.059334551570402,35.88050907830193],[10.062029497422762,35.88050907830193],[10.062029497422762,35.87961076301781],[10.06292781270688,35.87961076301781],[10.06292781270688,35.88140739358605],[10.060232866854522,35.88140739358605],[10.060232866854522,35.88230570887017],[10.059334551570402,35.88230570887017],[10.059334551570402,35.88320402415429],[10.058436236286283,35.88320402415429]]]},"id":"+11197+39944","properties":{"count":8,"zone_degradee":1}},{"type":"Feature","geometry":{"geodesic":false,"type":"Polygon","coordinates":[[[10.059334551570402,35.61909933062315],[10.060232866854522,35.61909933062315],[10.060232866854522,35.61999764590727],[10.059334551570402,35.61999764590727],[10.059334551570402,35.61909933062315]]]},"id":"+11198+39651","properties":{"count":1,"zone_degradee":1}},{"type":"Feature","geometry":{"geodesic":false,"type":"Polygon","coordinates":[[[10.059334551570402,35.87152592546074],[10.060232866854522,35.87152592546074],[10.060232866854522,35.87422087131309],[10.059334551570402,35.87422087131309],[10.059334551570402,35.87152592546074]]]},"id":"+11198+39934","properties":{"count":3,"zone_degradee":1}},{"type":"Feature","geometry":{"geodesic":false,"type":"Polygon","coordinates":[[[10.060232866854522,35.7736095594917],[10.061131182138642,35.7736095594917],[10.061131182138642,35.77450787477583],[10.060232866854522,35.77450787477583],[10.060232866854522,35.7736095594917]]]},"id":"+11199+39823","properties":{"count":1,"zone_degradee":1}},{"type":"Feature","geometry":{"geodesic":false,"type":"Polygon","coordinates":[[[10.060232866854522,36.01884963205634],[10.061131182138642,36.01884963205634],[10.061131182138642,36.020646262624574],[10.060232866854522,36.020646262624574],[10.060232866854522,36.01884963205634]]]},"id":"+11199+40097","properties":{"count":2,"zone_degradee":1}},{"type":"Feature","geometry":{"geodesic":false,"type":"Polygon","coordinates":[[[10.061131182138642,35.49872508255113],[10.062029497422762,35.49872508255113],[10.062029497422762,35.49962339783525],[10.061131182138642,35.49962339783525],[10.061131182138642,35.49872508255113]]]},"id":"+11200+39517","properties":{"count":1,"zone_degradee":1}},{"type":"Feature","geometry":{"geodesic":false,"type":"Polygon","coordinates":[[[10.061131182138642,35.88679728529077],[10.062029497422762,35.88679728529077],[10.062029497422762,35.88769560057489],[10.061131182138642,35.88769560057489],[10.061131182138642,35.88679728529077]]]},"id":"+11200+39949","properties":{"count":1,"zone_degradee":1}},{"type":"Feature","geometry":{"geodesic":false,"type":"Polygon","coordinates":[[[10.062029497422762,35.62089596119139],[10.06292781270688,35.62089596119139],[10.06292781270688,35.62269259175962],[10.062029497422762,35.62269259175962],[10.062029497422762,35.62089596119139]]]},"id":"+11201+39654","properties":{"count":2,"zone_degradee":1}},{"type":"Feature","geometry":{"geodesic":false,"type":"Polygon","coordinates":[[[10.06292781270688,35.63796395158966],[10.063826127991,35.63796395158966],[10.063826127991,35.63886226687378],[10.06292781270688,35.63886226687378],[10.06292781270688,35.63796395158966]]]},"id":"+11202+39672","properties":{"count":1,"zone_degradee":1}},{"type":"Feature","geometry":{"geodesic":false,"type":"Polygon","coordinates":[[[10.063826127991,35.52657285635884],[10.06472444327512,35.52657285635884],[10.06472444327512,35.52747117164296],[10.063826127991,35.52747117164296],[10.063826127991,35.52657285635884]]]},"id":"+11203+39548","properties":{"count":1,"zone_degradee":1}},{"type":"Feature","geometry":{"geodesic":false,"type":"Polygon","coordinates":[[[10.063826127991,35.752948307956956],[10.06472444327512,35.752948307956956],[10.06472444327512,35.753846623241074],[10.063826127991,35.753846623241074],[10.063826127991,35.752948307956956]]]},"id":"+11203+39800","properties":{"count":1,"zone_degradee":1}},{"type":"Feature","geometry":{"geodesic":false,"type":"Polygon","coordinates":[[[10.063826127991,35.52028464937],[10.065622758559238,35.52028464937],[10.065622758559238,35.52208127993824],[10.063826127991,35.52208127993824],[10.063826127991,35.52028464937]]]},"id":"+11204+39542","properties":{"count":4,"zone_degradee":1}},{"type":"Feature","geometry":{"geodesic":false,"type":"Polygon","coordinates":[[[10.063826127991,35.625387537611985],[10.065622758559238,35.625387537611985],[10.065622758559238,35.6262858528961],[10.063826127991,35.6262858528961],[10.063826127991,35.625387537611985]]]},"id":"+11204+39658","properties":{"count":2,"zone_degradee":1}},{"type":"Feature","geometry":{"geodesic":false,"type":"Polygon","coordinates":[[[10.063826127991,35.63616732102142],[10.063826127991,35.63437069045318],[10.06472444327512,35.63437069045318],[10.06472444327512,35.63347237516906],[10.065622758559238,35.63347237516906],[10.065622758559238,35.63616732102142],[10.063826127991,35.63616732102142]]]},"id":"+11204+39669","properties":{"count":5,"zone_degradee":1}},{"type":"Feature","geometry":{"geodesic":false,"type":"Polygon","coordinates":[[[10.06472444327512,35.64245552801026],[10.065622758559238,35.64245552801026],[10.065622758559238,35.64335384329438],[10.06472444327512,35.64335384329438],[10.06472444327512,35.64245552801026]]]},"id":"+11204+39677","properties":{"count":1,"zone_degradee":1}},{"type":"Feature","geometry":{"geodesic":false,"type":"Polygon","coordinates":[[[10.06472444327512,35.87871244773369],[10.06472444327512,35.87781413244957],[10.063826127991,35.87781413244957],[10.063826127991,35.876915817165454],[10.062029497422762,35.876915817165454],[10.062029497422762,35.87511918659721],[10.06292781270688,35.87511918659721],[10.06292781270688,35.87422087131309],[10.063826127991,35.87422087131309],[10.063826127991,35.87511918659721],[10.067419389127478,35.87511918659721],[10.067419389127478,35.87601750188133],[10.068317704411598,35.87601750188133],[10.068317704411598,35.876915817165454],[10.065622758559238,35.876915817165454],[10.065622758559238,35.87871244773369],[10.06472444327512,35.87871244773369]]]},"id":"+11204+39939","properties":{"count":17,"zone_degradee":1}},{"type":"Feature","geometry":{"geodesic":false,"type":"Polygon","coordinates":[[[10.06472444327512,35.92272989665555],[10.06472444327512,35.923628211939665],[10.065622758559238,35.923628211939665],[10.065622758559238,35.92811978836026],[10.06472444327512,35.92811978836026],[10.06472444327512,35.927221473076145],[10.061131182138642,35.927221473076145],[10.061131182138642,35.92452652722378],[10.062029497422762,35.92452652722378],[10.062029497422762,35.92272989665555],[10.061131182138642,35.92272989665555],[10.061131182138642,35.92183158137143],[10.059334551570402,35.92183158137143],[10.059334551570402,35.920034950803185],[10.062029497422762,35.920034950803185],[10.062029497422762,35.91913663551907],[10.063826127991,35.91913663551907],[10.063826127991,35.920034950803185],[10.06472444327512,35.920034950803185],[10.06472444327512,35.92183158137143],[10.065622758559238,35.92183158137143],[10.065622758559238,35.92272989665555],[10.06472444327512,35.92272989665555]]]},"id":"+11204+39994","properties":{"count":42,"zone_degradee":1}},{"type":"Feature","geometry":{"geodesic":false,"type":"Polygon","coordinates":[[[10.06292781270688,35.92901810364438],[10.065622758559238,35.92901810364438],[10.065622758559238,35.93261136478086],[10.06292781270688,35.93261136478086],[10.06292781270688,35.92901810364438]]]},"id":"+11204+39999","properties":{"count":12,"zone_degradee":1}},{"type":"Feature","geometry":{"geodesic":false,"type":"Polygon","coordinates":[[[10.063826127991,35.958662508020325],[10.063826127991,35.95596756216797],[10.06472444327512,35.95596756216797],[10.06472444327512,35.95686587745209],[10.065622758559238,35.95686587745209],[10.065622758559238,35.958662508020325],[10.063826127991,35.958662508020325]]]},"id":"+11204+40028","properties":{"count":5,"zone_degradee":1}},{"type":"Feature","geometry":{"geodesic":false,"type":"Polygon","coordinates":[[[10.063826127991,36.01884963205634],[10.065622758559238,36.01884963205634],[10.065622758559238,36.019747947340456],[10.063826127991,36.019747947340456],[10.063826127991,36.01884963205634]]]},"id":"+11204+40096","properties":{"count":2,"zone_degradee":1}},{"type":"Feature","geometry":{"geodesic":false,"type":"Polygon","coordinates":[[[10.06472444327512,35.528369486927076],[10.06472444327512,35.52747117164296],[10.065622758559238,35.52747117164296],[10.065622758559238,35.52657285635884],[10.066521073843358,35.52657285635884],[10.066521073843358,35.528369486927076],[10.06472444327512,35.528369486927076]]]},"id":"+11205+39549","properties":{"count":3,"zone_degradee":1}},{"type":"Feature","geometry":{"geodesic":false,"type":"Polygon","coordinates":[[[10.06472444327512,36.023341208476936],[10.06472444327512,36.02154457790869],[10.065622758559238,36.02154457790869],[10.065622758559238,36.020646262624574],[10.067419389127478,36.020646262624574],[10.067419389127478,36.02244289319281],[10.066521073843358,36.02244289319281],[10.066521073843358,36.023341208476936],[10.06472444327512,36.023341208476936]]]},"id":"+11205+40100","properties":{"count":7,"zone_degradee":1}},{"type":"Feature","geometry":{"geodesic":false,"type":"Polygon","coordinates":[[[10.065622758559238,35.54543747732535],[10.067419389127478,35.54543747732535],[10.067419389127478,35.548132423177705],[10.065622758559238,35.548132423177705],[10.065622758559238,35.54543747732535]]]},"id":"+11206+39571","properties":{"count":6,"zone_degradee":1}},{"type":"Feature","geometry":{"geodesic":false,"type":"Polygon","coordinates":[[[10.067419389127478,35.606522916645474],[10.068317704411598,35.606522916645474],[10.068317704411598,35.60742123192959],[10.067419389127478,35.60742123192959],[10.067419389127478,35.606522916645474]]]},"id":"+11207+39637","properties":{"count":1,"zone_degradee":1}},{"type":"Feature","geometry":{"geodesic":false,"type":"Polygon","coordinates":[[[10.067419389127478,35.74216852454752],[10.068317704411598,35.74216852454752],[10.068317704411598,35.74306683983164],[10.067419389127478,35.74306683983164],[10.067419389127478,35.74216852454752]]]},"id":"+11207+39788","properties":{"count":1,"zone_degradee":1}},{"type":"Feature","geometry":{"geodesic":false,"type":"Polygon","coordinates":[[[10.067419389127478,35.79786407216293],[10.068317704411598,35.79786407216293],[10.068317704411598,35.798762387447056],[10.067419389127478,35.798762387447056],[10.067419389127478,35.79786407216293]]]},"id":"+11207+39850","properties":{"count":1,"zone_degradee":1}},{"type":"Feature","geometry":{"geodesic":false,"type":"Polygon","coordinates":[[[10.068317704411598,35.888593915859005],[10.069216019695716,35.888593915859005],[10.069216019695716,35.88949223114312],[10.068317704411598,35.88949223114312],[10.068317704411598,35.888593915859005]]]},"id":"+11208+39951","properties":{"count":1,"zone_degradee":1}},{"type":"Feature","geometry":{"geodesic":false,"type":"Polygon","coordinates":[[[10.067419389127478,35.94878103989501],[10.067419389127478,35.94788272461089],[10.066521073843358,35.94788272461089],[10.066521073843358,35.946086094042656],[10.068317704411598,35.946086094042656],[10.068317704411598,35.94518777875854],[10.069216019695716,35.94518777875854],[10.069216019695716,35.946086094042656],[10.071012650263956,35.946086094042656],[10.071012650263956,35.946984409326774],[10.070114334979836,35.946984409326774],[10.070114334979836,35.94788272461089],[10.069216019695716,35.94788272461089],[10.069216019695716,35.94878103989501],[10.067419389127478,35.94878103989501]]]},"id":"+11208+40017","properties":{"count":12,"zone_degradee":1}},{"type":"Feature","geometry":{"geodesic":false,"type":"Polygon","coordinates":[[[10.068317704411598,36.04669740586404],[10.069216019695716,36.04669740586404],[10.069216019695716,36.04759572114816],[10.068317704411598,36.04759572114816],[10.068317704411598,36.04669740586404]]]},"id":"+11208+40127","properties":{"count":1,"zone_degradee":1}},{"type":"Feature","geometry":{"geodesic":false,"type":"Polygon","coordinates":[[[10.066521073843358,36.019747947340456],[10.066521073843358,36.01884963205634],[10.067419389127478,36.01884963205634],[10.067419389127478,36.01795131677222],[10.069216019695716,36.01795131677222],[10.069216019695716,36.01884963205634],[10.070114334979836,36.01884963205634],[10.070114334979836,36.019747947340456],[10.066521073843358,36.019747947340456]]]},"id":"+11209+40096","properties":{"count":6,"zone_degradee":1}},{"type":"Feature","geometry":{"geodesic":false,"type":"Polygon","coordinates":[[[10.070114334979836,35.65323531141969],[10.071012650263956,35.65323531141969],[10.071012650263956,35.65503194198793],[10.070114334979836,35.65503194198793],[10.070114334979836,35.65323531141969]]]},"id":"+11210+39690","properties":{"count":2,"zone_degradee":1}},{"type":"Feature","geometry":{"geodesic":false,"type":"Polygon","coordinates":[[[10.068317704411598,36.03052773074989],[10.068317704411598,36.02693446961341],[10.070114334979836,36.02693446961341],[10.070114334979836,36.027832784897534],[10.071012650263956,36.027832784897534],[10.071012650263956,36.03052773074989],[10.068317704411598,36.03052773074989]]]},"id":"+11210+40108","properties":{"count":11,"zone_degradee":1}},{"type":"Feature","geometry":{"geodesic":false,"type":"Polygon","coordinates":[[[10.070114334979836,35.92272989665555],[10.070114334979836,35.923628211939665],[10.071012650263956,35.923628211939665],[10.071012650263956,35.92632315779203],[10.071910965548076,35.92632315779203],[10.071910965548076,35.930814734212625],[10.071012650263956,35.930814734212625],[10.071012650263956,35.93171304949674],[10.071910965548076,35.93171304949674],[10.071910965548076,35.93620462591734],[10.071012650263956,35.93620462591734],[10.071012650263956,35.9344079953491],[10.068317704411598,35.9344079953491],[10.068317704411598,35.93261136478086],[10.067419389127478,35.93261136478086],[10.067419389127478,35.92452652722378],[10.068317704411598,35.92452652722378],[10.068317704411598,35.923628211939665],[10.069216019695716,35.923628211939665],[10.069216019695716,35.92272989665555],[10.066521073843358,35.92272989665555],[10.066521073843358,35.92183158137143],[10.067419389127478,35.92183158137143],[10.067419389127478,35.92093326608731],[10.071012650263956,35.92093326608731],[10.071012650263956,35.92272989665555],[10.070114334979836,35.92272989665555]]]},"id":"+11211+40003","properties":{"count":65,"zone_degradee":1}},{"type":"Feature","geometry":{"geodesic":false,"type":"Polygon","coordinates":[[[10.071012650263956,35.5616071524395],[10.072809280832194,35.5616071524395],[10.072809280832194,35.563403783007736],[10.071012650263956,35.563403783007736],[10.071012650263956,35.5616071524395]]]},"id":"+11212+39588","properties":{"count":4,"zone_degradee":1}},{"type":"Feature","geometry":{"geodesic":false,"type":"Polygon","coordinates":[[[10.071910965548076,35.606522916645474],[10.071910965548076,35.60472628607724],[10.072809280832194,35.60472628607724],[10.072809280832194,35.60382797079312],[10.074605911400434,35.60382797079312],[10.074605911400434,35.60472628607724],[10.073707596116314,35.60472628607724],[10.073707596116314,35.606522916645474],[10.071910965548076,35.606522916645474]]]},"id":"+11213+39636","properties":{"count":6,"zone_degradee":1}},{"type":"Feature","geometry":{"geodesic":false,"type":"Polygon","coordinates":[[[10.072809280832194,35.94428946347441],[10.073707596116314,35.94428946347441],[10.073707596116314,35.94518777875854],[10.072809280832194,35.94518777875854],[10.072809280832194,35.94428946347441]]]},"id":"+11213+40013","properties":{"count":1,"zone_degradee":1}},{"type":"Feature","geometry":{"geodesic":false,"type":"Polygon","coordinates":[[[10.074605911400434,35.564302098291854],[10.075504226684554,35.564302098291854],[10.075504226684554,35.56520041357598],[10.074605911400434,35.56520041357598],[10.074605911400434,35.564302098291854]]]},"id":"+11215+39590","properties":{"count":1,"zone_degradee":1}},{"type":"Feature","geometry":{"geodesic":false,"type":"Polygon","coordinates":[[[10.074605911400434,35.99190017353275],[10.075504226684554,35.99190017353275],[10.075504226684554,35.99369680410099],[10.074605911400434,35.99369680410099],[10.074605911400434,35.99190017353275]]]},"id":"+11215+40067","properties":{"count":2,"zone_degradee":1}},{"type":"Feature","geometry":{"geodesic":false,"type":"Polygon","coordinates":[[[10.073707596116314,36.04759572114816],[10.075504226684554,36.04759572114816],[10.075504226684554,36.04849403643228],[10.073707596116314,36.04849403643228],[10.073707596116314,36.04759572114816]]]},"id":"+11215+40128","properties":{"count":2,"zone_degradee":1}},{"type":"Feature","geometry":{"geodesic":false,"type":"Polygon","coordinates":[[[10.074605911400434,35.63886226687378],[10.076402541968672,35.63886226687378],[10.076402541968672,35.640658897442016],[10.074605911400434,35.640658897442016],[10.074605911400434,35.63886226687378]]]},"id":"+11216+39674","properties":{"count":4,"zone_degradee":1}},{"type":"Feature","geometry":{"geodesic":false,"type":"Polygon","coordinates":[[[10.075504226684554,35.98651028182803],[10.076402541968672,35.98651028182803],[10.076402541968672,35.98830691239627],[10.075504226684554,35.98830691239627],[10.075504226684554,35.98651028182803]]]},"id":"+11216+40061","properties":{"count":2,"zone_degradee":1}},{"type":"Feature","geometry":{"geodesic":false,"type":"Polygon","coordinates":[[[10.076402541968672,35.6999477061939],[10.076402541968672,35.69815107562567],[10.078199172536912,35.69815107562567],[10.078199172536912,35.699049390909785],[10.077300857252792,35.699049390909785],[10.077300857252792,35.6999477061939],[10.076402541968672,35.6999477061939]]]},"id":"+11217+39740","properties":{"count":3,"zone_degradee":1}},{"type":"Feature","geometry":{"geodesic":false,"type":"Polygon","coordinates":[[[10.075504226684554,35.70713422846686],[10.075504226684554,35.706235913182745],[10.074605911400434,35.706235913182745],[10.074605911400434,35.70533759789862],[10.076402541968672,35.70533759789862],[10.076402541968672,35.7044392826145],[10.079097487821032,35.7044392826145],[10.079097487821032,35.706235913182745],[10.077300857252792,35.706235913182745],[10.077300857252792,35.70713422846686],[10.075504226684554,35.70713422846686]]]},"id":"+11217+39748","properties":{"count":10,"zone_degradee":1}},{"type":"Feature","geometry":{"geodesic":false,"type":"Polygon","coordinates":[[[10.07999580310515,35.92183158137143],[10.07999580310515,35.92542484250791],[10.079097487821032,35.92542484250791],[10.079097487821032,35.92632315779203],[10.078199172536912,35.92632315779203],[10.078199172536912,35.9344079953491],[10.077300857252792,35.9344079953491],[10.077300857252792,35.93530631063322],[10.075504226684554,35.93530631063322],[10.075504226684554,35.93350968006498],[10.074605911400434,35.93350968006498],[10.074605911400434,35.930814734212625],[10.073707596116314,35.930814734212625],[10.073707596116314,35.92632315779203],[10.074605911400434,35.92632315779203],[10.074605911400434,35.92452652722378],[10.075504226684554,35.92452652722378],[10.075504226684554,35.92542484250791],[10.076402541968672,35.92542484250791],[10.076402541968672,35.92183158137143],[10.077300857252792,35.92183158137143],[10.077300857252792,35.920034950803185],[10.078199172536912,35.920034950803185],[10.078199172536912,35.92093326608731],[10.079097487821032,35.92093326608731],[10.079097487821032,35.92183158137143],[10.07999580310515,35.92183158137143]]]},"id":"+11217+40002","properties":{"count":67,"zone_degradee":1}},{"type":"Feature","geometry":{"geodesic":false,"type":"Polygon","coordinates":[[[10.075504226684554,36.020646262624574],[10.077300857252792,36.020646262624574],[10.077300857252792,36.023341208476936],[10.075504226684554,36.023341208476936],[10.075504226684554,36.020646262624574]]]},"id":"+11217+40100","properties":{"count":6,"zone_degradee":1}},{"type":"Feature","geometry":{"geodesic":false,"type":"Polygon","coordinates":[[[10.076402541968672,36.04579909057992],[10.077300857252792,36.04579909057992],[10.077300857252792,36.04669740586404],[10.076402541968672,36.04669740586404],[10.076402541968672,36.04579909057992]]]},"id":"+11217+40126","properties":{"count":1,"zone_degradee":1}},{"type":"Feature","geometry":{"geodesic":false,"type":"Polygon","coordinates":[[[10.076402541968672,35.89488212284784],[10.078199172536912,35.89488212284784],[10.078199172536912,35.89578043813196],[10.076402541968672,35.89578043813196],[10.076402541968672,35.89488212284784]]]},"id":"+11218+39958","properties":{"count":2,"zone_degradee":1}},{"type":"Feature","geometry":{"geodesic":false,"type":"Polygon","coordinates":[[[10.076402541968672,35.97932375955508],[10.078199172536912,35.97932375955508],[10.078199172536912,35.981120390123316],[10.076402541968672,35.981120390123316],[10.076402541968672,35.97932375955508]]]},"id":"+11218+40053","properties":{"count":4,"zone_degradee":1}},{"type":"Feature","geometry":{"geodesic":false,"type":"Polygon","coordinates":[[[10.077300857252792,36.024239523761054],[10.078199172536912,36.024239523761054],[10.078199172536912,36.02513783904517],[10.077300857252792,36.02513783904517],[10.077300857252792,36.024239523761054]]]},"id":"+11218+40102","properties":{"count":1,"zone_degradee":1}},{"type":"Feature","geometry":{"geodesic":false,"type":"Polygon","coordinates":[[[10.077300857252792,36.04130751415932],[10.078199172536912,36.04130751415932],[10.078199172536912,36.042205829443446],[10.077300857252792,36.042205829443446],[10.077300857252792,36.04130751415932]]]},"id":"+11218+40121","properties":{"count":1,"zone_degradee":1}},{"type":"Feature","geometry":{"geodesic":false,"type":"Polygon","coordinates":[[[10.077300857252792,35.876915817165454],[10.079097487821032,35.876915817165454],[10.079097487821032,35.87781413244957],[10.077300857252792,35.87781413244957],[10.077300857252792,35.876915817165454]]]},"id":"+11219+39938","properties":{"count":2,"zone_degradee":1}},{"type":"Feature","geometry":{"geodesic":false,"type":"Polygon","coordinates":[[[10.077300857252792,36.00357827222631],[10.079097487821032,36.00357827222631],[10.079097487821032,36.004476587510425],[10.077300857252792,36.004476587510425],[10.077300857252792,36.00357827222631]]]},"id":"+11219+40079","properties":{"count":2,"zone_degradee":1}},{"type":"Feature","geometry":{"geodesic":false,"type":"Polygon","coordinates":[[[10.078199172536912,36.02513783904517],[10.079097487821032,36.02513783904517],[10.079097487821032,36.02603615432929],[10.078199172536912,36.02603615432929],[10.078199172536912,36.02513783904517]]]},"id":"+11219+40103","properties":{"count":1,"zone_degradee":1}},{"type":"Feature","geometry":{"geodesic":false,"type":"Polygon","coordinates":[[[10.078199172536912,36.03681593773872],[10.079097487821032,36.03681593773872],[10.079097487821032,36.03861256830697],[10.078199172536912,36.03861256830697],[10.078199172536912,36.03681593773872]]]},"id":"+11219+40117","properties":{"count":2,"zone_degradee":1}},{"type":"Feature","geometry":{"geodesic":false,"type":"Polygon","coordinates":[[[10.077300857252792,35.563403783007736],[10.077300857252792,35.56250546772362],[10.078199172536912,35.56250546772362],[10.078199172536912,35.5616071524395],[10.07999580310515,35.5616071524395],[10.07999580310515,35.563403783007736],[10.077300857252792,35.563403783007736]]]},"id":"+11220+39588","properties":{"count":5,"zone_degradee":1}},{"type":"Feature","geometry":{"geodesic":false,"type":"Polygon","coordinates":[[[10.078199172536912,36.03232436131813],[10.078199172536912,36.02873110018165],[10.079097487821032,36.02873110018165],[10.079097487821032,36.03142604603401],[10.07999580310515,36.03142604603401],[10.07999580310515,36.03232436131813],[10.078199172536912,36.03232436131813]]]},"id":"+11220+40110","properties":{"count":5,"zone_degradee":1}},{"type":"Feature","geometry":{"geodesic":false,"type":"Polygon","coordinates":[[[10.079097487821032,36.03501930717049],[10.07999580310515,36.03501930717049],[10.07999580310515,36.035917622454605],[10.079097487821032,36.035917622454605],[10.079097487821032,36.03501930717049]]]},"id":"+11220+40114","properties":{"count":1,"zone_degradee":1}},{"type":"Feature","geometry":{"geodesic":false,"type":"Polygon","coordinates":[[[10.07999580310515,35.50411497425585],[10.08089411838927,35.50411497425585],[10.08089411838927,35.50501328953997],[10.07999580310515,35.50501328953997],[10.07999580310515,35.50411497425585]]]},"id":"+11221+39523","properties":{"count":1,"zone_degradee":1}},{"type":"Feature","geometry":{"geodesic":false,"type":"Polygon","coordinates":[[[10.078199172536912,35.911950113246114],[10.078199172536912,35.911051797961996],[10.07999580310515,35.911051797961996],[10.07999580310515,35.91015348267787],[10.08179243367339,35.91015348267787],[10.08179243367339,35.911950113246114],[10.078199172536912,35.911950113246114]]]},"id":"+11222+39976","properties":{"count":6,"zone_degradee":1}},{"type":"Feature","geometry":{"geodesic":false,"type":"Polygon","coordinates":[[[10.079097487821032,35.99279848881687],[10.08179243367339,35.99279848881687],[10.08179243367339,35.99459511938511],[10.079097487821032,35.99459511938511],[10.079097487821032,35.99279848881687]]]},"id":"+11222+40068","properties":{"count":6,"zone_degradee":1}},{"type":"Feature","geometry":{"geodesic":false,"type":"Polygon","coordinates":[[[10.08089411838927,36.043104144727565],[10.08089411838927,36.042205829443446],[10.07999580310515,36.042205829443446],[10.07999580310515,36.0404091988752],[10.08089411838927,36.0404091988752],[10.08089411838927,36.039510883591085],[10.08269074895751,36.039510883591085],[10.08269074895751,36.03861256830697],[10.083589064241629,36.03861256830697],[10.083589064241629,36.0404091988752],[10.084487379525749,36.0404091988752],[10.084487379525749,36.04130751415932],[10.083589064241629,36.04130751415932],[10.083589064241629,36.042205829443446],[10.08179243367339,36.042205829443446],[10.08179243367339,36.043104144727565],[10.08089411838927,36.043104144727565]]]},"id":"+11222+40122","properties":{"count":14,"zone_degradee":1}},{"type":"Feature","geometry":{"geodesic":false,"type":"Polygon","coordinates":[[[10.07999580310515,35.93800125648558],[10.08269074895751,35.93800125648558],[10.08269074895751,35.93979788705382],[10.07999580310515,35.93979788705382],[10.07999580310515,35.93800125648558]]]},"id":"+11223+40007","properties":{"count":6,"zone_degradee":1}},{"type":"Feature","geometry":{"geodesic":false,"type":"Polygon","coordinates":[[[10.08089411838927,35.9757304984186],[10.08089411838927,35.97393386785036],[10.083589064241629,35.97393386785036],[10.083589064241629,35.97483218313448],[10.08269074895751,35.97483218313448],[10.08269074895751,35.9757304984186],[10.08089411838927,35.9757304984186]]]},"id":"+11223+40047","properties":{"count":5,"zone_degradee":1}},{"type":"Feature","geometry":{"geodesic":false,"type":"Polygon","coordinates":[[[10.08089411838927,35.9802220748392],[10.08269074895751,35.9802220748392],[10.08269074895751,35.982018705407434],[10.08089411838927,35.982018705407434],[10.08089411838927,35.9802220748392]]]},"id":"+11223+40054","properties":{"count":4,"zone_degradee":1}},{"type":"Feature","geometry":{"geodesic":false,"type":"Polygon","coordinates":[[[10.08089411838927,36.04849403643228],[10.08269074895751,36.04849403643228],[10.08269074895751,36.0493923517164],[10.08089411838927,36.0493923517164],[10.08089411838927,36.04849403643228]]]},"id":"+11223+40129","properties":{"count":2,"zone_degradee":1}},{"type":"Feature","geometry":{"geodesic":false,"type":"Polygon","coordinates":[[[10.08179243367339,35.602031340224876],[10.083589064241629,35.602031340224876],[10.083589064241629,35.60382797079312],[10.08179243367339,35.60382797079312],[10.08179243367339,35.602031340224876]]]},"id":"+11224+39633","properties":{"count":4,"zone_degradee":1}},{"type":"Feature","geometry":{"geodesic":false,"type":"Polygon","coordinates":[[[10.08269074895751,35.63616732102142],[10.08269074895751,35.6352690057373],[10.08089411838927,35.6352690057373],[10.08089411838927,35.63347237516906],[10.08269074895751,35.63347237516906],[10.08269074895751,35.63437069045318],[10.083589064241629,35.63437069045318],[10.083589064241629,35.63616732102142],[10.08269074895751,35.63616732102142]]]},"id":"+11224+39669","properties":{"count":6,"zone_degradee":1}},{"type":"Feature","geometry":{"geodesic":false,"type":"Polygon","coordinates":[[[10.08269074895751,35.71072748960334],[10.083589064241629,35.71072748960334],[10.083589064241629,35.71162580488746],[10.08269074895751,35.71162580488746],[10.08269074895751,35.71072748960334]]]},"id":"+11224+39753","properties":{"count":1,"zone_degradee":1}},{"type":"Feature","geometry":{"geodesic":false,"type":"Polygon","coordinates":[[[10.083589064241629,35.73318537170633],[10.084487379525749,35.73318537170633],[10.084487379525749,35.73498200227456],[10.083589064241629,35.73498200227456],[10.083589064241629,35.73318537170633]]]},"id":"+11225+39779","properties":{"count":2,"zone_degradee":1}},{"type":"Feature","geometry":{"geodesic":false,"type":"Polygon","coordinates":[[[10.08179243367339,35.92811978836026],[10.08179243367339,35.927221473076145],[10.08269074895751,35.927221473076145],[10.08269074895751,35.92632315779203],[10.084487379525749,35.92632315779203],[10.084487379525749,35.92542484250791],[10.085385694809869,35.92542484250791],[10.085385694809869,35.927221473076145],[10.084487379525749,35.927221473076145],[10.084487379525749,35.92811978836026],[10.08179243367339,35.92811978836026]]]},"id":"+11225+39994","properties":{"count":7,"zone_degradee":1}},{"type":"Feature","geometry":{"geodesic":false,"type":"Polygon","coordinates":[[[10.084487379525749,35.94788272461089],[10.085385694809869,35.94788272461089],[10.085385694809869,35.94878103989501],[10.084487379525749,35.94878103989501],[10.084487379525749,35.94788272461089]]]},"id":"+11226+40017","properties":{"count":1,"zone_degradee":1}},{"type":"Feature","geometry":{"geodesic":false,"type":"Polygon","coordinates":[[[10.083589064241629,35.625387537611985],[10.083589064241629,35.62448922232787],[10.084487379525749,35.62448922232787],[10.084487379525749,35.62359090704375],[10.085385694809869,35.62359090704375],[10.085385694809869,35.62269259175962],[10.086284010093987,35.62269259175962],[10.086284010093987,35.625387537611985],[10.083589064241629,35.625387537611985]]]},"id":"+11227+39657","properties":{"count":6,"zone_degradee":1}},{"type":"Feature","geometry":{"geodesic":false,"type":"Polygon","coordinates":[[[10.085385694809869,35.660421833692645],[10.086284010093987,35.660421833692645],[10.086284010093987,35.66132014897676],[10.085385694809869,35.66132014897676],[10.085385694809869,35.660421833692645]]]},"id":"+11227+39697","properties":{"count":1,"zone_degradee":1}},{"type":"Feature","geometry":{"geodesic":false,"type":"Polygon","coordinates":[[[10.084487379525749,36.03232436131813],[10.084487379525749,36.03052773074989],[10.087182325378107,36.03052773074989],[10.087182325378107,36.02962941546577],[10.088978955946347,36.02962941546577],[10.088978955946347,36.03052773074989],[10.088080640662227,36.03052773074989],[10.088080640662227,36.03142604603401],[10.086284010093987,36.03142604603401],[10.086284010093987,36.03232436131813],[10.084487379525749,36.03232436131813]]]},"id":"+11227+40110","properties":{"count":8,"zone_degradee":1}},{"type":"Feature","geometry":{"geodesic":false,"type":"Polygon","coordinates":[[[10.085385694809869,36.05029066700052],[10.086284010093987,36.05029066700052],[10.086284010093987,36.051188982284636],[10.085385694809869,36.051188982284636],[10.085385694809869,36.05029066700052]]]},"id":"+11227+40131","properties":{"count":1,"zone_degradee":1}},{"type":"Feature","geometry":{"geodesic":false,"type":"Polygon","coordinates":[[[10.085385694809869,36.06107045040995],[10.085385694809869,36.06017213512583],[10.084487379525749,36.06017213512583],[10.084487379525749,36.059273819841714],[10.085385694809869,36.059273819841714],[10.085385694809869,36.058375504557596],[10.086284010093987,36.058375504557596],[10.086284010093987,36.06107045040995],[10.085385694809869,36.06107045040995]]]},"id":"+11227+40142","properties":{"count":4,"zone_degradee":1}},{"type":"Feature","geometry":{"geodesic":false,"type":"Polygon","coordinates":[[[10.085385694809869,35.62718416818022],[10.087182325378107,35.62718416818022],[10.087182325378107,35.628980798748465],[10.085385694809869,35.628980798748465],[10.085385694809869,35.62718416818022]]]},"id":"+11228+39661","properties":{"count":4,"zone_degradee":1}},{"type":"Feature","geometry":{"geodesic":false,"type":"Polygon","coordinates":[[[10.084487379525749,36.042205829443446],[10.084487379525749,36.04130751415932],[10.085385694809869,36.04130751415932],[10.085385694809869,36.0404091988752],[10.087182325378107,36.0404091988752],[10.087182325378107,36.042205829443446],[10.084487379525749,36.042205829443446]]]},"id":"+11228+40121","properties":{"count":5,"zone_degradee":1}},{"type":"Feature","geometry":{"geodesic":false,"type":"Polygon","coordinates":[[[10.086284010093987,36.027832784897534],[10.086284010093987,36.02603615432929],[10.087182325378107,36.02603615432929],[10.087182325378107,36.02513783904517],[10.088978955946347,36.02513783904517],[10.088978955946347,36.027832784897534],[10.086284010093987,36.027832784897534]]]},"id":"+11230+40105","properties":{"count":8,"zone_degradee":1}},{"type":"Feature","geometry":{"geodesic":false,"type":"Polygon","coordinates":[[[10.088080640662227,36.04130751415932],[10.088978955946347,36.04130751415932],[10.088978955946347,36.042205829443446],[10.088080640662227,36.042205829443446],[10.088080640662227,36.04130751415932]]]},"id":"+11230+40121","properties":{"count":1,"zone_degradee":1}},{"type":"Feature","geometry":{"geodesic":false,"type":"Polygon","coordinates":[[[10.088978955946347,35.57687851226953],[10.089877271230465,35.57687851226953],[10.089877271230465,35.57777682755365],[10.088978955946347,35.57777682755365],[10.088978955946347,35.57687851226953]]]},"id":"+11231+39604","properties":{"count":1,"zone_degradee":1}},{"type":"Feature","geometry":{"geodesic":false,"type":"Polygon","coordinates":[[[10.088978955946347,35.99190017353275],[10.089877271230465,35.99190017353275],[10.089877271230465,35.99279848881687],[10.088978955946347,35.99279848881687],[10.088978955946347,35.99190017353275]]]},"id":"+11231+40066","properties":{"count":1,"zone_degradee":1}},{"type":"Feature","geometry":{"geodesic":false,"type":"Polygon","coordinates":[[[10.088978955946347,36.02873110018165],[10.089877271230465,36.02873110018165],[10.089877271230465,36.02962941546577],[10.088978955946347,36.02962941546577],[10.088978955946347,36.02873110018165]]]},"id":"+11231+40107","properties":{"count":1,"zone_degradee":1}},{"type":"Feature","geometry":{"geodesic":false,"type":"Polygon","coordinates":[[[10.089877271230465,35.57598019698541],[10.090775586514585,35.57598019698541],[10.090775586514585,35.57687851226953],[10.089877271230465,35.57687851226953],[10.089877271230465,35.57598019698541]]]},"id":"+11232+39603","properties":{"count":1,"zone_degradee":1}},{"type":"Feature","geometry":{"geodesic":false,"type":"Polygon","coordinates":[[[10.088080640662227,35.58765829567896],[10.088080640662227,35.58586166511073],[10.089877271230465,35.58586166511073],[10.089877271230465,35.586759980394845],[10.090775586514585,35.586759980394845],[10.090775586514585,35.58765829567896],[10.088080640662227,35.58765829567896]]]},"id":"+11232+39615","properties":{"count":5,"zone_degradee":1}},{"type":"Feature","geometry":{"geodesic":false,"type":"Polygon","coordinates":[[[10.089877271230465,36.012561425067496],[10.090775586514585,36.012561425067496],[10.090775586514585,36.01345974035162],[10.089877271230465,36.01345974035162],[10.089877271230465,36.012561425067496]]]},"id":"+11232+40089","properties":{"count":1,"zone_degradee":1}},{"type":"Feature","geometry":{"geodesic":false,"type":"Polygon","coordinates":[[[10.089877271230465,36.027832784897534],[10.090775586514585,36.027832784897534],[10.090775586514585,36.02873110018165],[10.089877271230465,36.02873110018165],[10.089877271230465,36.027832784897534]]]},"id":"+11232+40106","properties":{"count":1,"zone_degradee":1}},{"type":"Feature","geometry":{"geodesic":false,"type":"Polygon","coordinates":[[[10.089877271230465,36.02962941546577],[10.090775586514585,36.02962941546577],[10.090775586514585,36.03142604603401],[10.089877271230465,36.03142604603401],[10.089877271230465,36.02962941546577]]]},"id":"+11232+40109","properties":{"count":2,"zone_degradee":1}},{"type":"Feature","geometry":{"geodesic":false,"type":"Polygon","coordinates":[[[10.089877271230465,36.04130751415932],[10.090775586514585,36.04130751415932],[10.090775586514585,36.042205829443446],[10.089877271230465,36.042205829443446],[10.089877271230465,36.04130751415932]]]},"id":"+11232+40121","properties":{"count":1,"zone_degradee":1}},{"type":"Feature","geometry":{"geodesic":false,"type":"Polygon","coordinates":[[[10.089877271230465,36.04849403643228],[10.090775586514585,36.04849403643228],[10.090775586514585,36.0493923517164],[10.089877271230465,36.0493923517164],[10.089877271230465,36.04849403643228]]]},"id":"+11232+40129","properties":{"count":1,"zone_degradee":1}},{"type":"Feature","geometry":{"geodesic":false,"type":"Polygon","coordinates":[[[10.090775586514585,35.637065636305536],[10.090775586514585,35.6352690057373],[10.091673901798705,35.6352690057373],[10.091673901798705,35.63347237516906],[10.090775586514585,35.63347237516906],[10.090775586514585,35.63257405988494],[10.092572217082825,35.63257405988494],[10.092572217082825,35.63437069045318],[10.093470532366943,35.63437069045318],[10.093470532366943,35.63616732102142],[10.091673901798705,35.63616732102142],[10.091673901798705,35.637065636305536],[10.090775586514585,35.637065636305536]]]},"id":"+11233+39670","properties":{"count":9,"zone_degradee":1}},{"type":"Feature","geometry":{"geodesic":false,"type":"Polygon","coordinates":[[[10.091673901798705,35.58765829567896],[10.091673901798705,35.586759980394845],[10.090775586514585,35.586759980394845],[10.090775586514585,35.58586166511073],[10.091673901798705,35.58586166511073],[10.091673901798705,35.58406503454249],[10.092572217082825,35.58406503454249],[10.092572217082825,35.58496334982661],[10.094368847651063,35.58496334982661],[10.094368847651063,35.58586166511073],[10.093470532366943,35.58586166511073],[10.093470532366943,35.586759980394845],[10.092572217082825,35.586759980394845],[10.092572217082825,35.58765829567896],[10.091673901798705,35.58765829567896]]]},"id":"+11234+39615","properties":{"count":8,"zone_degradee":1}},{"type":"Feature","geometry":{"geodesic":false,"type":"Polygon","coordinates":[[[10.091673901798705,35.96405239972504],[10.092572217082825,35.96405239972504],[10.092572217082825,35.96495071500917],[10.091673901798705,35.96495071500917],[10.091673901798705,35.96405239972504]]]},"id":"+11234+40035","properties":{"count":1,"zone_degradee":1}},{"type":"Feature","geometry":{"geodesic":false,"type":"Polygon","coordinates":[[[10.091673901798705,35.99010354296451],[10.092572217082825,35.99010354296451],[10.092572217082825,35.99100185824863],[10.091673901798705,35.99100185824863],[10.091673901798705,35.99010354296451]]]},"id":"+11234+40064","properties":{"count":1,"zone_degradee":1}},{"type":"Feature","geometry":{"geodesic":false,"type":"Polygon","coordinates":[[[10.091673901798705,36.03052773074989],[10.092572217082825,36.03052773074989],[10.092572217082825,36.03142604603401],[10.091673901798705,36.03142604603401],[10.091673901798705,36.03052773074989]]]},"id":"+11234+40109","properties":{"count":1,"zone_degradee":1}},{"type":"Feature","geometry":{"geodesic":false,"type":"Polygon","coordinates":[[[10.092572217082825,35.96315408444092],[10.093470532366943,35.96315408444092],[10.093470532366943,35.96405239972504],[10.092572217082825,35.96405239972504],[10.092572217082825,35.96315408444092]]]},"id":"+11235+40034","properties":{"count":1,"zone_degradee":1}},{"type":"Feature","geometry":{"geodesic":false,"type":"Polygon","coordinates":[[[10.093470532366943,35.62448922232787],[10.094368847651063,35.62448922232787],[10.094368847651063,35.625387537611985],[10.093470532366943,35.625387537611985],[10.093470532366943,35.62448922232787]]]},"id":"+11236+39657","properties":{"count":1,"zone_degradee":1}},{"type":"Feature","geometry":{"geodesic":false,"type":"Polygon","coordinates":[[[10.092572217082825,35.97483218313448],[10.094368847651063,35.97483218313448],[10.094368847651063,35.97662881370272],[10.092572217082825,35.97662881370272],[10.092572217082825,35.97483218313448]]]},"id":"+11236+40048","properties":{"count":4,"zone_degradee":1}},{"type":"Feature","geometry":{"geodesic":false,"type":"Polygon","coordinates":[[[10.092572217082825,36.05747718927348],[10.094368847651063,36.05747718927348],[10.094368847651063,36.059273819841714],[10.092572217082825,36.059273819841714],[10.092572217082825,36.05747718927348]]]},"id":"+11236+40140","properties":{"count":4,"zone_degradee":1}},{"type":"Feature","geometry":{"geodesic":false,"type":"Polygon","coordinates":[[[10.092572217082825,35.602031340224876],[10.092572217082825,35.59933639437252],[10.096165478219303,35.59933639437252],[10.096165478219303,35.60113302494076],[10.095267162935183,35.60113302494076],[10.095267162935183,35.602031340224876],[10.092572217082825,35.602031340224876]]]},"id":"+11237+39631","properties":{"count":11,"zone_degradee":1}},{"type":"Feature","geometry":{"geodesic":false,"type":"Polygon","coordinates":[[[10.092572217082825,35.91913663551907],[10.092572217082825,35.91823832023495],[10.091673901798705,35.91823832023495],[10.091673901798705,35.91734000495083],[10.095267162935183,35.91734000495083],[10.095267162935183,35.91913663551907],[10.092572217082825,35.91913663551907]]]},"id":"+11237+39984","properties":{"count":7,"zone_degradee":1}},{"type":"Feature","geometry":{"geodesic":false,"type":"Polygon","coordinates":[[[10.094368847651063,36.04849403643228],[10.095267162935183,36.04849403643228],[10.095267162935183,36.0493923517164],[10.094368847651063,36.0493923517164],[10.094368847651063,36.04849403643228]]]},"id":"+11237+40129","properties":{"count":1,"zone_degradee":1}},{"type":"Feature","geometry":{"geodesic":false,"type":"Polygon","coordinates":[[[10.095267162935183,36.020646262624574],[10.096165478219303,36.020646262624574],[10.096165478219303,36.02154457790869],[10.095267162935183,36.02154457790869],[10.095267162935183,36.020646262624574]]]},"id":"+11238+40098","properties":{"count":1,"zone_degradee":1}},{"type":"Feature","geometry":{"geodesic":false,"type":"Polygon","coordinates":[[[10.096165478219303,35.62359090704375],[10.097063793503422,35.62359090704375],[10.097063793503422,35.62448922232787],[10.096165478219303,35.62448922232787],[10.096165478219303,35.62359090704375]]]},"id":"+11239+39656","properties":{"count":1,"zone_degradee":1}},{"type":"Feature","geometry":{"geodesic":false,"type":"Polygon","coordinates":[[[10.095267162935183,35.648743734999094],[10.097063793503422,35.648743734999094],[10.097063793503422,35.65054036556733],[10.095267162935183,35.65054036556733],[10.095267162935183,35.648743734999094]]]},"id":"+11239+39685","properties":{"count":4,"zone_degradee":1}},{"type":"Feature","geometry":{"geodesic":false,"type":"Polygon","coordinates":[[[10.096165478219303,35.715219066023934],[10.097063793503422,35.715219066023934],[10.097063793503422,35.71611738130806],[10.096165478219303,35.71611738130806],[10.096165478219303,35.715219066023934]]]},"id":"+11239+39758","properties":{"count":1,"zone_degradee":1}},{"type":"Feature","geometry":{"geodesic":false,"type":"Polygon","coordinates":[[[10.094368847651063,35.8239152154024],[10.094368847651063,35.82211858483416],[10.097063793503422,35.82211858483416],[10.097063793503422,35.82122026955004],[10.097962108787542,35.82122026955004],[10.097962108787542,35.82301690011828],[10.097063793503422,35.82301690011828],[10.097063793503422,35.8239152154024],[10.094368847651063,35.8239152154024]]]},"id":"+11239+39878","properties":{"count":8,"zone_degradee":1}},{"type":"Feature","geometry":{"geodesic":false,"type":"Polygon","coordinates":[[[10.096165478219303,35.91464505909847],[10.096165478219303,35.911950113246114],[10.098860424071662,35.911950113246114],[10.098860424071662,35.91284842853023],[10.097962108787542,35.91284842853023],[10.097962108787542,35.91374674381435],[10.097063793503422,35.91374674381435],[10.097063793503422,35.91464505909847],[10.096165478219303,35.91464505909847]]]},"id":"+11239+39979","properties":{"count":6,"zone_degradee":1}},{"type":"Feature","geometry":{"geodesic":false,"type":"Polygon","coordinates":[[[10.095267162935183,35.942492832906176],[10.097063793503422,35.942492832906176],[10.097063793503422,35.94428946347441],[10.095267162935183,35.94428946347441],[10.095267162935183,35.942492832906176]]]},"id":"+11239+40012","properties":{"count":4,"zone_degradee":1}},{"type":"Feature","geometry":{"geodesic":false,"type":"Polygon","coordinates":[[[10.096165478219303,35.98291702069155],[10.096165478219303,35.982018705407434],[10.095267162935183,35.982018705407434],[10.095267162935183,35.9802220748392],[10.097063793503422,35.9802220748392],[10.097063793503422,35.981120390123316],[10.097962108787542,35.981120390123316],[10.097962108787542,35.982018705407434],[10.097063793503422,35.982018705407434],[10.097063793503422,35.98291702069155],[10.096165478219303,35.98291702069155]]]},"id":"+11239+40055","properties":{"count":6,"zone_degradee":1}},{"type":"Feature","geometry":{"geodesic":false,"type":"Polygon","coordinates":[[[10.095267162935183,35.71252412017158],[10.097962108787542,35.71252412017158],[10.097962108787542,35.714320750739816],[10.095267162935183,35.714320750739816],[10.095267162935183,35.71252412017158]]]},"id":"+11240+39756","properties":{"count":6,"zone_degradee":1}},{"type":"Feature","geometry":{"geodesic":false,"type":"Polygon","coordinates":[[[10.096165478219303,35.99190017353275],[10.097962108787542,35.99190017353275],[10.097962108787542,35.99459511938511],[10.096165478219303,35.99459511938511],[10.096165478219303,35.99190017353275]]]},"id":"+11240+40068","properties":{"count":6,"zone_degradee":1}},{"type":"Feature","geometry":{"geodesic":false,"type":"Polygon","coordinates":[[[10.096165478219303,36.023341208476936],[10.097962108787542,36.023341208476936],[10.097962108787542,36.02513783904517],[10.096165478219303,36.02513783904517],[10.096165478219303,36.023341208476936]]]},"id":"+11240+40102","properties":{"count":4,"zone_degradee":1}},{"type":"Feature","geometry":{"geodesic":false,"type":"Polygon","coordinates":[[[10.097063793503422,36.03501930717049],[10.097962108787542,36.03501930717049],[10.097962108787542,36.035917622454605],[10.097063793503422,36.035917622454605],[10.097063793503422,36.03501930717049]]]},"id":"+11240+40114","properties":{"count":1,"zone_degradee":1}},{"type":"Feature","geometry":{"geodesic":false,"type":"Polygon","coordinates":[[[10.097962108787542,36.027832784897534],[10.098860424071662,36.027832784897534],[10.098860424071662,36.02873110018165],[10.097962108787542,36.02873110018165],[10.097962108787542,36.027832784897534]]]},"id":"+11241+40106","properties":{"count":1,"zone_degradee":1}},{"type":"Feature","geometry":{"geodesic":false,"type":"Polygon","coordinates":[[[10.097962108787542,35.52567454107472],[10.097962108787542,35.52387791050648],[10.098860424071662,35.52387791050648],[10.098860424071662,35.52297959522236],[10.1006570546399,35.52297959522236],[10.1006570546399,35.524776225790596],[10.099758739355782,35.524776225790596],[10.099758739355782,35.52567454107472],[10.097962108787542,35.52567454107472]]]},"id":"+11242+39546","properties":{"count":7,"zone_degradee":1}},{"type":"Feature","geometry":{"geodesic":false,"type":"Polygon","coordinates":[[[10.098860424071662,35.57328525113305],[10.099758739355782,35.57328525113305],[10.099758739355782,35.574183566417176],[10.098860424071662,35.574183566417176],[10.098860424071662,35.57328525113305]]]},"id":"+11242+39600","properties":{"count":1,"zone_degradee":1}},{"type":"Feature","geometry":{"geodesic":false,"type":"Polygon","coordinates":[[[10.097962108787542,35.982018705407434],[10.099758739355782,35.982018705407434],[10.099758739355782,35.98291702069155],[10.097962108787542,35.98291702069155],[10.097962108787542,35.982018705407434]]]},"id":"+11242+40055","properties":{"count":2,"zone_degradee":1}},{"type":"Feature","geometry":{"geodesic":false,"type":"Polygon","coordinates":[[[10.098860424071662,36.02693446961341],[10.099758739355782,36.02693446961341],[10.099758739355782,36.027832784897534],[10.098860424071662,36.027832784897534],[10.098860424071662,36.02693446961341]]]},"id":"+11242+40105","properties":{"count":1,"zone_degradee":1}},{"type":"Feature","geometry":{"geodesic":false,"type":"Polygon","coordinates":[[[10.098860424071662,35.91015348267787],[10.098860424071662,35.908356852109634],[10.099758739355782,35.908356852109634],[10.099758739355782,35.9065602215414],[10.103352000492258,35.9065602215414],[10.103352000492258,35.907458536825516],[10.10245368520814,35.907458536825516],[10.10245368520814,35.908356852109634],[10.10155536992402,35.908356852109634],[10.10155536992402,35.90925516739375],[10.1006570546399,35.90925516739375],[10.1006570546399,35.91015348267787],[10.098860424071662,35.91015348267787]]]},"id":"+11243+39974","properties":{"count":12,"zone_degradee":1}},{"type":"Feature","geometry":{"geodesic":false,"type":"Polygon","coordinates":[[[10.098860424071662,35.946086094042656],[10.098860424071662,35.94518777875854],[10.099758739355782,35.94518777875854],[10.099758739355782,35.94428946347441],[10.10155536992402,35.94428946347441],[10.10155536992402,35.94518777875854],[10.1006570546399,35.94518777875854],[10.1006570546399,35.946086094042656],[10.098860424071662,35.946086094042656]]]},"id":"+11243+40014","properties":{"count":4,"zone_degradee":1}},{"type":"Feature","geometry":{"geodesic":false,"type":"Polygon","coordinates":[[[10.098860424071662,35.62718416818022],[10.098860424071662,35.6262858528961],[10.099758739355782,35.6262858528961],[10.099758739355782,35.625387537611985],[10.10155536992402,35.625387537611985],[10.10155536992402,35.62718416818022],[10.098860424071662,35.62718416818022]]]},"id":"+11244+39659","properties":{"count":5,"zone_degradee":1}},{"type":"Feature","geometry":{"geodesic":false,"type":"Polygon","coordinates":[[[10.099758739355782,35.64694710443085],[10.099758739355782,35.64604878914673],[10.098860424071662,35.64604878914673],[10.098860424071662,35.645150473862614],[10.10155536992402,35.645150473862614],[10.10155536992402,35.64694710443085],[10.099758739355782,35.64694710443085]]]},"id":"+11244+39681","properties":{"count":5,"zone_degradee":1}},{"type":"Feature","geometry":{"geodesic":false,"type":"Polygon","coordinates":[[[10.1006570546399,35.88050907830193],[10.10155536992402,35.88050907830193],[10.10155536992402,35.88140739358605],[10.1006570546399,35.88140739358605],[10.1006570546399,35.88050907830193]]]},"id":"+11244+39942","properties":{"count":1,"zone_degradee":1}},{"type":"Feature","geometry":{"geodesic":false,"type":"Polygon","coordinates":[[[10.099758739355782,35.969442291429765],[10.10155536992402,35.969442291429765],[10.10155536992402,35.97034060671388],[10.099758739355782,35.97034060671388],[10.099758739355782,35.969442291429765]]]},"id":"+11244+40041","properties":{"count":2,"zone_degradee":1}},{"type":"Feature","geometry":{"geodesic":false,"type":"Polygon","coordinates":[[[10.1006570546399,36.02962941546577],[10.10155536992402,36.02962941546577],[10.10155536992402,36.03052773074989],[10.1006570546399,36.03052773074989],[10.1006570546399,36.02962941546577]]]},"id":"+11244+40108","properties":{"count":1,"zone_degradee":1}},{"type":"Feature","geometry":{"geodesic":false,"type":"Polygon","coordinates":[[[10.1006570546399,35.99549343466923],[10.10245368520814,35.99549343466923],[10.10245368520814,35.99639174995335],[10.1006570546399,35.99639174995335],[10.1006570546399,35.99549343466923]]]},"id":"+11245+40070","properties":{"count":2,"zone_degradee":1}},{"type":"Feature","geometry":{"geodesic":false,"type":"Polygon","coordinates":[[[10.10245368520814,36.01345974035162],[10.103352000492258,36.01345974035162],[10.103352000492258,36.01435805563574],[10.10245368520814,36.01435805563574],[10.10245368520814,36.01345974035162]]]},"id":"+11246+40090","properties":{"count":1,"zone_degradee":1}},{"type":"Feature","geometry":{"geodesic":false,"type":"Polygon","coordinates":[[[10.10245368520814,36.02603615432929],[10.103352000492258,36.02603615432929],[10.103352000492258,36.02693446961341],[10.10245368520814,36.02693446961341],[10.10245368520814,36.02603615432929]]]},"id":"+11246+40104","properties":{"count":1,"zone_degradee":1}},{"type":"Feature","geometry":{"geodesic":false,"type":"Polygon","coordinates":[[[10.103352000492258,35.44752111135632],[10.104250315776378,35.44752111135632],[10.104250315776378,35.44841942664044],[10.103352000492258,35.44841942664044],[10.103352000492258,35.44752111135632]]]},"id":"+11247+39460","properties":{"count":1,"zone_degradee":1}},{"type":"Feature","geometry":{"geodesic":false,"type":"Polygon","coordinates":[[[10.099758739355782,36.03861256830697],[10.104250315776378,36.03861256830697],[10.104250315776378,36.039510883591085],[10.099758739355782,36.039510883591085],[10.099758739355782,36.03861256830697]]]},"id":"+11247+40118","properties":{"count":5,"zone_degradee":1}},{"type":"Feature","geometry":{"geodesic":false,"type":"Polygon","coordinates":[[[10.10245368520814,36.04849403643228],[10.10245368520814,36.04669740586404],[10.103352000492258,36.04669740586404],[10.103352000492258,36.04579909057992],[10.104250315776378,36.04579909057992],[10.104250315776378,36.0449007752958],[10.105148631060498,36.0449007752958],[10.105148631060498,36.04579909057992],[10.106046946344618,36.04579909057992],[10.106046946344618,36.0449007752958],[10.111436838049334,36.0449007752958],[10.111436838049334,36.04579909057992],[10.113233468617574,36.04579909057992],[10.113233468617574,36.04759572114816],[10.109640207481096,36.04759572114816],[10.109640207481096,36.04669740586404],[10.108741892196976,36.04669740586404],[10.108741892196976,36.04759572114816],[10.107843576912856,36.04759572114816],[10.107843576912856,36.04669740586404],[10.105148631060498,36.04669740586404],[10.105148631060498,36.04759572114816],[10.104250315776378,36.04759572114816],[10.104250315776378,36.04849403643228],[10.10245368520814,36.04849403643228]]]},"id":"+11247+40128","properties":{"count":28,"zone_degradee":1}},{"type":"Feature","geometry":{"geodesic":false,"type":"Polygon","coordinates":[[[10.10245368520814,36.061968765694076],[10.10245368520814,36.06107045040995],[10.1006570546399,36.06107045040995],[10.1006570546399,36.059273819841714],[10.103352000492258,36.059273819841714],[10.103352000492258,36.06017213512583],[10.104250315776378,36.06017213512583],[10.104250315776378,36.061968765694076],[10.10245368520814,36.061968765694076]]]},"id":"+11247+40143","properties":{"count":9,"zone_degradee":1}},{"type":"Feature","geometry":{"geodesic":false,"type":"Polygon","coordinates":[[[10.105148631060498,35.59304818738368],[10.106046946344618,35.59304818738368],[10.106046946344618,35.593946502667805],[10.105148631060498,35.593946502667805],[10.105148631060498,35.59304818738368]]]},"id":"+11249+39622","properties":{"count":1,"zone_degradee":1}},{"type":"Feature","geometry":{"geodesic":false,"type":"Polygon","coordinates":[[[10.103352000492258,35.62448922232787],[10.103352000492258,35.62359090704375],[10.10245368520814,35.62359090704375],[10.10245368520814,35.621794276475505],[10.105148631060498,35.621794276475505],[10.105148631060498,35.61909933062315],[10.107843576912856,35.61909933062315],[10.107843576912856,35.61999764590727],[10.108741892196976,35.61999764590727],[10.108741892196976,35.62089596119139],[10.107843576912856,35.62089596119139],[10.107843576912856,35.621794276475505],[10.106945261628736,35.621794276475505],[10.106945261628736,35.62359090704375],[10.106046946344618,35.62359090704375],[10.106046946344618,35.62448922232787],[10.103352000492258,35.62448922232787]]]},"id":"+11249+39656","properties":{"count":23,"zone_degradee":1}},{"type":"Feature","geometry":{"geodesic":false,"type":"Polygon","coordinates":[[[10.105148631060498,36.01795131677222],[10.106046946344618,36.01795131677222],[10.106046946344618,36.019747947340456],[10.105148631060498,36.019747947340456],[10.105148631060498,36.01795131677222]]]},"id":"+11249+40096","properties":{"count":2,"zone_degradee":1}},{"type":"Feature","geometry":{"geodesic":false,"type":"Polygon","coordinates":[[[10.105148631060498,35.997290065237465],[10.106945261628736,35.997290065237465],[10.106945261628736,35.99818838052159],[10.105148631060498,35.99818838052159],[10.105148631060498,35.997290065237465]]]},"id":"+11250+40072","properties":{"count":2,"zone_degradee":1}},{"type":"Feature","geometry":{"geodesic":false,"type":"Polygon","coordinates":[[[10.106046946344618,36.00357827222631],[10.106945261628736,36.00357827222631],[10.106945261628736,36.00537490279454],[10.106046946344618,36.00537490279454],[10.106046946344618,36.00357827222631]]]},"id":"+11250+40080","properties":{"count":2,"zone_degradee":1}},{"type":"Feature","geometry":{"geodesic":false,"type":"Polygon","coordinates":[[[10.106046946344618,36.019747947340456],[10.106945261628736,36.019747947340456],[10.106945261628736,36.020646262624574],[10.106046946344618,36.020646262624574],[10.106046946344618,36.019747947340456]]]},"id":"+11250+40097","properties":{"count":1,"zone_degradee":1}},{"type":"Feature","geometry":{"geodesic":false,"type":"Polygon","coordinates":[[[10.106046946344618,36.02154457790869],[10.106945261628736,36.02154457790869],[10.106945261628736,36.02244289319281],[10.106046946344618,36.02244289319281],[10.106046946344618,36.02154457790869]]]},"id":"+11250+40099","properties":{"count":1,"zone_degradee":1}},{"type":"Feature","geometry":{"geodesic":false,"type":"Polygon","coordinates":[[[10.105148631060498,36.02962941546577],[10.105148631060498,36.027832784897534],[10.106046946344618,36.027832784897534],[10.106046946344618,36.02873110018165],[10.106945261628736,36.02873110018165],[10.106945261628736,36.02962941546577],[10.105148631060498,36.02962941546577]]]},"id":"+11250+40107","properties":{"count":3,"zone_degradee":1}},{"type":"Feature","geometry":{"geodesic":false,"type":"Polygon","coordinates":[[[10.106945261628736,36.01884963205634],[10.107843576912856,36.01884963205634],[10.107843576912856,36.019747947340456],[10.106945261628736,36.019747947340456],[10.106945261628736,36.01884963205634]]]},"id":"+11251+40096","properties":{"count":1,"zone_degradee":1}},{"type":"Feature","geometry":{"geodesic":false,"type":"Polygon","coordinates":[[[10.106945261628736,36.02244289319281],[10.107843576912856,36.02244289319281],[10.107843576912856,36.023341208476936],[10.106945261628736,36.023341208476936],[10.106945261628736,36.02244289319281]]]},"id":"+11251+40100","properties":{"count":1,"zone_degradee":1}},{"type":"Feature","geometry":{"geodesic":false,"type":"Polygon","coordinates":[[[10.103352000492258,36.03142604603401],[10.107843576912856,36.03142604603401],[10.107843576912856,36.03412099188637],[10.103352000492258,36.03412099188637],[10.103352000492258,36.03142604603401]]]},"id":"+11251+40112","properties":{"count":15,"zone_degradee":1}},{"type":"Feature","geometry":{"geodesic":false,"type":"Polygon","coordinates":[[[10.106945261628736,35.91374674381435],[10.106945261628736,35.911051797961996],[10.107843576912856,35.911051797961996],[10.107843576912856,35.91015348267787],[10.108741892196976,35.91015348267787],[10.108741892196976,35.91374674381435],[10.106945261628736,35.91374674381435]]]},"id":"+11252+39978","properties":{"count":7,"zone_degradee":1}},{"type":"Feature","geometry":{"geodesic":false,"type":"Polygon","coordinates":[[[10.107843576912856,36.016154686203976],[10.108741892196976,36.016154686203976],[10.108741892196976,36.017053001488094],[10.107843576912856,36.017053001488094],[10.107843576912856,36.016154686203976]]]},"id":"+11252+40093","properties":{"count":1,"zone_degradee":1}},{"type":"Feature","geometry":{"geodesic":false,"type":"Polygon","coordinates":[[[10.107843576912856,36.019747947340456],[10.108741892196976,36.019747947340456],[10.108741892196976,36.020646262624574],[10.107843576912856,36.020646262624574],[10.107843576912856,36.019747947340456]]]},"id":"+11252+40097","properties":{"count":1,"zone_degradee":1}},{"type":"Feature","geometry":{"geodesic":false,"type":"Polygon","coordinates":[[[10.107843576912856,36.043104144727565],[10.108741892196976,36.043104144727565],[10.108741892196976,36.04400246001168],[10.107843576912856,36.04400246001168],[10.107843576912856,36.043104144727565]]]},"id":"+11252+40123","properties":{"count":1,"zone_degradee":1}},{"type":"Feature","geometry":{"geodesic":false,"type":"Polygon","coordinates":[[[10.108741892196976,35.583166719258365],[10.108741892196976,35.58137008869013],[10.110538522765214,35.58137008869013],[10.110538522765214,35.58226840397425],[10.109640207481096,35.58226840397425],[10.109640207481096,35.583166719258365],[10.108741892196976,35.583166719258365]]]},"id":"+11253+39610","properties":{"count":3,"zone_degradee":1}},{"type":"Feature","geometry":{"geodesic":false,"type":"Polygon","coordinates":[[[10.108741892196976,35.706235913182745],[10.109640207481096,35.706235913182745],[10.109640207481096,35.70713422846686],[10.108741892196976,35.70713422846686],[10.108741892196976,35.706235913182745]]]},"id":"+11253+39748","properties":{"count":1,"zone_degradee":1}},{"type":"Feature","geometry":{"geodesic":false,"type":"Polygon","coordinates":[[[10.108741892196976,36.00178164165806],[10.109640207481096,36.00178164165806],[10.109640207481096,36.00267995694218],[10.108741892196976,36.00267995694218],[10.108741892196976,36.00178164165806]]]},"id":"+11253+40077","properties":{"count":1,"zone_degradee":1}},{"type":"Feature","geometry":{"geodesic":false,"type":"Polygon","coordinates":[[[10.108741892196976,36.017053001488094],[10.109640207481096,36.017053001488094],[10.109640207481096,36.01795131677222],[10.108741892196976,36.01795131677222],[10.108741892196976,36.017053001488094]]]},"id":"+11253+40094","properties":{"count":1,"zone_degradee":1}},{"type":"Feature","geometry":{"geodesic":false,"type":"Polygon","coordinates":[[[10.109640207481096,35.94518777875854],[10.110538522765214,35.94518777875854],[10.110538522765214,35.946086094042656],[10.109640207481096,35.946086094042656],[10.109640207481096,35.94518777875854]]]},"id":"+11254+40014","properties":{"count":1,"zone_degradee":1}},{"type":"Feature","geometry":{"geodesic":false,"type":"Polygon","coordinates":[[[10.109640207481096,36.00627321807866],[10.109640207481096,36.004476587510425],[10.111436838049334,36.004476587510425],[10.111436838049334,36.00537490279454],[10.110538522765214,36.00537490279454],[10.110538522765214,36.00627321807866],[10.109640207481096,36.00627321807866]]]},"id":"+11254+40081","properties":{"count":3,"zone_degradee":1}},{"type":"Feature","geometry":{"geodesic":false,"type":"Polygon","coordinates":[[[10.108741892196976,36.023341208476936],[10.108741892196976,36.02244289319281],[10.107843576912856,36.02244289319281],[10.107843576912856,36.02154457790869],[10.110538522765214,36.02154457790869],[10.110538522765214,36.023341208476936],[10.108741892196976,36.023341208476936]]]},"id":"+11254+40100","properties":{"count":5,"zone_degradee":1}},{"type":"Feature","geometry":{"geodesic":false,"type":"Polygon","coordinates":[[[10.107843576912856,36.06376539626231],[10.110538522765214,36.06376539626231],[10.110538522765214,36.06556202683055],[10.107843576912856,36.06556202683055],[10.107843576912856,36.06376539626231]]]},"id":"+11254+40147","properties":{"count":6,"zone_degradee":1}},{"type":"Feature","geometry":{"geodesic":false,"type":"Polygon","coordinates":[[[10.110538522765214,35.53106443277944],[10.111436838049334,35.53106443277944],[10.111436838049334,35.531962748063556],[10.110538522765214,35.531962748063556],[10.110538522765214,35.53106443277944]]]},"id":"+11255+39553","properties":{"count":1,"zone_degradee":1}},{"type":"Feature","geometry":{"geodesic":false,"type":"Polygon","coordinates":[[[10.110538522765214,35.548132423177705],[10.111436838049334,35.548132423177705],[10.111436838049334,35.54903073846182],[10.110538522765214,35.54903073846182],[10.110538522765214,35.548132423177705]]]},"id":"+11255+39572","properties":{"count":1,"zone_degradee":1}},{"type":"Feature","geometry":{"geodesic":false,"type":"Polygon","coordinates":[[[10.110538522765214,35.64604878914673],[10.111436838049334,35.64604878914673],[10.111436838049334,35.64694710443085],[10.110538522765214,35.64694710443085],[10.110538522765214,35.64604878914673]]]},"id":"+11255+39681","properties":{"count":1,"zone_degradee":1}},{"type":"Feature","geometry":{"geodesic":false,"type":"Polygon","coordinates":[[[10.110538522765214,35.95147598574737],[10.111436838049334,35.95147598574737],[10.111436838049334,35.95237430103149],[10.110538522765214,35.95237430103149],[10.110538522765214,35.95147598574737]]]},"id":"+11255+40021","properties":{"count":1,"zone_degradee":1}},{"type":"Feature","geometry":{"geodesic":false,"type":"Polygon","coordinates":[[[10.109640207481096,35.706235913182745],[10.109640207481096,35.70533759789862],[10.110538522765214,35.70533759789862],[10.110538522765214,35.7044392826145],[10.112335153333454,35.7044392826145],[10.112335153333454,35.706235913182745],[10.109640207481096,35.706235913182745]]]},"id":"+11256+39747","properties":{"count":5,"zone_degradee":1}},{"type":"Feature","geometry":{"geodesic":false,"type":"Polygon","coordinates":[[[10.109640207481096,36.061968765694076],[10.109640207481096,36.06107045040995],[10.110538522765214,36.06107045040995],[10.110538522765214,36.059273819841714],[10.109640207481096,36.059273819841714],[10.109640207481096,36.058375504557596],[10.111436838049334,36.058375504557596],[10.111436838049334,36.059273819841714],[10.112335153333454,36.059273819841714],[10.112335153333454,36.061968765694076],[10.109640207481096,36.061968765694076]]]},"id":"+11256+40143","properties":{"count":9,"zone_degradee":1}},{"type":"Feature","geometry":{"geodesic":false,"type":"Polygon","coordinates":[[[10.111436838049334,35.593946502667805],[10.113233468617574,35.593946502667805],[10.113233468617574,35.59574313323604],[10.111436838049334,35.59574313323604],[10.111436838049334,35.593946502667805]]]},"id":"+11257+39624","properties":{"count":4,"zone_degradee":1}},{"type":"Feature","geometry":{"geodesic":false,"type":"Polygon","coordinates":[[[10.109640207481096,35.61820101533903],[10.113233468617574,35.61820101533903],[10.113233468617574,35.62089596119139],[10.109640207481096,35.62089596119139],[10.109640207481096,35.61820101533903]]]},"id":"+11257+39652","properties":{"count":12,"zone_degradee":1}},{"type":"Feature","geometry":{"geodesic":false,"type":"Polygon","coordinates":[[[10.110538522765214,35.997290065237465],[10.113233468617574,35.997290065237465],[10.113233468617574,35.99818838052159],[10.110538522765214,35.99818838052159],[10.110538522765214,35.997290065237465]]]},"id":"+11257+40072","properties":{"count":3,"zone_degradee":1}},{"type":"Feature","geometry":{"geodesic":false,"type":"Polygon","coordinates":[[[10.114131783901692,36.00267995694218],[10.115030099185812,36.00267995694218],[10.115030099185812,36.00357827222631],[10.114131783901692,36.00357827222631],[10.114131783901692,36.00267995694218]]]},"id":"+11259+40078","properties":{"count":1,"zone_degradee":1}},{"type":"Feature","geometry":{"geodesic":false,"type":"Polygon","coordinates":[[[10.114131783901692,35.58855661096308],[10.115928414469932,35.58855661096308],[10.115928414469932,35.590353241531325],[10.114131783901692,35.590353241531325],[10.114131783901692,35.58855661096308]]]},"id":"+11260+39618","properties":{"count":4,"zone_degradee":1}},{"type":"Feature","geometry":{"geodesic":false,"type":"Polygon","coordinates":[[[10.115030099185812,36.00357827222631],[10.115928414469932,36.00357827222631],[10.115928414469932,36.004476587510425],[10.115030099185812,36.004476587510425],[10.115030099185812,36.00357827222631]]]},"id":"+11260+40079","properties":{"count":1,"zone_degradee":1}},{"type":"Feature","geometry":{"geodesic":false,"type":"Polygon","coordinates":[[[10.115030099185812,36.03322267660225],[10.115030099185812,36.03232436131813],[10.114131783901692,36.03232436131813],[10.114131783901692,36.03142604603401],[10.115928414469932,36.03142604603401],[10.115928414469932,36.03322267660225],[10.115030099185812,36.03322267660225]]]},"id":"+11260+40111","properties":{"count":3,"zone_degradee":1}},{"type":"Feature","geometry":{"geodesic":false,"type":"Polygon","coordinates":[[[10.115928414469932,35.8930854922796],[10.116826729754052,35.8930854922796],[10.116826729754052,35.89398380756372],[10.115928414469932,35.89398380756372],[10.115928414469932,35.8930854922796]]]},"id":"+11261+39956","properties":{"count":1,"zone_degradee":1}},{"type":"Feature","geometry":{"geodesic":false,"type":"Polygon","coordinates":[[[10.115928414469932,36.06376539626231],[10.116826729754052,36.06376539626231],[10.116826729754052,36.06466371154643],[10.115928414469932,36.06466371154643],[10.115928414469932,36.06376539626231]]]},"id":"+11261+40146","properties":{"count":1,"zone_degradee":1}},{"type":"Feature","geometry":{"geodesic":false,"type":"Polygon","coordinates":[[[10.116826729754052,35.602031340224876],[10.116826729754052,35.59933639437252],[10.115928414469932,35.59933639437252],[10.115928414469932,35.598438079088396],[10.11772504503817,35.598438079088396],[10.11772504503817,35.602031340224876],[10.116826729754052,35.602031340224876]]]},"id":"+11262+39631","properties":{"count":5,"zone_degradee":1}},{"type":"Feature","geometry":{"geodesic":false,"type":"Polygon","coordinates":[[[10.116826729754052,35.62808248346435],[10.11772504503817,35.62808248346435],[10.11772504503817,35.628980798748465],[10.116826729754052,35.628980798748465],[10.116826729754052,35.62808248346435]]]},"id":"+11262+39661","properties":{"count":1,"zone_degradee":1}},{"type":"Feature","geometry":{"geodesic":false,"type":"Polygon","coordinates":[[[10.115928414469932,35.69815107562567],[10.11772504503817,35.69815107562567],[10.11772504503817,35.6999477061939],[10.115928414469932,35.6999477061939],[10.115928414469932,35.69815107562567]]]},"id":"+11262+39740","properties":{"count":4,"zone_degradee":1}},{"type":"Feature","geometry":{"geodesic":false,"type":"Polygon","coordinates":[[[10.115928414469932,35.84367815165303],[10.115928414469932,35.84008489051655],[10.116826729754052,35.84008489051655],[10.116826729754052,35.838288259948314],[10.11772504503817,35.838288259948314],[10.11772504503817,35.83649162938007],[10.11952167560641,35.83649162938007],[10.11952167560641,35.837389944664196],[10.121318306174649,35.837389944664196],[10.121318306174649,35.83649162938007],[10.122216621458769,35.83649162938007],[10.122216621458769,35.838288259948314],[10.121318306174649,35.838288259948314],[10.121318306174649,35.84008489051655],[10.120419990890529,35.84008489051655],[10.120419990890529,35.84098320580067],[10.11862336032229,35.84098320580067],[10.11862336032229,35.84188152108479],[10.11772504503817,35.84188152108479],[10.11772504503817,35.84367815165303],[10.115928414469932,35.84367815165303]]]},"id":"+11262+39900","properties":{"count":30,"zone_degradee":1}},{"type":"Feature","geometry":{"geodesic":false,"type":"Polygon","coordinates":[[[10.115030099185812,36.02513783904517],[10.115030099185812,36.024239523761054],[10.114131783901692,36.024239523761054],[10.114131783901692,36.023341208476936],[10.115928414469932,36.023341208476936],[10.115928414469932,36.024239523761054],[10.11772504503817,36.024239523761054],[10.11772504503817,36.02513783904517],[10.115030099185812,36.02513783904517]]]},"id":"+11262+40102","properties":{"count":5,"zone_degradee":1}},{"type":"Feature","geometry":{"geodesic":false,"type":"Polygon","coordinates":[[[10.11772504503817,35.9802220748392],[10.11862336032229,35.9802220748392],[10.11862336032229,35.982018705407434],[10.11772504503817,35.982018705407434],[10.11772504503817,35.9802220748392]]]},"id":"+11263+40054","properties":{"count":2,"zone_degradee":1}},{"type":"Feature","geometry":{"geodesic":false,"type":"Polygon","coordinates":[[[10.116826729754052,36.00267995694218],[10.116826729754052,36.00178164165806],[10.115928414469932,36.00178164165806],[10.115928414469932,36.000883326373945],[10.116826729754052,36.000883326373945],[10.116826729754052,35.99818838052159],[10.11772504503817,35.99818838052159],[10.11772504503817,36.00178164165806],[10.11862336032229,36.00178164165806],[10.11862336032229,36.00267995694218],[10.116826729754052,36.00267995694218]]]},"id":"+11263+40077","properties":{"count":7,"zone_degradee":1}},{"type":"Feature","geometry":{"geodesic":false,"type":"Polygon","coordinates":[[[10.116826729754052,36.053883928137],[10.11862336032229,36.053883928137],[10.11862336032229,36.055680558705234],[10.116826729754052,36.055680558705234],[10.116826729754052,36.053883928137]]]},"id":"+11263+40136","properties":{"count":4,"zone_degradee":1}},{"type":"Feature","geometry":{"geodesic":false,"type":"Polygon","coordinates":[[[10.11862336032229,35.91464505909847],[10.11952167560641,35.91464505909847],[10.11952167560641,35.915543374382594],[10.11862336032229,35.915543374382594],[10.11862336032229,35.91464505909847]]]},"id":"+11264+39980","properties":{"count":1,"zone_degradee":1}},{"type":"Feature","geometry":{"geodesic":false,"type":"Polygon","coordinates":[[[10.11862336032229,35.9757304984186],[10.11952167560641,35.9757304984186],[10.11952167560641,35.97662881370272],[10.11862336032229,35.97662881370272],[10.11862336032229,35.9757304984186]]]},"id":"+11264+40048","properties":{"count":1,"zone_degradee":1}},{"type":"Feature","geometry":{"geodesic":false,"type":"Polygon","coordinates":[[[10.11862336032229,36.00896816393102],[10.11952167560641,36.00896816393102],[10.11952167560641,36.00986647921514],[10.11862336032229,36.00986647921514],[10.11862336032229,36.00896816393102]]]},"id":"+11264+40085","properties":{"count":1,"zone_degradee":1}},{"type":"Feature","geometry":{"geodesic":false,"type":"Polygon","coordinates":[[[10.11952167560641,35.61730270005491],[10.120419990890529,35.61730270005491],[10.120419990890529,35.61820101533903],[10.11952167560641,35.61820101533903],[10.11952167560641,35.61730270005491]]]},"id":"+11265+39649","properties":{"count":1,"zone_degradee":1}},{"type":"Feature","geometry":{"geodesic":false,"type":"Polygon","coordinates":[[[10.11862336032229,35.8328983682436],[10.120419990890529,35.8328983682436],[10.120419990890529,35.834694998811834],[10.11862336032229,35.834694998811834],[10.11862336032229,35.8328983682436]]]},"id":"+11265+39890","properties":{"count":4,"zone_degradee":1}},{"type":"Feature","geometry":{"geodesic":false,"type":"Polygon","coordinates":[[[10.11952167560641,35.58047177340601],[10.121318306174649,35.58047177340601],[10.121318306174649,35.58137008869013],[10.11952167560641,35.58137008869013],[10.11952167560641,35.58047177340601]]]},"id":"+11266+39608","properties":{"count":2,"zone_degradee":1}},{"type":"Feature","geometry":{"geodesic":false,"type":"Polygon","coordinates":[[[10.120419990890529,35.606522916645474],[10.121318306174649,35.606522916645474],[10.121318306174649,35.60742123192959],[10.120419990890529,35.60742123192959],[10.120419990890529,35.606522916645474]]]},"id":"+11266+39637","properties":{"count":1,"zone_degradee":1}},{"type":"Feature","geometry":{"geodesic":false,"type":"Polygon","coordinates":[[[10.120419990890529,36.00717153336278],[10.121318306174649,36.00717153336278],[10.121318306174649,36.008069848646905],[10.120419990890529,36.008069848646905],[10.120419990890529,36.00717153336278]]]},"id":"+11266+40083","properties":{"count":1,"zone_degradee":1}},{"type":"Feature","geometry":{"geodesic":false,"type":"Polygon","coordinates":[[[10.121318306174649,36.039510883591085],[10.122216621458769,36.039510883591085],[10.122216621458769,36.0404091988752],[10.121318306174649,36.0404091988752],[10.121318306174649,36.039510883591085]]]},"id":"+11267+40119","properties":{"count":1,"zone_degradee":1}},{"type":"Feature","geometry":{"geodesic":false,"type":"Polygon","coordinates":[[[10.122216621458769,35.978425444270954],[10.123114936742889,35.978425444270954],[10.123114936742889,35.9802220748392],[10.122216621458769,35.9802220748392],[10.122216621458769,35.978425444270954]]]},"id":"+11268+40052","properties":{"count":2,"zone_degradee":1}},{"type":"Feature","geometry":{"geodesic":false,"type":"Polygon","coordinates":[[[10.121318306174649,35.59664144852016],[10.121318306174649,35.59574313323604],[10.120419990890529,35.59574313323604],[10.120419990890529,35.593946502667805],[10.122216621458769,35.593946502667805],[10.122216621458769,35.59484481795192],[10.124013252027007,35.59484481795192],[10.124013252027007,35.59664144852016],[10.121318306174649,35.59664144852016]]]},"id":"+11269+39625","properties":{"count":9,"zone_degradee":1}},{"type":"Feature","geometry":{"geodesic":false,"type":"Polygon","coordinates":[[[10.123114936742889,35.73857526341104],[10.124013252027007,35.73857526341104],[10.124013252027007,35.73947357869516],[10.123114936742889,35.73947357869516],[10.123114936742889,35.73857526341104]]]},"id":"+11269+39784","properties":{"count":1,"zone_degradee":1}},{"type":"Feature","geometry":{"geodesic":false,"type":"Polygon","coordinates":[[[10.122216621458769,35.75204999267284],[10.122216621458769,35.7502533621046],[10.115928414469932,35.7502533621046],[10.115928414469932,35.74755841625224],[10.11862336032229,35.74755841625224],[10.11862336032229,35.74845673153636],[10.123114936742889,35.74845673153636],[10.123114936742889,35.74755841625224],[10.125809882595247,35.74755841625224],[10.125809882595247,35.749355046820476],[10.124911567311127,35.749355046820476],[10.124911567311127,35.75115167738872],[10.124013252027007,35.75115167738872],[10.124013252027007,35.75204999267284],[10.122216621458769,35.75204999267284]]]},"id":"+11269+39798","properties":{"count":32,"zone_degradee":1}},{"type":"Feature","geometry":{"geodesic":false,"type":"Polygon","coordinates":[[[10.122216621458769,35.575081881701294],[10.124911567311127,35.575081881701294],[10.124911567311127,35.57598019698541],[10.122216621458769,35.57598019698541],[10.122216621458769,35.575081881701294]]]},"id":"+11270+39602","properties":{"count":3,"zone_degradee":1}},{"type":"Feature","geometry":{"geodesic":false,"type":"Polygon","coordinates":[[[10.124013252027007,35.70982917431922],[10.124013252027007,35.70803254375098],[10.123114936742889,35.70803254375098],[10.123114936742889,35.70713422846686],[10.120419990890529,35.70713422846686],[10.120419990890529,35.7044392826145],[10.121318306174649,35.7044392826145],[10.121318306174649,35.70354096733038],[10.122216621458769,35.70354096733038],[10.122216621458769,35.70174433676215],[10.121318306174649,35.70174433676215],[10.121318306174649,35.70084602147802],[10.124013252027007,35.70084602147802],[10.124013252027007,35.702642652046265],[10.125809882595247,35.702642652046265],[10.125809882595247,35.70354096733038],[10.126708197879367,35.70354096733038],[10.126708197879367,35.706235913182745],[10.124911567311127,35.706235913182745],[10.124911567311127,35.70982917431922],[10.124013252027007,35.70982917431922]]]},"id":"+11270+39751","properties":{"count":38,"zone_degradee":1}},{"type":"Feature","geometry":{"geodesic":false,"type":"Polygon","coordinates":[[[10.123114936742889,35.837389944664196],[10.123114936742889,35.83649162938007],[10.122216621458769,35.83649162938007],[10.122216621458769,35.833796683527716],[10.123114936742889,35.833796683527716],[10.123114936742889,35.83200005295947],[10.125809882595247,35.83200005295947],[10.125809882595247,35.834694998811834],[10.124911567311127,35.834694998811834],[10.124911567311127,35.837389944664196],[10.123114936742889,35.837389944664196]]]},"id":"+11270+39893","properties":{"count":18,"zone_degradee":1}},{"type":"Feature","geometry":{"geodesic":false,"type":"Polygon","coordinates":[[[10.124013252027007,36.0449007752958],[10.124911567311127,36.0449007752958],[10.124911567311127,36.04579909057992],[10.124013252027007,36.04579909057992],[10.124013252027007,36.0449007752958]]]},"id":"+11270+40125","properties":{"count":1,"zone_degradee":1}},{"type":"Feature","geometry":{"geodesic":false,"type":"Polygon","coordinates":[[[10.124911567311127,35.62089596119139],[10.125809882595247,35.62089596119139],[10.125809882595247,35.621794276475505],[10.124911567311127,35.621794276475505],[10.124911567311127,35.62089596119139]]]},"id":"+11271+39653","properties":{"count":1,"zone_degradee":1}},{"type":"Feature","geometry":{"geodesic":false,"type":"Polygon","coordinates":[[[10.124013252027007,36.06915528796703],[10.125809882595247,36.06915528796703],[10.125809882595247,36.070951918535265],[10.124013252027007,36.070951918535265],[10.124013252027007,36.06915528796703]]]},"id":"+11271+40153","properties":{"count":4,"zone_degradee":1}},{"type":"Feature","geometry":{"geodesic":false,"type":"Polygon","coordinates":[[[10.124911567311127,35.6999477061939],[10.124911567311127,35.699049390909785],[10.124013252027007,35.699049390909785],[10.124013252027007,35.69725276034155],[10.121318306174649,35.69725276034155],[10.121318306174649,35.69815107562567],[10.11952167560641,35.69815107562567],[10.11952167560641,35.69725276034155],[10.11862336032229,35.69725276034155],[10.11862336032229,35.69635444505743],[10.11772504503817,35.69635444505743],[10.11772504503817,35.69455781448919],[10.116826729754052,35.69455781448919],[10.116826729754052,35.69365949920507],[10.115928414469932,35.69365949920507],[10.115928414469932,35.69186286863683],[10.120419990890529,35.69186286863683],[10.120419990890529,35.69276118392095],[10.122216621458769,35.69276118392095],[10.122216621458769,35.69365949920507],[10.123114936742889,35.69365949920507],[10.123114936742889,35.69635444505743],[10.127606513163485,35.69635444505743],[10.127606513163485,35.69815107562567],[10.126708197879367,35.69815107562567],[10.126708197879367,35.6999477061939],[10.124911567311127,35.6999477061939]]]},"id":"+11272+39740","properties":{"count":52,"zone_degradee":1}},{"type":"Feature","geometry":{"geodesic":false,"type":"Polygon","coordinates":[[[10.124013252027007,35.74396515511576],[10.124013252027007,35.741270209263405],[10.125809882595247,35.741270209263405],[10.125809882595247,35.74037189397929],[10.126708197879367,35.74037189397929],[10.126708197879367,35.73857526341104],[10.128504828447605,35.73857526341104],[10.128504828447605,35.73947357869516],[10.129403143731725,35.73947357869516],[10.129403143731725,35.741270209263405],[10.127606513163485,35.741270209263405],[10.127606513163485,35.74306683983164],[10.126708197879367,35.74306683983164],[10.126708197879367,35.74396515511576],[10.124013252027007,35.74396515511576]]]},"id":"+11272+39789","properties":{"count":20,"zone_degradee":1}},{"type":"Feature","geometry":{"geodesic":false,"type":"Polygon","coordinates":[[[10.125809882595247,36.03861256830697],[10.126708197879367,36.03861256830697],[10.126708197879367,36.039510883591085],[10.125809882595247,36.039510883591085],[10.125809882595247,36.03861256830697]]]},"id":"+11272+40118","properties":{"count":1,"zone_degradee":1}},{"type":"Feature","geometry":{"geodesic":false,"type":"Polygon","coordinates":[[[10.125809882595247,36.05029066700052],[10.125809882595247,36.0493923517164],[10.124911567311127,36.0493923517164],[10.124911567311127,36.05029066700052],[10.124013252027007,36.05029066700052],[10.124013252027007,36.04669740586404],[10.124911567311127,36.04669740586404],[10.124911567311127,36.04759572114816],[10.127606513163485,36.04759572114816],[10.127606513163485,36.0493923517164],[10.126708197879367,36.0493923517164],[10.126708197879367,36.05029066700052],[10.125809882595247,36.05029066700052]]]},"id":"+11272+40130","properties":{"count":11,"zone_degradee":1}},{"type":"Feature","geometry":{"geodesic":false,"type":"Polygon","coordinates":[[[10.125809882595247,36.074545179671745],[10.127606513163485,36.074545179671745],[10.127606513163485,36.07634181023999],[10.125809882595247,36.07634181023999],[10.125809882595247,36.074545179671745]]]},"id":"+11273+40159","properties":{"count":4,"zone_degradee":1}},{"type":"Feature","geometry":{"geodesic":false,"type":"Polygon","coordinates":[[[10.127606513163485,36.07274854910351],[10.128504828447605,36.07274854910351],[10.128504828447605,36.07364686438763],[10.127606513163485,36.07364686438763],[10.127606513163485,36.07274854910351]]]},"id":"+11274+40156","properties":{"count":1,"zone_degradee":1}},{"type":"Feature","geometry":{"geodesic":false,"type":"Polygon","coordinates":[[[10.127606513163485,35.58945492624721],[10.127606513163485,35.58855661096308],[10.126708197879367,35.58855661096308],[10.126708197879367,35.58586166511073],[10.124911567311127,35.58586166511073],[10.124911567311127,35.583166719258365],[10.125809882595247,35.583166719258365],[10.125809882595247,35.58226840397425],[10.126708197879367,35.58226840397425],[10.126708197879367,35.58137008869013],[10.128504828447605,35.58137008869013],[10.128504828447605,35.58226840397425],[10.130301459015845,35.58226840397425],[10.130301459015845,35.583166719258365],[10.131199774299963,35.583166719258365],[10.131199774299963,35.58496334982661],[10.130301459015845,35.58496334982661],[10.130301459015845,35.586759980394845],[10.129403143731725,35.586759980394845],[10.129403143731725,35.58945492624721],[10.127606513163485,35.58945492624721]]]},"id":"+11275+39617","properties":{"count":39,"zone_degradee":1}},{"type":"Feature","geometry":{"geodesic":false,"type":"Polygon","coordinates":[[[10.127606513163485,35.65952351840853],[10.129403143731725,35.65952351840853],[10.129403143731725,35.66132014897676],[10.127606513163485,35.66132014897676],[10.127606513163485,35.65952351840853]]]},"id":"+11275+39697","properties":{"count":4,"zone_degradee":1}},{"type":"Feature","geometry":{"geodesic":false,"type":"Polygon","coordinates":[[[10.127606513163485,36.05208729756876],[10.127606513163485,36.051188982284636],[10.126708197879367,36.051188982284636],[10.126708197879367,36.05029066700052],[10.129403143731725,36.05029066700052],[10.129403143731725,36.05208729756876],[10.127606513163485,36.05208729756876]]]},"id":"+11275+40132","properties":{"count":5,"zone_degradee":1}},{"type":"Feature","geometry":{"geodesic":false,"type":"Polygon","coordinates":[[[10.128504828447605,36.06735865739879],[10.129403143731725,36.06735865739879],[10.129403143731725,36.06825697268291],[10.128504828447605,36.06825697268291],[10.128504828447605,36.06735865739879]]]},"id":"+11275+40150","properties":{"count":1,"zone_degradee":1}},{"type":"Feature","geometry":{"geodesic":false,"type":"Polygon","coordinates":[[[10.128504828447605,36.07185023381939],[10.129403143731725,36.07185023381939],[10.129403143731725,36.07274854910351],[10.128504828447605,36.07274854910351],[10.128504828447605,36.07185023381939]]]},"id":"+11275+40155","properties":{"count":1,"zone_degradee":1}},{"type":"Feature","geometry":{"geodesic":false,"type":"Polygon","coordinates":[[[10.128504828447605,35.9667473455774],[10.130301459015845,35.9667473455774],[10.130301459015845,35.96854397614564],[10.128504828447605,35.96854397614564],[10.128504828447605,35.9667473455774]]]},"id":"+11276+40039","properties":{"count":4,"zone_degradee":1}},{"type":"Feature","geometry":{"geodesic":false,"type":"Polygon","coordinates":[[[10.129403143731725,36.06017213512583],[10.129403143731725,36.05747718927348],[10.131199774299963,36.05747718927348],[10.131199774299963,36.059273819841714],[10.130301459015845,36.059273819841714],[10.130301459015845,36.06017213512583],[10.129403143731725,36.06017213512583]]]},"id":"+11276+40141","properties":{"count":5,"zone_degradee":1}},{"type":"Feature","geometry":{"geodesic":false,"type":"Polygon","coordinates":[[[10.128504828447605,36.02962941546577],[10.131199774299963,36.02962941546577],[10.131199774299963,36.03052773074989],[10.128504828447605,36.03052773074989],[10.128504828447605,36.02962941546577]]]},"id":"+11277+40108","properties":{"count":3,"zone_degradee":1}},{"type":"Feature","geometry":{"geodesic":false,"type":"Polygon","coordinates":[[[10.129403143731725,35.64604878914673],[10.132098089584083,35.64604878914673],[10.132098089584083,35.647845419714976],[10.129403143731725,35.647845419714976],[10.129403143731725,35.64604878914673]]]},"id":"+11278+39682","properties":{"count":6,"zone_degradee":1}},{"type":"Feature","geometry":{"geodesic":false,"type":"Polygon","coordinates":[[[10.131199774299963,35.97393386785036],[10.132098089584083,35.97393386785036],[10.132098089584083,35.97483218313448],[10.131199774299963,35.97483218313448],[10.131199774299963,35.97393386785036]]]},"id":"+11278+40046","properties":{"count":1,"zone_degradee":1}},{"type":"Feature","geometry":{"geodesic":false,"type":"Polygon","coordinates":[[[10.130301459015845,35.989205227680394],[10.130301459015845,35.98830691239627],[10.129403143731725,35.98830691239627],[10.129403143731725,35.98740859711215],[10.130301459015845,35.98740859711215],[10.130301459015845,35.98651028182803],[10.131199774299963,35.98651028182803],[10.131199774299963,35.98740859711215],[10.132098089584083,35.98740859711215],[10.132098089584083,35.989205227680394],[10.130301459015845,35.989205227680394]]]},"id":"+11278+40062","properties":{"count":6,"zone_degradee":1}},{"type":"Feature","geometry":{"geodesic":false,"type":"Polygon","coordinates":[[[10.131199774299963,36.0493923517164],[10.132098089584083,36.0493923517164],[10.132098089584083,36.05029066700052],[10.131199774299963,36.05029066700052],[10.131199774299963,36.0493923517164]]]},"id":"+11278+40130","properties":{"count":1,"zone_degradee":1}},{"type":"Feature","geometry":{"geodesic":false,"type":"Polygon","coordinates":[[[10.130301459015845,35.72959211056985],[10.130301459015845,35.72869379528573],[10.131199774299963,35.72869379528573],[10.131199774299963,35.72779548000161],[10.132098089584083,35.72779548000161],[10.132098089584083,35.72869379528573],[10.132996404868203,35.72869379528573],[10.132996404868203,35.72959211056985],[10.130301459015845,35.72959211056985]]]},"id":"+11279+39773","properties":{"count":4,"zone_degradee":1}},{"type":"Feature","geometry":{"geodesic":false,"type":"Polygon","coordinates":[[[10.132098089584083,35.98651028182803],[10.132996404868203,35.98651028182803],[10.132996404868203,35.98740859711215],[10.132098089584083,35.98740859711215],[10.132098089584083,35.98651028182803]]]},"id":"+11279+40060","properties":{"count":1,"zone_degradee":1}},{"type":"Feature","geometry":{"geodesic":false,"type":"Polygon","coordinates":[[[10.132996404868203,35.95596756216797],[10.133894720152323,35.95596756216797],[10.133894720152323,35.95686587745209],[10.132996404868203,35.95686587745209],[10.132996404868203,35.95596756216797]]]},"id":"+11280+40026","properties":{"count":1,"zone_degradee":1}},{"type":"Feature","geometry":{"geodesic":false,"type":"Polygon","coordinates":[[[10.132996404868203,35.97393386785036],[10.133894720152323,35.97393386785036],[10.133894720152323,35.97483218313448],[10.132996404868203,35.97483218313448],[10.132996404868203,35.97393386785036]]]},"id":"+11280+40046","properties":{"count":1,"zone_degradee":1}},{"type":"Feature","geometry":{"geodesic":false,"type":"Polygon","coordinates":[[[10.132996404868203,36.03501930717049],[10.132996404868203,36.03412099188637],[10.131199774299963,36.03412099188637],[10.131199774299963,36.03501930717049],[10.130301459015845,36.03501930717049],[10.130301459015845,36.03322267660225],[10.132996404868203,36.03322267660225],[10.132996404868203,36.03232436131813],[10.133894720152323,36.03232436131813],[10.133894720152323,36.03501930717049],[10.132996404868203,36.03501930717049]]]},"id":"+11280+40113","properties":{"count":7,"zone_degradee":1}},{"type":"Feature","geometry":{"geodesic":false,"type":"Polygon","coordinates":[[[10.131199774299963,36.039510883591085],[10.131199774299963,36.03861256830697],[10.132098089584083,36.03861256830697],[10.132098089584083,36.03771425302285],[10.133894720152323,36.03771425302285],[10.133894720152323,36.039510883591085],[10.131199774299963,36.039510883591085]]]},"id":"+11280+40118","properties":{"count":5,"zone_degradee":1}},{"type":"Feature","geometry":{"geodesic":false,"type":"Polygon","coordinates":[[[10.133894720152323,36.059273819841714],[10.134793035436441,36.059273819841714],[10.134793035436441,36.06107045040995],[10.133894720152323,36.06107045040995],[10.133894720152323,36.059273819841714]]]},"id":"+11281+40142","properties":{"count":2,"zone_degradee":1}},{"type":"Feature","geometry":{"geodesic":false,"type":"Polygon","coordinates":[[[10.133894720152323,36.074545179671745],[10.135691350720561,36.074545179671745],[10.135691350720561,36.07544349495586],[10.133894720152323,36.07544349495586],[10.133894720152323,36.074545179671745]]]},"id":"+11282+40158","properties":{"count":2,"zone_degradee":1}},{"type":"Feature","geometry":{"geodesic":false,"type":"Polygon","coordinates":[[[10.134793035436441,35.613709438918434],[10.136589666004681,35.613709438918434],[10.136589666004681,35.61550606948667],[10.134793035436441,35.61550606948667],[10.134793035436441,35.613709438918434]]]},"id":"+11283+39646","properties":{"count":4,"zone_degradee":1}},{"type":"Feature","geometry":{"geodesic":false,"type":"Polygon","coordinates":[[[10.135691350720561,35.718812327160414],[10.135691350720561,35.717914011876296],[10.134793035436441,35.717914011876296],[10.134793035436441,35.71701569659218],[10.136589666004681,35.71701569659218],[10.136589666004681,35.718812327160414],[10.135691350720561,35.718812327160414]]]},"id":"+11283+39761","properties":{"count":3,"zone_degradee":1}},{"type":"Feature","geometry":{"geodesic":false,"type":"Polygon","coordinates":[[[10.135691350720561,35.96854397614564],[10.136589666004681,35.96854397614564],[10.136589666004681,35.969442291429765],[10.135691350720561,35.969442291429765],[10.135691350720561,35.96854397614564]]]},"id":"+11283+40040","properties":{"count":1,"zone_degradee":1}},{"type":"Feature","geometry":{"geodesic":false,"type":"Polygon","coordinates":[[[10.135691350720561,36.016154686203976],[10.136589666004681,36.016154686203976],[10.136589666004681,36.017053001488094],[10.135691350720561,36.017053001488094],[10.135691350720561,36.016154686203976]]]},"id":"+11283+40093","properties":{"count":1,"zone_degradee":1}},{"type":"Feature","geometry":{"geodesic":false,"type":"Polygon","coordinates":[[[10.133894720152323,36.0404091988752],[10.136589666004681,36.0404091988752],[10.136589666004681,36.042205829443446],[10.133894720152323,36.042205829443446],[10.133894720152323,36.0404091988752]]]},"id":"+11283+40121","properties":{"count":6,"zone_degradee":1}},{"type":"Feature","geometry":{"geodesic":false,"type":"Polygon","coordinates":[[[10.136589666004681,35.8562545656307],[10.1374879812888,35.8562545656307],[10.1374879812888,35.857152880914825],[10.136589666004681,35.857152880914825],[10.136589666004681,35.8562545656307]]]},"id":"+11284+39915","properties":{"count":1,"zone_degradee":1}},{"type":"Feature","geometry":{"geodesic":false,"type":"Polygon","coordinates":[[[10.135691350720561,36.05029066700052],[10.135691350720561,36.0493923517164],[10.134793035436441,36.0493923517164],[10.134793035436441,36.04849403643228],[10.1374879812888,36.04849403643228],[10.1374879812888,36.05029066700052],[10.135691350720561,36.05029066700052]]]},"id":"+11284+40130","properties":{"count":5,"zone_degradee":1}},{"type":"Feature","geometry":{"geodesic":false,"type":"Polygon","coordinates":[[[10.1374879812888,36.02962941546577],[10.13838629657292,36.02962941546577],[10.13838629657292,36.03052773074989],[10.1374879812888,36.03052773074989],[10.1374879812888,36.02962941546577]]]},"id":"+11285+40108","properties":{"count":1,"zone_degradee":1}},{"type":"Feature","geometry":{"geodesic":false,"type":"Polygon","coordinates":[[[10.1374879812888,35.717914011876296],[10.1374879812888,35.71611738130806],[10.13838629657292,35.71611738130806],[10.13838629657292,35.715219066023934],[10.14018292714116,35.715219066023934],[10.14018292714116,35.714320750739816],[10.141081242425278,35.714320750739816],[10.141081242425278,35.715219066023934],[10.141979557709398,35.715219066023934],[10.141979557709398,35.71701569659218],[10.13928461185704,35.71701569659218],[10.13928461185704,35.717914011876296],[10.1374879812888,35.717914011876296]]]},"id":"+11286+39760","properties":{"count":12,"zone_degradee":1}},{"type":"Feature","geometry":{"geodesic":false,"type":"Polygon","coordinates":[[[10.13838629657292,36.02873110018165],[10.13928461185704,36.02873110018165],[10.13928461185704,36.02962941546577],[10.13838629657292,36.02962941546577],[10.13838629657292,36.02873110018165]]]},"id":"+11286+40107","properties":{"count":1,"zone_degradee":1}},{"type":"Feature","geometry":{"geodesic":false,"type":"Polygon","coordinates":[[[10.13838629657292,36.03861256830697],[10.13928461185704,36.03861256830697],[10.13928461185704,36.039510883591085],[10.13838629657292,36.039510883591085],[10.13838629657292,36.03861256830697]]]},"id":"+11286+40118","properties":{"count":1,"zone_degradee":1}},{"type":"Feature","geometry":{"geodesic":false,"type":"Polygon","coordinates":[[[10.13838629657292,35.61730270005491],[10.14018292714116,35.61730270005491],[10.14018292714116,35.61820101533903],[10.13838629657292,35.61820101533903],[10.13838629657292,35.61730270005491]]]},"id":"+11287+39649","properties":{"count":2,"zone_degradee":1}},{"type":"Feature","geometry":{"geodesic":false,"type":"Polygon","coordinates":[[[10.14018292714116,36.03412099188637],[10.141081242425278,36.03412099188637],[10.141081242425278,36.03501930717049],[10.14018292714116,36.03501930717049],[10.14018292714116,36.03412099188637]]]},"id":"+11288+40113","properties":{"count":1,"zone_degradee":1}},{"type":"Feature","geometry":{"geodesic":false,"type":"Polygon","coordinates":[[[10.14018292714116,36.02603615432929],[10.141979557709398,36.02603615432929],[10.141979557709398,36.027832784897534],[10.14018292714116,36.027832784897534],[10.14018292714116,36.02603615432929]]]},"id":"+11289+40105","properties":{"count":4,"zone_degradee":1}},{"type":"Feature","geometry":{"geodesic":false,"type":"Polygon","coordinates":[[[10.141081242425278,35.61909933062315],[10.142877872993518,35.61909933062315],[10.142877872993518,35.61999764590727],[10.141081242425278,35.61999764590727],[10.141081242425278,35.61909933062315]]]},"id":"+11290+39651","properties":{"count":2,"zone_degradee":1}},{"type":"Feature","geometry":{"geodesic":false,"type":"Polygon","coordinates":[[[10.143776188277638,35.72330390358101],[10.144674503561756,35.72330390358101],[10.144674503561756,35.72420221886513],[10.143776188277638,35.72420221886513],[10.143776188277638,35.72330390358101]]]},"id":"+11292+39767","properties":{"count":1,"zone_degradee":1}},{"type":"Feature","geometry":{"geodesic":false,"type":"Polygon","coordinates":[[[10.144674503561756,35.94428946347441],[10.145572818845876,35.94428946347441],[10.145572818845876,35.94518777875854],[10.144674503561756,35.94518777875854],[10.144674503561756,35.94428946347441]]]},"id":"+11293+40013","properties":{"count":1,"zone_degradee":1}},{"type":"Feature","geometry":{"geodesic":false,"type":"Polygon","coordinates":[[[10.143776188277638,36.016154686203976],[10.145572818845876,36.016154686203976],[10.145572818845876,36.01795131677222],[10.143776188277638,36.01795131677222],[10.143776188277638,36.016154686203976]]]},"id":"+11293+40094","properties":{"count":4,"zone_degradee":1}},{"type":"Feature","geometry":{"geodesic":false,"type":"Polygon","coordinates":[[[10.144674503561756,36.043104144727565],[10.145572818845876,36.043104144727565],[10.145572818845876,36.0449007752958],[10.144674503561756,36.0449007752958],[10.144674503561756,36.043104144727565]]]},"id":"+11293+40124","properties":{"count":2,"zone_degradee":1}},{"type":"Feature","geometry":{"geodesic":false,"type":"Polygon","coordinates":[[[10.145572818845876,36.01076479449926],[10.146471134129996,36.01076479449926],[10.146471134129996,36.012561425067496],[10.145572818845876,36.012561425067496],[10.145572818845876,36.01076479449926]]]},"id":"+11294+40088","properties":{"count":2,"zone_degradee":1}},{"type":"Feature","geometry":{"geodesic":false,"type":"Polygon","coordinates":[[[10.144674503561756,36.023341208476936],[10.146471134129996,36.023341208476936],[10.146471134129996,36.02513783904517],[10.144674503561756,36.02513783904517],[10.144674503561756,36.023341208476936]]]},"id":"+11294+40102","properties":{"count":4,"zone_degradee":1}},{"type":"Feature","geometry":{"geodesic":false,"type":"Polygon","coordinates":[[[10.145572818845876,36.02962941546577],[10.145572818845876,36.02873110018165],[10.144674503561756,36.02873110018165],[10.144674503561756,36.027832784897534],[10.146471134129996,36.027832784897534],[10.146471134129996,36.02962941546577],[10.145572818845876,36.02962941546577]]]},"id":"+11294+40107","properties":{"count":3,"zone_degradee":1}},{"type":"Feature","geometry":{"geodesic":false,"type":"Polygon","coordinates":[[[10.145572818845876,36.05208729756876],[10.146471134129996,36.05208729756876],[10.146471134129996,36.05298561285288],[10.145572818845876,36.05298561285288],[10.145572818845876,36.05208729756876]]]},"id":"+11294+40133","properties":{"count":1,"zone_degradee":1}},{"type":"Feature","geometry":{"geodesic":false,"type":"Polygon","coordinates":[[[10.141081242425278,36.03412099188637],[10.141081242425278,36.03232436131813],[10.143776188277638,36.03232436131813],[10.143776188277638,36.03052773074989],[10.144674503561756,36.03052773074989],[10.144674503561756,36.02962941546577],[10.145572818845876,36.02962941546577],[10.145572818845876,36.03142604603401],[10.148267764698234,36.03142604603401],[10.148267764698234,36.03322267660225],[10.147369449414116,36.03322267660225],[10.147369449414116,36.03412099188637],[10.141081242425278,36.03412099188637]]]},"id":"+11295+40112","properties":{"count":23,"zone_degradee":1}},{"type":"Feature","geometry":{"geodesic":false,"type":"Polygon","coordinates":[[[10.146471134129996,36.062867080978194],[10.147369449414116,36.062867080978194],[10.147369449414116,36.06376539626231],[10.146471134129996,36.06376539626231],[10.146471134129996,36.062867080978194]]]},"id":"+11295+40145","properties":{"count":1,"zone_degradee":1}},{"type":"Feature","geometry":{"geodesic":false,"type":"Polygon","coordinates":[[[10.146471134129996,35.803253963867654],[10.148267764698234,35.803253963867654],[10.148267764698234,35.80594890972001],[10.146471134129996,35.80594890972001],[10.146471134129996,35.803253963867654]]]},"id":"+11296+39858","properties":{"count":6,"zone_degradee":1}},{"type":"Feature","geometry":{"geodesic":false,"type":"Polygon","coordinates":[[[10.144674503561756,36.00267995694218],[10.144674503561756,36.000883326373945],[10.146471134129996,36.000883326373945],[10.146471134129996,36.00178164165806],[10.148267764698234,36.00178164165806],[10.148267764698234,36.00267995694218],[10.144674503561756,36.00267995694218]]]},"id":"+11296+40077","properties":{"count":6,"zone_degradee":1}},{"type":"Feature","geometry":{"geodesic":false,"type":"Polygon","coordinates":[[[10.147369449414116,36.00717153336278],[10.148267764698234,36.00717153336278],[10.148267764698234,36.008069848646905],[10.147369449414116,36.008069848646905],[10.147369449414116,36.00717153336278]]]},"id":"+11296+40083","properties":{"count":1,"zone_degradee":1}},{"type":"Feature","geometry":{"geodesic":false,"type":"Polygon","coordinates":[[[10.147369449414116,36.04849403643228],[10.148267764698234,36.04849403643228],[10.148267764698234,36.0493923517164],[10.147369449414116,36.0493923517164],[10.147369449414116,36.04849403643228]]]},"id":"+11296+40129","properties":{"count":1,"zone_degradee":1}},{"type":"Feature","geometry":{"geodesic":false,"type":"Polygon","coordinates":[[[10.148267764698234,35.60023470965664],[10.148267764698234,35.59933639437252],[10.147369449414116,35.59933639437252],[10.147369449414116,35.598438079088396],[10.148267764698234,35.598438079088396],[10.148267764698234,35.59753976380428],[10.149166079982354,35.59753976380428],[10.149166079982354,35.60023470965664],[10.148267764698234,35.60023470965664]]]},"id":"+11297+39629","properties":{"count":4,"zone_degradee":1}},{"type":"Feature","geometry":{"geodesic":false,"type":"Polygon","coordinates":[[[10.145572818845876,35.62448922232787],[10.145572818845876,35.62269259175962],[10.144674503561756,35.62269259175962],[10.144674503561756,35.621794276475505],[10.145572818845876,35.621794276475505],[10.145572818845876,35.62089596119139],[10.146471134129996,35.62089596119139],[10.146471134129996,35.621794276475505],[10.147369449414116,35.621794276475505],[10.147369449414116,35.62269259175962],[10.148267764698234,35.62269259175962],[10.148267764698234,35.62359090704375],[10.149166079982354,35.62359090704375],[10.149166079982354,35.62448922232787],[10.145572818845876,35.62448922232787]]]},"id":"+11297+39656","properties":{"count":11,"zone_degradee":1}},{"type":"Feature","geometry":{"geodesic":false,"type":"Polygon","coordinates":[[[10.146471134129996,35.58406503454249],[10.146471134129996,35.58226840397425],[10.148267764698234,35.58226840397425],[10.148267764698234,35.583166719258365],[10.150064395266474,35.583166719258365],[10.150064395266474,35.58406503454249],[10.146471134129996,35.58406503454249]]]},"id":"+11298+39611","properties":{"count":6,"zone_degradee":1}},{"type":"Feature","geometry":{"geodesic":false,"type":"Polygon","coordinates":[[[10.149166079982354,36.02873110018165],[10.149166079982354,36.027832784897534],[10.148267764698234,36.027832784897534],[10.148267764698234,36.02603615432929],[10.149166079982354,36.02603615432929],[10.149166079982354,36.02693446961341],[10.150962710550594,36.02693446961341],[10.150962710550594,36.027832784897534],[10.150064395266474,36.027832784897534],[10.150064395266474,36.02873110018165],[10.149166079982354,36.02873110018165]]]},"id":"+11298+40106","properties":{"count":5,"zone_degradee":1}},{"type":"Feature","geometry":{"geodesic":false,"type":"Polygon","coordinates":[[[10.150064395266474,36.02154457790869],[10.150962710550594,36.02154457790869],[10.150962710550594,36.023341208476936],[10.150064395266474,36.023341208476936],[10.150064395266474,36.02154457790869]]]},"id":"+11299+40100","properties":{"count":2,"zone_degradee":1}},{"type":"Feature","geometry":{"geodesic":false,"type":"Polygon","coordinates":[[[10.150064395266474,36.004476587510425],[10.150064395266474,36.00357827222631],[10.150962710550594,36.00357827222631],[10.150962710550594,36.00267995694218],[10.151861025834712,36.00267995694218],[10.151861025834712,36.00357827222631],[10.152759341118832,36.00357827222631],[10.152759341118832,36.004476587510425],[10.150064395266474,36.004476587510425]]]},"id":"+11301+40079","properties":{"count":4,"zone_degradee":1}},{"type":"Feature","geometry":{"geodesic":false,"type":"Polygon","coordinates":[[[10.150962710550594,36.01795131677222],[10.152759341118832,36.01795131677222],[10.152759341118832,36.019747947340456],[10.150962710550594,36.019747947340456],[10.150962710550594,36.01795131677222]]]},"id":"+11301+40096","properties":{"count":4,"zone_degradee":1}},{"type":"Feature","geometry":{"geodesic":false,"type":"Polygon","coordinates":[[[10.151861025834712,36.027832784897534],[10.151861025834712,36.02693446961341],[10.150962710550594,36.02693446961341],[10.150962710550594,36.02513783904517],[10.152759341118832,36.02513783904517],[10.152759341118832,36.02603615432929],[10.153657656402952,36.02603615432929],[10.153657656402952,36.02693446961341],[10.152759341118832,36.02693446961341],[10.152759341118832,36.027832784897534],[10.151861025834712,36.027832784897534]]]},"id":"+11301+40105","properties":{"count":6,"zone_degradee":1}},{"type":"Feature","geometry":{"geodesic":false,"type":"Polygon","coordinates":[[[10.150064395266474,36.03861256830697],[10.150064395266474,36.03771425302285],[10.149166079982354,36.03771425302285],[10.149166079982354,36.03681593773872],[10.148267764698234,36.03681593773872],[10.148267764698234,36.035917622454605],[10.150962710550594,36.035917622454605],[10.150962710550594,36.03681593773872],[10.152759341118832,36.03681593773872],[10.152759341118832,36.03861256830697],[10.150064395266474,36.03861256830697]]]},"id":"+11301+40117","properties":{"count":10,"zone_degradee":1}},{"type":"Feature","geometry":{"geodesic":false,"type":"Polygon","coordinates":[[[10.150962710550594,36.054782243421116],[10.150962710550594,36.05298561285288],[10.150064395266474,36.05298561285288],[10.150064395266474,36.05208729756876],[10.151861025834712,36.05208729756876],[10.151861025834712,36.053883928137],[10.152759341118832,36.053883928137],[10.152759341118832,36.054782243421116],[10.150962710550594,36.054782243421116]]]},"id":"+11301+40135","properties":{"count":5,"zone_degradee":1}},{"type":"Feature","geometry":{"geodesic":false,"type":"Polygon","coordinates":[[[10.152759341118832,35.63796395158966],[10.152759341118832,35.637065636305536],[10.151861025834712,35.637065636305536],[10.151861025834712,35.63616732102142],[10.150962710550594,35.63616732102142],[10.150962710550594,35.63347237516906],[10.147369449414116,35.63347237516906],[10.147369449414116,35.62987911403258],[10.146471134129996,35.62987911403258],[10.146471134129996,35.62808248346435],[10.149166079982354,35.62808248346435],[10.149166079982354,35.628980798748465],[10.150962710550594,35.628980798748465],[10.150962710550594,35.62987911403258],[10.152759341118832,35.62987911403258],[10.152759341118832,35.63437069045318],[10.153657656402952,35.63437069045318],[10.153657656402952,35.6352690057373],[10.15455597168707,35.6352690057373],[10.15455597168707,35.63796395158966],[10.152759341118832,35.63796395158966]]]},"id":"+11303+39671","properties":{"count":46,"zone_degradee":1}},{"type":"Feature","geometry":{"geodesic":false,"type":"Polygon","coordinates":[[[10.152759341118832,35.761033145514034],[10.152759341118832,35.760134830229916],[10.149166079982354,35.760134830229916],[10.149166079982354,35.75923651494579],[10.145572818845876,35.75923651494579],[10.145572818845876,35.75833819966167],[10.144674503561756,35.75833819966167],[10.144674503561756,35.757439884377554],[10.147369449414116,35.757439884377554],[10.147369449414116,35.756541569093436],[10.148267764698234,35.756541569093436],[10.148267764698234,35.757439884377554],[10.149166079982354,35.757439884377554],[10.149166079982354,35.75833819966167],[10.150962710550594,35.75833819966167],[10.150962710550594,35.75923651494579],[10.153657656402952,35.75923651494579],[10.153657656402952,35.760134830229916],[10.15455597168707,35.760134830229916],[10.15455597168707,35.761033145514034],[10.152759341118832,35.761033145514034]]]},"id":"+11303+39808","properties":{"count":19,"zone_degradee":1}},{"type":"Feature","geometry":{"geodesic":false,"type":"Polygon","coordinates":[[[10.151861025834712,36.035917622454605],[10.151861025834712,36.03501930717049],[10.150962710550594,36.03501930717049],[10.150962710550594,36.03232436131813],[10.15455597168707,36.03232436131813],[10.15455597168707,36.03322267660225],[10.15545428697119,36.03322267660225],[10.15545428697119,36.03232436131813],[10.15635260225531,36.03232436131813],[10.15635260225531,36.03142604603401],[10.158149232823549,36.03142604603401],[10.158149232823549,36.03232436131813],[10.159945863391789,36.03232436131813],[10.159945863391789,36.03412099188637],[10.159047548107669,36.03412099188637],[10.159047548107669,36.03501930717049],[10.158149232823549,36.03501930717049],[10.158149232823549,36.03412099188637],[10.15725091753943,36.03412099188637],[10.15725091753943,36.03501930717049],[10.15635260225531,36.03501930717049],[10.15635260225531,36.03412099188637],[10.15545428697119,36.03412099188637],[10.15545428697119,36.03501930717049],[10.15455597168707,36.03501930717049],[10.15455597168707,36.035917622454605],[10.151861025834712,36.035917622454605]]]},"id":"+11303+40114","properties":{"count":31,"zone_degradee":1}},{"type":"Feature","geometry":{"geodesic":false,"type":"Polygon","coordinates":[[[10.15455597168707,35.645150473862614],[10.15545428697119,35.645150473862614],[10.15545428697119,35.64604878914673],[10.15455597168707,35.64604878914673],[10.15455597168707,35.645150473862614]]]},"id":"+11304+39680","properties":{"count":1,"zone_degradee":1}},{"type":"Feature","geometry":{"geodesic":false,"type":"Polygon","coordinates":[[[10.153657656402952,36.05029066700052],[10.153657656402952,36.04849403643228],[10.152759341118832,36.04849403643228],[10.152759341118832,36.04759572114816],[10.15545428697119,36.04759572114816],[10.15545428697119,36.04669740586404],[10.15635260225531,36.04669740586404],[10.15635260225531,36.04759572114816],[10.158149232823549,36.04759572114816],[10.158149232823549,36.0493923517164],[10.15545428697119,36.0493923517164],[10.15545428697119,36.05029066700052],[10.153657656402952,36.05029066700052]]]},"id":"+11304+40130","properties":{"count":14,"zone_degradee":1}},{"type":"Feature","geometry":{"geodesic":false,"type":"Polygon","coordinates":[[[10.15455597168707,36.01795131677222],[10.15635260225531,36.01795131677222],[10.15635260225531,36.019747947340456],[10.15455597168707,36.019747947340456],[10.15455597168707,36.01795131677222]]]},"id":"+11305+40096","properties":{"count":4,"zone_degradee":1}},{"type":"Feature","geometry":{"geodesic":false,"type":"Polygon","coordinates":[[[10.15455597168707,36.043104144727565],[10.15455597168707,36.042205829443446],[10.153657656402952,36.042205829443446],[10.153657656402952,36.039510883591085],[10.15455597168707,36.039510883591085],[10.15455597168707,36.0404091988752],[10.15635260225531,36.0404091988752],[10.15635260225531,36.04130751415932],[10.15725091753943,36.04130751415932],[10.15725091753943,36.042205829443446],[10.15635260225531,36.042205829443446],[10.15635260225531,36.043104144727565],[10.15455597168707,36.043104144727565]]]},"id":"+11305+40122","properties":{"count":10,"zone_degradee":1}},{"type":"Feature","geometry":{"geodesic":false,"type":"Polygon","coordinates":[[[10.153657656402952,35.6262858528961],[10.153657656402952,35.625387537611985],[10.152759341118832,35.625387537611985],[10.152759341118832,35.62448922232787],[10.15545428697119,35.62448922232787],[10.15545428697119,35.625387537611985],[10.15725091753943,35.625387537611985],[10.15725091753943,35.6262858528961],[10.153657656402952,35.6262858528961]]]},"id":"+11306+39658","properties":{"count":7,"zone_degradee":1}},{"type":"Feature","geometry":{"geodesic":false,"type":"Polygon","coordinates":[[[10.15545428697119,36.03861256830697],[10.15545428697119,36.03501930717049],[10.15635260225531,36.03501930717049],[10.15635260225531,36.035917622454605],[10.15725091753943,36.035917622454605],[10.15725091753943,36.03861256830697],[10.15545428697119,36.03861256830697]]]},"id":"+11306+40117","properties":{"count":7,"zone_degradee":1}},{"type":"Feature","geometry":{"geodesic":false,"type":"Polygon","coordinates":[[[10.15635260225531,36.04579909057992],[10.15725091753943,36.04579909057992],[10.15725091753943,36.04669740586404],[10.15635260225531,36.04669740586404],[10.15635260225531,36.04579909057992]]]},"id":"+11306+40126","properties":{"count":1,"zone_degradee":1}},{"type":"Feature","geometry":{"geodesic":false,"type":"Polygon","coordinates":[[[10.15725091753943,36.02603615432929],[10.15725091753943,36.023341208476936],[10.159047548107669,36.023341208476936],[10.159047548107669,36.024239523761054],[10.159945863391789,36.024239523761054],[10.159945863391789,36.02513783904517],[10.159047548107669,36.02513783904517],[10.159047548107669,36.02603615432929],[10.15725091753943,36.02603615432929]]]},"id":"+11308+40103","properties":{"count":7,"zone_degradee":1}},{"type":"Feature","geometry":{"geodesic":false,"type":"Polygon","coordinates":[[[10.159047548107669,36.03771425302285],[10.159945863391789,36.03771425302285],[10.159945863391789,36.03861256830697],[10.159047548107669,36.03861256830697],[10.159047548107669,36.03771425302285]]]},"id":"+11309+40117","properties":{"count":1,"zone_degradee":1}},{"type":"Feature","geometry":{"geodesic":false,"type":"Polygon","coordinates":[[[10.159945863391789,36.03771425302285],[10.159945863391789,36.03681593773872],[10.159047548107669,36.03681593773872],[10.159047548107669,36.035917622454605],[10.160844178675909,36.035917622454605],[10.160844178675909,36.03771425302285],[10.159945863391789,36.03771425302285]]]},"id":"+11310+40116","properties":{"count":3,"zone_degradee":1}},{"type":"Feature","geometry":{"geodesic":false,"type":"Polygon","coordinates":[[[10.160844178675909,35.62808248346435],[10.161742493960027,35.62808248346435],[10.161742493960027,35.628980798748465],[10.160844178675909,35.628980798748465],[10.160844178675909,35.62808248346435]]]},"id":"+11311+39661","properties":{"count":1,"zone_degradee":1}},{"type":"Feature","geometry":{"geodesic":false,"type":"Polygon","coordinates":[[[10.159945863391789,35.63167574460082],[10.159945863391789,35.6307774293167],[10.160844178675909,35.6307774293167],[10.160844178675909,35.62987911403258],[10.162640809244147,35.62987911403258],[10.162640809244147,35.6307774293167],[10.161742493960027,35.6307774293167],[10.161742493960027,35.63167574460082],[10.159945863391789,35.63167574460082]]]},"id":"+11311+39664","properties":{"count":4,"zone_degradee":1}},{"type":"Feature","geometry":{"geodesic":false,"type":"Polygon","coordinates":[[[10.160844178675909,36.020646262624574],[10.161742493960027,36.020646262624574],[10.161742493960027,36.02154457790869],[10.160844178675909,36.02154457790869],[10.160844178675909,36.020646262624574]]]},"id":"+11311+40098","properties":{"count":1,"zone_degradee":1}},{"type":"Feature","geometry":{"geodesic":false,"type":"Polygon","coordinates":[[[10.161742493960027,35.78977923460586],[10.162640809244147,35.78977923460586],[10.162640809244147,35.792474180458214],[10.161742493960027,35.792474180458214],[10.161742493960027,35.78977923460586]]]},"id":"+11312+39843","properties":{"count":3,"zone_degradee":1}},{"type":"Feature","geometry":{"geodesic":false,"type":"Polygon","coordinates":[[[10.160844178675909,35.978425444270954],[10.162640809244147,35.978425444270954],[10.162640809244147,35.97932375955508],[10.160844178675909,35.97932375955508],[10.160844178675909,35.978425444270954]]]},"id":"+11312+40051","properties":{"count":2,"zone_degradee":1}},{"type":"Feature","geometry":{"geodesic":false,"type":"Polygon","coordinates":[[[10.161742493960027,36.02154457790869],[10.162640809244147,36.02154457790869],[10.162640809244147,36.02244289319281],[10.161742493960027,36.02244289319281],[10.161742493960027,36.02154457790869]]]},"id":"+11312+40099","properties":{"count":1,"zone_degradee":1}},{"type":"Feature","geometry":{"geodesic":false,"type":"Polygon","coordinates":[[[10.161742493960027,36.01076479449926],[10.163539124528267,36.01076479449926],[10.163539124528267,36.01166310978338],[10.161742493960027,36.01166310978338],[10.161742493960027,36.01076479449926]]]},"id":"+11313+40087","properties":{"count":2,"zone_degradee":1}},{"type":"Feature","geometry":{"geodesic":false,"type":"Polygon","coordinates":[[[10.162640809244147,36.020646262624574],[10.163539124528267,36.020646262624574],[10.163539124528267,36.02154457790869],[10.162640809244147,36.02154457790869],[10.162640809244147,36.020646262624574]]]},"id":"+11313+40098","properties":{"count":1,"zone_degradee":1}},{"type":"Feature","geometry":{"geodesic":false,"type":"Polygon","coordinates":[[[10.161742493960027,35.91284842853023],[10.164437439812387,35.91284842853023],[10.164437439812387,35.91464505909847],[10.161742493960027,35.91464505909847],[10.161742493960027,35.91284842853023]]]},"id":"+11314+39979","properties":{"count":6,"zone_degradee":1}},{"type":"Feature","geometry":{"geodesic":false,"type":"Polygon","coordinates":[[[10.163539124528267,35.911051797961996],[10.163539124528267,35.90925516739375],[10.166234070380625,35.90925516739375],[10.166234070380625,35.91015348267787],[10.165335755096505,35.91015348267787],[10.165335755096505,35.911051797961996],[10.163539124528267,35.911051797961996]]]},"id":"+11315+39975","properties":{"count":5,"zone_degradee":1}},{"type":"Feature","geometry":{"geodesic":false,"type":"Polygon","coordinates":[[[10.163539124528267,36.016154686203976],[10.165335755096505,36.016154686203976],[10.165335755096505,36.017053001488094],[10.163539124528267,36.017053001488094],[10.163539124528267,36.016154686203976]]]},"id":"+11315+40093","properties":{"count":2,"zone_degradee":1}},{"type":"Feature","geometry":{"geodesic":false,"type":"Polygon","coordinates":[[[10.164437439812387,36.03322267660225],[10.165335755096505,36.03322267660225],[10.165335755096505,36.03412099188637],[10.164437439812387,36.03412099188637],[10.164437439812387,36.03322267660225]]]},"id":"+11315+40112","properties":{"count":1,"zone_degradee":1}},{"type":"Feature","geometry":{"geodesic":false,"type":"Polygon","coordinates":[[[10.164437439812387,35.920034950803185],[10.166234070380625,35.920034950803185],[10.166234070380625,35.92183158137143],[10.164437439812387,35.92183158137143],[10.164437439812387,35.920034950803185]]]},"id":"+11316+39987","properties":{"count":4,"zone_degradee":1}},{"type":"Feature","geometry":{"geodesic":false,"type":"Polygon","coordinates":[[[10.167132385664745,35.982018705407434],[10.168030700948865,35.982018705407434],[10.168030700948865,35.98291702069155],[10.167132385664745,35.98291702069155],[10.167132385664745,35.982018705407434]]]},"id":"+11318+40055","properties":{"count":1,"zone_degradee":1}},{"type":"Feature","geometry":{"geodesic":false,"type":"Polygon","coordinates":[[[10.164437439812387,36.02962941546577],[10.164437439812387,36.02873110018165],[10.163539124528267,36.02873110018165],[10.163539124528267,36.027832784897534],[10.164437439812387,36.027832784897534],[10.164437439812387,36.02603615432929],[10.167132385664745,36.02603615432929],[10.167132385664745,36.02873110018165],[10.168030700948865,36.02873110018165],[10.168030700948865,36.02962941546577],[10.164437439812387,36.02962941546577]]]},"id":"+11318+40107","properties":{"count":14,"zone_degradee":1}},{"type":"Feature","geometry":{"geodesic":false,"type":"Polygon","coordinates":[[[10.168929016232983,35.98651028182803],[10.169827331517103,35.98651028182803],[10.169827331517103,35.98740859711215],[10.168929016232983,35.98740859711215],[10.168929016232983,35.98651028182803]]]},"id":"+11320+40060","properties":{"count":1,"zone_degradee":1}},{"type":"Feature","geometry":{"geodesic":false,"type":"Polygon","coordinates":[[[10.172522277369461,36.004476587510425],[10.172522277369461,36.00178164165806],[10.174318907937701,36.00178164165806],[10.174318907937701,36.00357827222631],[10.173420592653581,36.00357827222631],[10.173420592653581,36.004476587510425],[10.172522277369461,36.004476587510425]]]},"id":"+11324+40079","properties":{"count":5,"zone_degradee":1}},{"type":"Feature","geometry":{"geodesic":false,"type":"Polygon","coordinates":[[[10.170725646801223,36.00896816393102],[10.170725646801223,36.008069848646905],[10.171623962085343,36.008069848646905],[10.171623962085343,36.00717153336278],[10.172522277369461,36.00717153336278],[10.172522277369461,36.008069848646905],[10.173420592653581,36.008069848646905],[10.173420592653581,36.00896816393102],[10.170725646801223,36.00896816393102]]]},"id":"+11324+40084","properties":{"count":4,"zone_degradee":1}},{"type":"Feature","geometry":{"geodesic":false,"type":"Polygon","coordinates":[[[10.173420592653581,35.7044392826145],[10.174318907937701,35.7044392826145],[10.174318907937701,35.70533759789862],[10.173420592653581,35.70533759789862],[10.173420592653581,35.7044392826145]]]},"id":"+11325+39746","properties":{"count":1,"zone_degradee":1}},{"type":"Feature","geometry":{"geodesic":false,"type":"Polygon","coordinates":[[[10.168929016232983,35.76372809136639],[10.168929016232983,35.76282977608227],[10.165335755096505,35.76282977608227],[10.165335755096505,35.76372809136639],[10.162640809244147,35.76372809136639],[10.162640809244147,35.76282977608227],[10.160844178675909,35.76282977608227],[10.160844178675909,35.76193146079815],[10.159047548107669,35.76193146079815],[10.159047548107669,35.761033145514034],[10.158149232823549,35.761033145514034],[10.158149232823549,35.760134830229916],[10.159047548107669,35.760134830229916],[10.159047548107669,35.75923651494579],[10.158149232823549,35.75923651494579],[10.158149232823549,35.75833819966167],[10.15545428697119,35.75833819966167],[10.15545428697119,35.757439884377554],[10.159047548107669,35.757439884377554],[10.159047548107669,35.756541569093436],[10.160844178675909,35.756541569093436],[10.160844178675909,35.75833819966167],[10.162640809244147,35.75833819966167],[10.162640809244147,35.760134830229916],[10.165335755096505,35.760134830229916],[10.165335755096505,35.757439884377554],[10.166234070380625,35.757439884377554],[10.166234070380625,35.756541569093436],[10.168030700948865,35.756541569093436],[10.168030700948865,35.75833819966167],[10.167132385664745,35.75833819966167],[10.167132385664745,35.760134830229916],[10.168929016232983,35.760134830229916],[10.168929016232983,35.761033145514034],[10.173420592653581,35.761033145514034],[10.173420592653581,35.76282977608227],[10.174318907937701,35.76282977608227],[10.174318907937701,35.76372809136639],[10.168929016232983,35.76372809136639]]]},"id":"+11325+39811","properties":{"count":77,"zone_degradee":1}},{"type":"Feature","geometry":{"geodesic":false,"type":"Polygon","coordinates":[[[10.17611553850594,36.03232436131813],[10.17791216907418,36.03232436131813],[10.17791216907418,36.03412099188637],[10.17611553850594,36.03412099188637],[10.17611553850594,36.03232436131813]]]},"id":"+11329+40112","properties":{"count":4,"zone_degradee":1}},{"type":"Feature","geometry":{"geodesic":false,"type":"Polygon","coordinates":[[[10.17521722322182,35.76372809136639],[10.17521722322182,35.76282977608227],[10.17701385379006,35.76282977608227],[10.17701385379006,35.76193146079815],[10.17791216907418,35.76193146079815],[10.17791216907418,35.760134830229916],[10.178810484358298,35.760134830229916],[10.178810484358298,35.75923651494579],[10.179708799642418,35.75923651494579],[10.179708799642418,35.760134830229916],[10.180607114926538,35.760134830229916],[10.180607114926538,35.76193146079815],[10.179708799642418,35.76193146079815],[10.179708799642418,35.76282977608227],[10.178810484358298,35.76282977608227],[10.178810484358298,35.76372809136639],[10.17521722322182,35.76372809136639]]]},"id":"+11330+39811","properties":{"count":14,"zone_degradee":1}},{"type":"Feature","geometry":{"geodesic":false,"type":"Polygon","coordinates":[[[10.178810484358298,35.78888091932174],[10.179708799642418,35.78888091932174],[10.179708799642418,35.78977923460586],[10.178810484358298,35.78977923460586],[10.178810484358298,35.78888091932174]]]},"id":"+11331+39840","properties":{"count":1,"zone_degradee":1}},{"type":"Feature","geometry":{"geodesic":false,"type":"Polygon","coordinates":[[[10.178810484358298,36.00896816393102],[10.179708799642418,36.00896816393102],[10.179708799642418,36.00986647921514],[10.178810484358298,36.00986647921514],[10.178810484358298,36.00896816393102]]]},"id":"+11331+40085","properties":{"count":1,"zone_degradee":1}},{"type":"Feature","geometry":{"geodesic":false,"type":"Polygon","coordinates":[[[10.180607114926538,35.772711244207585],[10.181505430210658,35.772711244207585],[10.181505430210658,35.7736095594917],[10.180607114926538,35.7736095594917],[10.180607114926538,35.772711244207585]]]},"id":"+11333+39822","properties":{"count":1,"zone_degradee":1}},{"type":"Feature","geometry":{"geodesic":false,"type":"Polygon","coordinates":[[[10.180607114926538,36.02873110018165],[10.181505430210658,36.02873110018165],[10.181505430210658,36.02962941546577],[10.180607114926538,36.02962941546577],[10.180607114926538,36.02873110018165]]]},"id":"+11333+40107","properties":{"count":1,"zone_degradee":1}},{"type":"Feature","geometry":{"geodesic":false,"type":"Polygon","coordinates":[[[10.182403745494776,35.75923651494579],[10.183302060778896,35.75923651494579],[10.183302060778896,35.760134830229916],[10.182403745494776,35.760134830229916],[10.182403745494776,35.75923651494579]]]},"id":"+11335+39807","properties":{"count":1,"zone_degradee":1}},{"type":"Feature","geometry":{"geodesic":false,"type":"Polygon","coordinates":[[[10.182403745494776,36.004476587510425],[10.183302060778896,36.004476587510425],[10.183302060778896,36.00537490279454],[10.182403745494776,36.00537490279454],[10.182403745494776,36.004476587510425]]]},"id":"+11335+40080","properties":{"count":1,"zone_degradee":1}},{"type":"Feature","geometry":{"geodesic":false,"type":"Polygon","coordinates":[[[10.185098691347136,36.01166310978338],[10.185997006631254,36.01166310978338],[10.185997006631254,36.012561425067496],[10.185098691347136,36.012561425067496],[10.185098691347136,36.01166310978338]]]},"id":"+11338+40088","properties":{"count":1,"zone_degradee":1}},{"type":"Feature","geometry":{"geodesic":false,"type":"Polygon","coordinates":[[[10.185997006631254,35.76821966778699],[10.187793637199494,35.76821966778699],[10.187793637199494,35.77001629835523],[10.185997006631254,35.77001629835523],[10.185997006631254,35.76821966778699]]]},"id":"+11340+39818","properties":{"count":4,"zone_degradee":1}},{"type":"Feature","geometry":{"geodesic":false,"type":"Polygon","coordinates":[[[10.186895321915374,36.01435805563574],[10.188691952483614,36.01435805563574],[10.188691952483614,36.01525637091986],[10.186895321915374,36.01525637091986],[10.186895321915374,36.01435805563574]]]},"id":"+11341+40091","properties":{"count":2,"zone_degradee":1}},{"type":"Feature","geometry":{"geodesic":false,"type":"Polygon","coordinates":[[[10.190488583051852,36.012561425067496],[10.191386898335972,36.012561425067496],[10.191386898335972,36.01345974035162],[10.190488583051852,36.01345974035162],[10.190488583051852,36.012561425067496]]]},"id":"+11344+40089","properties":{"count":1,"zone_degradee":1}},{"type":"Feature","geometry":{"geodesic":false,"type":"Polygon","coordinates":[[[10.187793637199494,36.00717153336278],[10.187793637199494,36.004476587510425],[10.189590267767732,36.004476587510425],[10.189590267767732,36.00357827222631],[10.19228521362009,36.00357827222631],[10.19228521362009,36.00267995694218],[10.19408184418833,36.00267995694218],[10.19408184418833,36.004476587510425],[10.19318352890421,36.004476587510425],[10.19318352890421,36.00627321807866],[10.19228521362009,36.00627321807866],[10.19228521362009,36.00717153336278],[10.187793637199494,36.00717153336278]]]},"id":"+11345+40082","properties":{"count":24,"zone_degradee":1}},{"type":"Feature","geometry":{"geodesic":false,"type":"Polygon","coordinates":[[[10.19318352890421,35.75923651494579],[10.19498015947245,35.75923651494579],[10.19498015947245,35.761033145514034],[10.19318352890421,35.761033145514034],[10.19318352890421,35.75923651494579]]]},"id":"+11348+39808","properties":{"count":4,"zone_degradee":1}},{"type":"Feature","geometry":{"geodesic":false,"type":"Polygon","coordinates":[[[10.19498015947245,36.02603615432929],[10.195878474756569,36.02603615432929],[10.195878474756569,36.02693446961341],[10.19498015947245,36.02693446961341],[10.19498015947245,36.02603615432929]]]},"id":"+11349+40104","properties":{"count":1,"zone_degradee":1}},{"type":"Feature","geometry":{"geodesic":false,"type":"Polygon","coordinates":[[[10.195878474756569,35.757439884377554],[10.196776790040689,35.757439884377554],[10.196776790040689,35.75833819966167],[10.195878474756569,35.75833819966167],[10.195878474756569,35.757439884377554]]]},"id":"+11350+39805","properties":{"count":1,"zone_degradee":1}},{"type":"Feature","geometry":{"geodesic":false,"type":"Polygon","coordinates":[[[10.195878474756569,36.012561425067496],[10.196776790040689,36.012561425067496],[10.196776790040689,36.01345974035162],[10.195878474756569,36.01345974035162],[10.195878474756569,36.012561425067496]]]},"id":"+11350+40089","properties":{"count":1,"zone_degradee":1}},{"type":"Feature","geometry":{"geodesic":false,"type":"Polygon","coordinates":[[[10.196776790040689,36.00986647921514],[10.198573420608929,36.00986647921514],[10.198573420608929,36.01076479449926],[10.196776790040689,36.01076479449926],[10.196776790040689,36.00986647921514]]]},"id":"+11352+40086","properties":{"count":2,"zone_degradee":1}},{"type":"Feature","geometry":{"geodesic":false,"type":"Polygon","coordinates":[[[10.197675105324809,36.02693446961341],[10.198573420608929,36.02693446961341],[10.198573420608929,36.02873110018165],[10.197675105324809,36.02873110018165],[10.197675105324809,36.02693446961341]]]},"id":"+11352+40106","properties":{"count":2,"zone_degradee":1}},{"type":"Feature","geometry":{"geodesic":false,"type":"Polygon","coordinates":[[[10.197675105324809,35.76282977608227],[10.197675105324809,35.760134830229916],[10.198573420608929,35.760134830229916],[10.198573420608929,35.75923651494579],[10.199471735893047,35.75923651494579],[10.199471735893047,35.757439884377554],[10.200370051177167,35.757439884377554],[10.200370051177167,35.75564325380932],[10.202166681745407,35.75564325380932],[10.202166681745407,35.757439884377554],[10.201268366461287,35.757439884377554],[10.201268366461287,35.75923651494579],[10.200370051177167,35.75923651494579],[10.200370051177167,35.761033145514034],[10.199471735893047,35.761033145514034],[10.199471735893047,35.76282977608227],[10.197675105324809,35.76282977608227]]]},"id":"+11353+39810","properties":{"count":17,"zone_degradee":1}},{"type":"Feature","geometry":{"geodesic":false,"type":"Polygon","coordinates":[[[10.199471735893047,35.753846623241074],[10.200370051177167,35.753846623241074],[10.200370051177167,35.75564325380932],[10.199471735893047,35.75564325380932],[10.199471735893047,35.753846623241074]]]},"id":"+11354+39802","properties":{"count":2,"zone_degradee":1}},{"type":"Feature","geometry":{"geodesic":false,"type":"Polygon","coordinates":[[[10.200370051177167,35.555318945450665],[10.201268366461287,35.555318945450665],[10.201268366461287,35.55621726073478],[10.200370051177167,35.55621726073478],[10.200370051177167,35.555318945450665]]]},"id":"+11355+39580","properties":{"count":1,"zone_degradee":1}},{"type":"Feature","geometry":{"geodesic":false,"type":"Polygon","coordinates":[[[10.200370051177167,36.00717153336278],[10.201268366461287,36.00717153336278],[10.201268366461287,36.008069848646905],[10.200370051177167,36.008069848646905],[10.200370051177167,36.00717153336278]]]},"id":"+11355+40083","properties":{"count":1,"zone_degradee":1}},{"type":"Feature","geometry":{"geodesic":false,"type":"Polygon","coordinates":[[[10.201268366461287,36.00896816393102],[10.203064997029525,36.00896816393102],[10.203064997029525,36.00986647921514],[10.201268366461287,36.00986647921514],[10.201268366461287,36.00896816393102]]]},"id":"+11357+40085","properties":{"count":2,"zone_degradee":1}},{"type":"Feature","geometry":{"geodesic":false,"type":"Polygon","coordinates":[[[10.203064997029525,36.00986647921514],[10.203963312313645,36.00986647921514],[10.203963312313645,36.01076479449926],[10.203064997029525,36.01076479449926],[10.203064997029525,36.00986647921514]]]},"id":"+11358+40086","properties":{"count":1,"zone_degradee":1}},{"type":"Feature","geometry":{"geodesic":false,"type":"Polygon","coordinates":[[[10.203963312313645,36.01076479449926],[10.204861627597765,36.01076479449926],[10.204861627597765,36.01166310978338],[10.203963312313645,36.01166310978338],[10.203963312313645,36.01076479449926]]]},"id":"+11359+40087","properties":{"count":1,"zone_degradee":1}},{"type":"Feature","geometry":{"geodesic":false,"type":"Polygon","coordinates":[[[10.203963312313645,36.023341208476936],[10.204861627597765,36.023341208476936],[10.204861627597765,36.024239523761054],[10.203963312313645,36.024239523761054],[10.203963312313645,36.023341208476936]]]},"id":"+11359+40101","properties":{"count":1,"zone_degradee":1}},{"type":"Feature","geometry":{"geodesic":false,"type":"Polygon","coordinates":[[[10.204861627597765,36.024239523761054],[10.205759942881885,36.024239523761054],[10.205759942881885,36.02513783904517],[10.204861627597765,36.02513783904517],[10.204861627597765,36.024239523761054]]]},"id":"+11360+40102","properties":{"count":1,"zone_degradee":1}},{"type":"Feature","geometry":{"geodesic":false,"type":"Polygon","coordinates":[[[10.206658258166003,36.012561425067496],[10.207556573450123,36.012561425067496],[10.207556573450123,36.01345974035162],[10.206658258166003,36.01345974035162],[10.206658258166003,36.012561425067496]]]},"id":"+11362+40089","properties":{"count":1,"zone_degradee":1}},{"type":"Feature","geometry":{"geodesic":false,"type":"Polygon","coordinates":[[[10.207556573450123,36.01166310978338],[10.208454888734243,36.01166310978338],[10.208454888734243,36.012561425067496],[10.207556573450123,36.012561425067496],[10.207556573450123,36.01166310978338]]]},"id":"+11363+40088","properties":{"count":1,"zone_degradee":1}},{"type":"Feature","geometry":{"geodesic":false,"type":"Polygon","coordinates":[[[10.209353204018361,36.004476587510425],[10.210251519302481,36.004476587510425],[10.210251519302481,36.00537490279454],[10.209353204018361,36.00537490279454],[10.209353204018361,36.004476587510425]]]},"id":"+11365+40080","properties":{"count":1,"zone_degradee":1}},{"type":"Feature","geometry":{"geodesic":false,"type":"Polygon","coordinates":[[[10.207556573450123,36.01435805563574],[10.207556573450123,36.01345974035162],[10.208454888734243,36.01345974035162],[10.208454888734243,36.012561425067496],[10.209353204018361,36.012561425067496],[10.209353204018361,36.01345974035162],[10.210251519302481,36.01345974035162],[10.210251519302481,36.01435805563574],[10.207556573450123,36.01435805563574]]]},"id":"+11365+40090","properties":{"count":4,"zone_degradee":1}},{"type":"Feature","geometry":{"geodesic":false,"type":"Polygon","coordinates":[[[10.211149834586601,36.023341208476936],[10.212048149870721,36.023341208476936],[10.212048149870721,36.024239523761054],[10.211149834586601,36.024239523761054],[10.211149834586601,36.023341208476936]]]},"id":"+11367+40101","properties":{"count":1,"zone_degradee":1}},{"type":"Feature","geometry":{"geodesic":false,"type":"Polygon","coordinates":[[[10.212048149870721,35.67838813937504],[10.21384478043896,35.67838813937504],[10.21384478043896,35.679286454659156],[10.212048149870721,35.679286454659156],[10.212048149870721,35.67838813937504]]]},"id":"+11369+39717","properties":{"count":2,"zone_degradee":1}},{"type":"Feature","geometry":{"geodesic":false,"type":"Polygon","coordinates":[[[10.21294646515484,36.00717153336278],[10.21474309572308,36.00717153336278],[10.21474309572308,36.00896816393102],[10.21294646515484,36.00896816393102],[10.21294646515484,36.00717153336278]]]},"id":"+11370+40084","properties":{"count":4,"zone_degradee":1}},{"type":"Feature","geometry":{"geodesic":false,"type":"Polygon","coordinates":[[[10.21384478043896,36.02154457790869],[10.21474309572308,36.02154457790869],[10.21474309572308,36.023341208476936],[10.21384478043896,36.023341208476936],[10.21384478043896,36.02154457790869]]]},"id":"+11370+40100","properties":{"count":2,"zone_degradee":1}},{"type":"Feature","geometry":{"geodesic":false,"type":"Polygon","coordinates":[[[10.21384478043896,36.020646262624574],[10.21384478043896,36.01795131677222],[10.21474309572308,36.01795131677222],[10.21474309572308,36.017053001488094],[10.2156414110072,36.017053001488094],[10.2156414110072,36.01795131677222],[10.216539726291318,36.01795131677222],[10.216539726291318,36.01884963205634],[10.2156414110072,36.01884963205634],[10.2156414110072,36.020646262624574],[10.21384478043896,36.020646262624574]]]},"id":"+11371+40097","properties":{"count":8,"zone_degradee":1}},{"type":"Feature","geometry":{"geodesic":false,"type":"Polygon","coordinates":[[[10.219234672143678,35.99818838052159],[10.220132987427796,35.99818838052159],[10.220132987427796,35.99908669580571],[10.219234672143678,35.99908669580571],[10.219234672143678,35.99818838052159]]]},"id":"+11376+40073","properties":{"count":1,"zone_degradee":1}},{"type":"Feature","geometry":{"geodesic":false,"type":"Polygon","coordinates":[[[10.221929617996036,36.01884963205634],[10.222827933280156,36.01884963205634],[10.222827933280156,36.019747947340456],[10.221929617996036,36.019747947340456],[10.221929617996036,36.01884963205634]]]},"id":"+11379+40096","properties":{"count":1,"zone_degradee":1}},{"type":"Feature","geometry":{"geodesic":false,"type":"Polygon","coordinates":[[[10.221929617996036,36.03142604603401],[10.223726248564274,36.03142604603401],[10.223726248564274,36.03232436131813],[10.221929617996036,36.03232436131813],[10.221929617996036,36.03142604603401]]]},"id":"+11380+40110","properties":{"count":2,"zone_degradee":1}},{"type":"Feature","geometry":{"geodesic":false,"type":"Polygon","coordinates":[[[10.224624563848394,35.66940498653384],[10.225522879132514,35.66940498653384],[10.225522879132514,35.67030330181796],[10.224624563848394,35.67030330181796],[10.224624563848394,35.66940498653384]]]},"id":"+11382+39707","properties":{"count":1,"zone_degradee":1}},{"type":"Feature","geometry":{"geodesic":false,"type":"Polygon","coordinates":[[[10.226421194416632,36.03681593773872],[10.227319509700752,36.03681593773872],[10.227319509700752,36.03771425302285],[10.226421194416632,36.03771425302285],[10.226421194416632,36.03681593773872]]]},"id":"+11384+40116","properties":{"count":1,"zone_degradee":1}},{"type":"Feature","geometry":{"geodesic":false,"type":"Polygon","coordinates":[[[10.227319509700752,35.67479487823856],[10.228217824984872,35.67479487823856],[10.228217824984872,35.675693193522676],[10.227319509700752,35.675693193522676],[10.227319509700752,35.67479487823856]]]},"id":"+11385+39713","properties":{"count":1,"zone_degradee":1}},{"type":"Feature","geometry":{"geodesic":false,"type":"Polygon","coordinates":[[[10.227319509700752,36.035917622454605],[10.228217824984872,36.035917622454605],[10.228217824984872,36.03681593773872],[10.227319509700752,36.03681593773872],[10.227319509700752,36.035917622454605]]]},"id":"+11385+40115","properties":{"count":1,"zone_degradee":1}},{"type":"Feature","geometry":{"geodesic":false,"type":"Polygon","coordinates":[[[10.228217824984872,35.67389656295444],[10.229116140268992,35.67389656295444],[10.229116140268992,35.67479487823856],[10.228217824984872,35.67479487823856],[10.228217824984872,35.67389656295444]]]},"id":"+11386+39712","properties":{"count":1,"zone_degradee":1}},{"type":"Feature","geometry":{"geodesic":false,"type":"Polygon","coordinates":[[[10.228217824984872,36.00986647921514],[10.229116140268992,36.00986647921514],[10.229116140268992,36.01076479449926],[10.228217824984872,36.01076479449926],[10.228217824984872,36.00986647921514]]]},"id":"+11386+40086","properties":{"count":1,"zone_degradee":1}},{"type":"Feature","geometry":{"geodesic":false,"type":"Polygon","coordinates":[[[10.23181108612135,36.004476587510425],[10.23270940140547,36.004476587510425],[10.23270940140547,36.00537490279454],[10.23181108612135,36.00537490279454],[10.23181108612135,36.004476587510425]]]},"id":"+11390+40080","properties":{"count":1,"zone_degradee":1}},{"type":"Feature","geometry":{"geodesic":false,"type":"Polygon","coordinates":[[[10.23270940140547,35.73138874113809],[10.233607716689589,35.73138874113809],[10.233607716689589,35.73318537170633],[10.23270940140547,35.73318537170633],[10.23270940140547,35.73138874113809]]]},"id":"+11391+39777","properties":{"count":2,"zone_degradee":1}},{"type":"Feature","geometry":{"geodesic":false,"type":"Polygon","coordinates":[[[10.240794238962545,36.03322267660225],[10.241692554246665,36.03322267660225],[10.241692554246665,36.03412099188637],[10.240794238962545,36.03412099188637],[10.240794238962545,36.03322267660225]]]},"id":"+11400+40112","properties":{"count":1,"zone_degradee":1}}]}