{
  "type": "FeatureCollection",
  "columns": {
    "count": "Long<0, 4294967295>",
    "system:index": "String",
    "zone": "Byte<0, 1>"
  },
  "features": [
    {
      "type": "Feature",
      "geometry": {
        "geodesic": false,
        "type": "Polygon",
        "coordinates": [
          [
            [
              10.348142915414828,
              36.59781383267137
            ],
            [
              10.348592073056889,
              36.59781383267137
            ],
            [
              10.348592073056889,
              36.59826299031343
            ],
            [
              10.348142915414828,
              36.59826299031343
            ],
            [
              10.348142915414828,
              36.59781383267137
            ]
          ]
        ]
      },
      "id": "+23039+81481",
      "properties": {
        "count": 1,
        "zone": 1
      }
    },
    {
      "type": "Feature",
      "geometry": {
        "geodesic": false,
        "type": "Polygon",
        "coordinates": [
          [
            [
              10.348592073056889,
              36.40782015008009
            ],
            [
              10.348592073056889,
              36.407370992438025
            ],
            [
              10.348142915414828,
              36.407370992438025
            ],
            [
              10.348142915414828,
              36.40647267715391
            ],
            [
              10.348592073056889,
              36.40647267715391
            ],
            [
              10.348592073056889,
              36.406921834795966
            ],
            [
              10.349041230698948,
              36.406921834795966
            ],
            [
              10.349041230698948,
              36.40782015008009
            ],
            [
              10.348592073056889,
              36.40782015008009
            ]
          ]
        ]
      },
      "id": "+23040+81057",
      "properties": {
        "count": 4,
        "zone": 1
      }
    },
    {
      "type": "Feature",
      "geometry": {
        "geodesic": false,
        "type": "Polygon",
        "coordinates": [
          [
            [
              10.352634491835426,
              36.476541269315234
            ],
            [
              10.353083649477485,
              36.476541269315234
            ],
            [
              10.353083649477485,
              36.47699042695729
            ],
            [
              10.352634491835426,
              36.47699042695729
            ],
            [
              10.352634491835426,
              36.476541269315234
            ]
          ]
        ]
      },
      "id": "+23049+81211",
      "properties": {
        "count": 1,
        "zone": 1
      }
    },
    {
      "type": "Feature",
      "geometry": {
        "geodesic": false,
        "type": "Polygon",
        "coordinates": [
          [
            [
              10.353532807119546,
              36.472049692894636
            ],
            [
              10.353981964761605,
              36.472049692894636
            ],
            [
              10.353981964761605,
              36.472498850536695
            ],
            [
              10.353532807119546,
              36.472498850536695
            ],
            [
              10.353532807119546,
              36.472049692894636
            ]
          ]
        ]
      },
      "id": "+23051+81201",
      "properties": {
        "count": 1,
        "zone": 1
      }
    },
    {
      "type": "Feature",
      "geometry": {
        "geodesic": false,
        "type": "Polygon",
        "coordinates": [
          [
            [
              10.370151639875756,
              36.5326859745727
            ],
            [
              10.370600797517817,
              36.5326859745727
            ],
            [
              10.370600797517817,
              36.53358428985682
            ],
            [
              10.370151639875756,
              36.53358428985682
            ],
            [
              10.370151639875756,
              36.5326859745727
            ]
          ]
        ]
      },
      "id": "+23088+81337",
      "properties": {
        "count": 2,
        "zone": 1
      }
    },
    {
      "type": "Feature",
      "geometry": {
        "geodesic": false,
        "type": "Polygon",
        "coordinates": [
          [
            [
              10.371049955159876,
              36.60904277372286
            ],
            [
              10.371499112801937,
              36.60904277372286
            ],
            [
              10.371499112801937,
              36.60949193136492
            ],
            [
              10.371049955159876,
              36.60949193136492
            ],
            [
              10.371049955159876,
              36.60904277372286
            ]
          ]
        ]
      },
      "id": "+23090+81506",
      "properties": {
        "count": 1,
        "zone": 1
      }
    },
    {
      "type": "Feature",
      "geometry": {
        "geodesic": false,
        "type": "Polygon",
        "coordinates": [
          [
            [
              10.371499112801937,
              36.53313513221476
            ],
            [
              10.371948270443996,
              36.53313513221476
            ],
            [
              10.371948270443996,
              36.53358428985682
            ],
            [
              10.371499112801937,
              36.53358428985682
            ],
            [
              10.371499112801937,
              36.53313513221476
            ]
          ]
        ]
      },
      "id": "+23091+81337",
      "properties": {
        "count": 1,
        "zone": 1
      }
    },
    {
      "type": "Feature",
      "geometry": {
        "geodesic": false,
        "type": "Polygon",
        "coordinates": [
          [
            [
              10.372846585728116,
              36.39973531252301
            ],
            [
              10.373295743370175,
              36.39973531252301
            ],
            [
              10.373295743370175,
              36.40018447016507
            ],
            [
              10.372846585728116,
              36.40018447016507
            ],
            [
              10.372846585728116,
              36.39973531252301
            ]
          ]
        ]
      },
      "id": "+23094+81040",
      "properties": {
        "count": 1,
        "zone": 1
      }
    },
    {
      "type": "Feature",
      "geometry": {
        "geodesic": false,
        "type": "Polygon",
        "coordinates": [
          [
            [
              10.372846585728116,
              36.61128856193316
            ],
            [
              10.373295743370175,
              36.61128856193316
            ],
            [
              10.373295743370175,
              36.61173771957522
            ],
            [
              10.372846585728116,
              36.61173771957522
            ],
            [
              10.372846585728116,
              36.61128856193316
            ]
          ]
        ]
      },
      "id": "+23094+81511",
      "properties": {
        "count": 1,
        "zone": 1
      }
    },
    {
      "type": "Feature",
      "geometry": {
        "geodesic": false,
        "type": "Polygon",
        "coordinates": [
          [
            [
              10.375990689222533,
              36.51382135360619
            ],
            [
              10.376439846864594,
              36.51382135360619
            ],
            [
              10.376439846864594,
              36.51427051124825
            ],
            [
              10.375990689222533,
              36.51427051124825
            ],
            [
              10.375990689222533,
              36.51382135360619
            ]
          ]
        ]
      },
      "id": "+23101+81294",
      "properties": {
        "count": 1,
        "zone": 1
      }
    },
    {
      "type": "Feature",
      "geometry": {
        "geodesic": false,
        "type": "Polygon",
        "coordinates": [
          [
            [
              10.375990689222533,
              36.52100787587915
            ],
            [
              10.376439846864594,
              36.52100787587915
            ],
            [
              10.376439846864594,
              36.52145703352121
            ],
            [
              10.375990689222533,
              36.52145703352121
            ],
            [
              10.375990689222533,
              36.52100787587915
            ]
          ]
        ]
      },
      "id": "+23101+81310",
      "properties": {
        "count": 1,
        "zone": 1
      }
    },
    {
      "type": "Feature",
      "geometry": {
        "geodesic": false,
        "type": "Polygon",
        "coordinates": [
          [
            [
              10.375990689222533,
              36.52235534880533
            ],
            [
              10.375990689222533,
              36.52190619116327
            ],
            [
              10.376439846864594,
              36.52190619116327
            ],
            [
              10.376439846864594,
              36.52145703352121
            ],
            [
              10.376889004506653,
              36.52145703352121
            ],
            [
              10.376889004506653,
              36.52235534880533
            ],
            [
              10.375990689222533,
              36.52235534880533
            ]
          ]
        ]
      },
      "id": "+23102+81312",
      "properties": {
        "count": 3,
        "zone": 1
      }
    },
    {
      "type": "Feature",
      "geometry": {
        "geodesic": false,
        "type": "Polygon",
        "coordinates": [
          [
            [
              10.38362636913755,
              36.3853622679771
            ],
            [
              10.38407552677961,
              36.3853622679771
            ],
            [
              10.38407552677961,
              36.38581142561916
            ],
            [
              10.38362636913755,
              36.38581142561916
            ],
            [
              10.38362636913755,
              36.3853622679771
            ]
          ]
        ]
      },
      "id": "+23118+81008",
      "properties": {
        "count": 1,
        "zone": 1
      }
    },
    {
      "type": "Feature",
      "geometry": {
        "geodesic": false,
        "type": "Polygon",
        "coordinates": [
          [
            [
              10.386321314989909,
              36.5416691274139
            ],
            [
              10.386770472631968,
              36.5416691274139
            ],
            [
              10.386770472631968,
              36.542118285055956
            ],
            [
              10.386321314989909,
              36.542118285055956
            ],
            [
              10.386321314989909,
              36.5416691274139
            ]
          ]
        ]
      },
      "id": "+23124+81356",
      "properties": {
        "count": 1,
        "zone": 1
      }
    },
    {
      "type": "Feature",
      "geometry": {
        "geodesic": false,
        "type": "Polygon",
        "coordinates": [
          [
            [
              10.389016260842267,
              36.66653495190651
            ],
            [
              10.389465418484326,
              36.66653495190651
            ],
            [
              10.389465418484326,
              36.66698410954857
            ],
            [
              10.389016260842267,
              36.66698410954857
            ],
            [
              10.389016260842267,
              36.66653495190651
            ]
          ]
        ]
      },
      "id": "+23130+81634",
      "properties": {
        "count": 1,
        "zone": 1
      }
    },
    {
      "type": "Feature",
      "geometry": {
        "geodesic": false,
        "type": "Polygon",
        "coordinates": [
          [
            [
              10.389465418484326,
              36.54121996977184
            ],
            [
              10.389914576126387,
              36.54121996977184
            ],
            [
              10.389914576126387,
              36.5416691274139
            ],
            [
              10.389465418484326,
              36.5416691274139
            ],
            [
              10.389465418484326,
              36.54121996977184
            ]
          ]
        ]
      },
      "id": "+23131+81355",
      "properties": {
        "count": 1,
        "zone": 1
      }
    },
    {
      "type": "Feature",
      "geometry": {
        "geodesic": false,
        "type": "Polygon",
        "coordinates": [
          [
            [
              10.389914576126387,
              36.51741461474267
            ],
            [
              10.390363733768446,
              36.51741461474267
            ],
            [
              10.390363733768446,
              36.51786377238473
            ],
            [
              10.389914576126387,
              36.51786377238473
            ],
            [
              10.389914576126387,
              36.51741461474267
            ]
          ]
        ]
      },
      "id": "+23132+81302",
      "properties": {
        "count": 1,
        "zone": 1
      }
    },
    {
      "type": "Feature",
      "geometry": {
        "geodesic": false,
        "type": "Polygon",
        "coordinates": [
          [
            [
              10.391711206694625,
              36.54705901911861
            ],
            [
              10.392160364336686,
              36.54705901911861
            ],
            [
              10.392160364336686,
              36.54750817676067
            ],
            [
              10.391711206694625,
              36.54750817676067
            ],
            [
              10.391711206694625,
              36.54705901911861
            ]
          ]
        ]
      },
      "id": "+23136+81368",
      "properties": {
        "count": 1,
        "zone": 1
      }
    },
    {
      "type": "Feature",
      "geometry": {
        "geodesic": false,
        "type": "Polygon",
        "coordinates": [
          [
            [
              10.392160364336686,
              36.59287309860871
            ],
            [
              10.392609521978745,
              36.59287309860871
            ],
            [
              10.392609521978745,
              36.59332225625077
            ],
            [
              10.392160364336686,
              36.59332225625077
            ],
            [
              10.392160364336686,
              36.59287309860871
            ]
          ]
        ]
      },
      "id": "+23137+81470",
      "properties": {
        "count": 1,
        "zone": 1
      }
    },
    {
      "type": "Feature",
      "geometry": {
        "geodesic": false,
        "type": "Polygon",
        "coordinates": [
          [
            [
              10.392160364336686,
              36.54391491562419
            ],
            [
              10.393058679620804,
              36.54391491562419
            ],
            [
              10.393058679620804,
              36.54436407326626
            ],
            [
              10.392160364336686,
              36.54436407326626
            ],
            [
              10.392160364336686,
              36.54391491562419
            ]
          ]
        ]
      },
      "id": "+23138+81361",
      "properties": {
        "count": 2,
        "zone": 1
      }
    },
    {
      "type": "Feature",
      "geometry": {
        "geodesic": false,
        "type": "Polygon",
        "coordinates": [
          [
            [
              10.393507837262865,
              36.54391491562419
            ],
            [
              10.393956994904924,
              36.54391491562419
            ],
            [
              10.393956994904924,
              36.54436407326626
            ],
            [
              10.393507837262865,
              36.54436407326626
            ],
            [
              10.393507837262865,
              36.54391491562419
            ]
          ]
        ]
      },
      "id": "+23140+81361",
      "properties": {
        "count": 1,
        "zone": 1
      }
    },
    {
      "type": "Feature",
      "geometry": {
        "geodesic": false,
        "type": "Polygon",
        "coordinates": [
          [
            [
              10.393956994904924,
              36.54032165448772
            ],
            [
              10.394406152546983,
              36.54032165448772
            ],
            [
              10.394406152546983,
              36.54077081212978
            ],
            [
              10.393956994904924,
              36.54077081212978
            ],
            [
              10.393956994904924,
              36.54032165448772
            ]
          ]
        ]
      },
      "id": "+23141+81353",
      "properties": {
        "count": 1,
        "zone": 1
      }
    },
    {
      "type": "Feature",
      "geometry": {
        "geodesic": false,
        "type": "Polygon",
        "coordinates": [
          [
            [
              10.393956994904924,
              36.57086437414778
            ],
            [
              10.394406152546983,
              36.57086437414778
            ],
            [
              10.394406152546983,
              36.57131353178984
            ],
            [
              10.393956994904924,
              36.57131353178984
            ],
            [
              10.393956994904924,
              36.57086437414778
            ]
          ]
        ]
      },
      "id": "+23141+81421",
      "properties": {
        "count": 1,
        "zone": 1
      }
    },
    {
      "type": "Feature",
      "geometry": {
        "geodesic": false,
        "type": "Polygon",
        "coordinates": [
          [
            [
              10.394855310189044,
              36.53807586627742
            ],
            [
              10.395304467831103,
              36.53807586627742
            ],
            [
              10.395304467831103,
              36.538525023919476
            ],
            [
              10.394855310189044,
              36.538525023919476
            ],
            [
              10.394855310189044,
              36.53807586627742
            ]
          ]
        ]
      },
      "id": "+23143+81348",
      "properties": {
        "count": 1,
        "zone": 1
      }
    },
    {
      "type": "Feature",
      "geometry": {
        "geodesic": false,
        "type": "Polygon",
        "coordinates": [
          [
            [
              10.394855310189044,
              36.54032165448772
            ],
            [
              10.395304467831103,
              36.54032165448772
            ],
            [
              10.395304467831103,
              36.54077081212978
            ],
            [
              10.394855310189044,
              36.54077081212978
            ],
            [
              10.394855310189044,
              36.54032165448772
            ]
          ]
        ]
      },
      "id": "+23143+81353",
      "properties": {
        "count": 1,
        "zone": 1
      }
    },
    {
      "type": "Feature",
      "geometry": {
        "geodesic": false,
        "type": "Polygon",
        "coordinates": [
          [
            [
              10.395304467831103,
              36.53762670863536
            ],
            [
              10.395753625473162,
              36.53762670863536
            ],
            [
              10.395753625473162,
              36.53807586627742
            ],
            [
              10.395304467831103,
              36.53807586627742
            ],
            [
              10.395304467831103,
              36.53762670863536
            ]
          ]
        ]
      },
      "id": "+23144+81347",
      "properties": {
        "count": 1,
        "zone": 1
      }
    },
    {
      "type": "Feature",
      "geometry": {
        "geodesic": false,
        "type": "Polygon",
        "coordinates": [
          [
            [
              10.395304467831103,
              36.5394233392036
            ],
            [
              10.395753625473162,
              36.5394233392036
            ],
            [
              10.395753625473162,
              36.53987249684566
            ],
            [
              10.395304467831103,
              36.53987249684566
            ],
            [
              10.395304467831103,
              36.5394233392036
            ]
          ]
        ]
      },
      "id": "+23144+81351",
      "properties": {
        "count": 1,
        "zone": 1
      }
    },
    {
      "type": "Feature",
      "geometry": {
        "geodesic": false,
        "type": "Polygon",
        "coordinates": [
          [
            [
              10.396202783115223,
              36.542567442698015
            ],
            [
              10.396651940757282,
              36.542567442698015
            ],
            [
              10.396651940757282,
              36.543016600340074
            ],
            [
              10.396202783115223,
              36.543016600340074
            ],
            [
              10.396202783115223,
              36.542567442698015
            ]
          ]
        ]
      },
      "id": "+23146+81358",
      "properties": {
        "count": 1,
        "zone": 1
      }
    },
    {
      "type": "Feature",
      "geometry": {
        "geodesic": false,
        "type": "Polygon",
        "coordinates": [
          [
            [
              10.396651940757282,
              36.54436407326626
            ],
            [
              10.397101098399343,
              36.54436407326626
            ],
            [
              10.397101098399343,
              36.54481323090832
            ],
            [
              10.396651940757282,
              36.54481323090832
            ],
            [
              10.396651940757282,
              36.54436407326626
            ]
          ]
        ]
      },
      "id": "+23147+81362",
      "properties": {
        "count": 1,
        "zone": 1
      }
    },
    {
      "type": "Feature",
      "geometry": {
        "geodesic": false,
        "type": "Polygon",
        "coordinates": [
          [
            [
              10.397999413683461,
              36.53987249684566
            ],
            [
              10.398448571325522,
              36.53987249684566
            ],
            [
              10.398448571325522,
              36.54032165448772
            ],
            [
              10.397999413683461,
              36.54032165448772
            ],
            [
              10.397999413683461,
              36.53987249684566
            ]
          ]
        ]
      },
      "id": "+23150+81352",
      "properties": {
        "count": 1,
        "zone": 1
      }
    },
    {
      "type": "Feature",
      "geometry": {
        "geodesic": false,
        "type": "Polygon",
        "coordinates": [
          [
            [
              10.397999413683461,
              36.59332225625077
            ],
            [
              10.398448571325522,
              36.59332225625077
            ],
            [
              10.398448571325522,
              36.59377141389283
            ],
            [
              10.397999413683461,
              36.59377141389283
            ],
            [
              10.397999413683461,
              36.59332225625077
            ]
          ]
        ]
      },
      "id": "+23150+81471",
      "properties": {
        "count": 1,
        "zone": 1
      }
    },
    {
      "type": "Feature",
      "geometry": {
        "geodesic": false,
        "type": "Polygon",
        "coordinates": [
          [
            [
              10.404287620672298,
              36.430727189825134
            ],
            [
              10.404736778314359,
              36.430727189825134
            ],
            [
              10.404736778314359,
              36.43117634746719
            ],
            [
              10.404287620672298,
              36.43117634746719
            ],
            [
              10.404287620672298,
              36.430727189825134
            ]
          ]
        ]
      },
      "id": "+23164+81109",
      "properties": {
        "count": 1,
        "zone": 1
      }
    },
    {
      "type": "Feature",
      "geometry": {
        "geodesic": false,
        "type": "Polygon",
        "coordinates": [
          [
            [
              10.404736778314359,
              36.68629788815714
            ],
            [
              10.405185935956418,
              36.68629788815714
            ],
            [
              10.405185935956418,
              36.68719620344126
            ],
            [
              10.404736778314359,
              36.68719620344126
            ],
            [
              10.404736778314359,
              36.68629788815714
            ]
          ]
        ]
      },
      "id": "+23165+81679",
      "properties": {
        "count": 2,
        "zone": 1
      }
    },
    {
      "type": "Feature",
      "geometry": {
        "geodesic": false,
        "type": "Polygon",
        "coordinates": [
          [
            [
              10.407880881808776,
              36.51651629945855
            ],
            [
              10.408330039450837,
              36.51651629945855
            ],
            [
              10.408330039450837,
              36.51696545710061
            ],
            [
              10.407880881808776,
              36.51696545710061
            ],
            [
              10.407880881808776,
              36.51651629945855
            ]
          ]
        ]
      },
      "id": "+23172+81300",
      "properties": {
        "count": 1,
        "zone": 1
      }
    },
    {
      "type": "Feature",
      "geometry": {
        "geodesic": false,
        "type": "Polygon",
        "coordinates": [
          [
            [
              10.409677512377016,
              36.43656623917191
            ],
            [
              10.410126670019075,
              36.43656623917191
            ],
            [
              10.410126670019075,
              36.437015396813976
            ],
            [
              10.409677512377016,
              36.437015396813976
            ],
            [
              10.409677512377016,
              36.43656623917191
            ]
          ]
        ]
      },
      "id": "+23176+81122",
      "properties": {
        "count": 1,
        "zone": 1
      }
    },
    {
      "type": "Feature",
      "geometry": {
        "geodesic": false,
        "type": "Polygon",
        "coordinates": [
          [
            [
              10.410126670019075,
              36.446447707297224
            ],
            [
              10.410575827661136,
              36.446447707297224
            ],
            [
              10.410575827661136,
              36.44689686493929
            ],
            [
              10.410126670019075,
              36.44689686493929
            ],
            [
              10.410126670019075,
              36.446447707297224
            ]
          ]
        ]
      },
      "id": "+23177+81144",
      "properties": {
        "count": 1,
        "zone": 1
      }
    },
    {
      "type": "Feature",
      "geometry": {
        "geodesic": false,
        "type": "Polygon",
        "coordinates": [
          [
            [
              10.410575827661136,
              36.538525023919476
            ],
            [
              10.411024985303195,
              36.538525023919476
            ],
            [
              10.411024985303195,
              36.538974181561535
            ],
            [
              10.410575827661136,
              36.538974181561535
            ],
            [
              10.410575827661136,
              36.538525023919476
            ]
          ]
        ]
      },
      "id": "+23178+81349",
      "properties": {
        "count": 1,
        "zone": 1
      }
    },
    {
      "type": "Feature",
      "geometry": {
        "geodesic": false,
        "type": "Polygon",
        "coordinates": [
          [
            [
              10.411024985303195,
              36.71100155847043
            ],
            [
              10.411474142945254,
              36.71100155847043
            ],
            [
              10.411474142945254,
              36.71145071611249
            ],
            [
              10.411024985303195,
              36.71145071611249
            ],
            [
              10.411024985303195,
              36.71100155847043
            ]
          ]
        ]
      },
      "id": "+23179+81733",
      "properties": {
        "count": 1,
        "zone": 1
      }
    },
    {
      "type": "Feature",
      "geometry": {
        "geodesic": false,
        "type": "Polygon",
        "coordinates": [
          [
            [
              10.412372458229374,
              36.44150697323457
            ],
            [
              10.412821615871433,
              36.44150697323457
            ],
            [
              10.412821615871433,
              36.44195613087663
            ],
            [
              10.412372458229374,
              36.44195613087663
            ],
            [
              10.412372458229374,
              36.44150697323457
            ]
          ]
        ]
      },
      "id": "+23182+81133",
      "properties": {
        "count": 1,
        "zone": 1
      }
    },
    {
      "type": "Feature",
      "geometry": {
        "geodesic": false,
        "type": "Polygon",
        "coordinates": [
          [
            [
              10.414169088797614,
              36.39389626317624
            ],
            [
              10.414169088797614,
              36.39344710553418
            ],
            [
              10.413719931155553,
              36.39344710553418
            ],
            [
              10.413719931155553,
              36.39254879025005
            ],
            [
              10.414169088797614,
              36.39254879025005
            ],
            [
              10.414169088797614,
              36.39299794789212
            ],
            [
              10.414618246439673,
              36.39299794789212
            ],
            [
              10.414618246439673,
              36.39389626317624
            ],
            [
              10.414169088797614,
              36.39389626317624
            ]
          ]
        ]
      },
      "id": "+23186+81026",
      "properties": {
        "count": 4,
        "zone": 1
      }
    },
    {
      "type": "Feature",
      "geometry": {
        "geodesic": false,
        "type": "Polygon",
        "coordinates": [
          [
            [
              10.414618246439673,
              36.561881221306585
            ],
            [
              10.415516561723793,
              36.561881221306585
            ],
            [
              10.415516561723793,
              36.562330378948644
            ],
            [
              10.414618246439673,
              36.562330378948644
            ],
            [
              10.414618246439673,
              36.561881221306585
            ]
          ]
        ]
      },
      "id": "+23188+81401",
      "properties": {
        "count": 2,
        "zone": 1
      }
    },
    {
      "type": "Feature",
      "geometry": {
        "geodesic": false,
        "type": "Polygon",
        "coordinates": [
          [
            [
              10.415516561723793,
              36.68854367636744
            ],
            [
              10.415965719365852,
              36.68854367636744
            ],
            [
              10.415965719365852,
              36.6889928340095
            ],
            [
              10.415516561723793,
              36.6889928340095
            ],
            [
              10.415516561723793,
              36.68854367636744
            ]
          ]
        ]
      },
      "id": "+23189+81683",
      "properties": {
        "count": 1,
        "zone": 1
      }
    },
    {
      "type": "Feature",
      "geometry": {
        "geodesic": false,
        "type": "Polygon",
        "coordinates": [
          [
            [
              10.415965719365852,
              36.6912386222198
            ],
            [
              10.416414877007911,
              36.6912386222198
            ],
            [
              10.416414877007911,
              36.69168777986186
            ],
            [
              10.415965719365852,
              36.69168777986186
            ],
            [
              10.415965719365852,
              36.6912386222198
            ]
          ]
        ]
      },
      "id": "+23190+81689",
      "properties": {
        "count": 1,
        "zone": 1
      }
    },
    {
      "type": "Feature",
      "geometry": {
        "geodesic": false,
        "type": "Polygon",
        "coordinates": [
          [
            [
              10.418211507576151,
              36.67911136588418
            ],
            [
              10.418211507576151,
              36.678213050600064
            ],
            [
              10.419109822860271,
              36.678213050600064
            ],
            [
              10.419109822860271,
              36.67866220824212
            ],
            [
              10.41866066521821,
              36.67866220824212
            ],
            [
              10.41866066521821,
              36.67911136588418
            ],
            [
              10.418211507576151,
              36.67911136588418
            ]
          ]
        ]
      },
      "id": "+23195+81661",
      "properties": {
        "count": 3,
        "zone": 1
      }
    },
    {
      "type": "Feature",
      "geometry": {
        "geodesic": false,
        "type": "Polygon",
        "coordinates": [
          [
            [
              10.422253926354689,
              36.59332225625077
            ],
            [
              10.42270308399675,
              36.59332225625077
            ],
            [
              10.42270308399675,
              36.59377141389283
            ],
            [
              10.422253926354689,
              36.59377141389283
            ],
            [
              10.422253926354689,
              36.59332225625077
            ]
          ]
        ]
      },
      "id": "+23204+81471",
      "properties": {
        "count": 1,
        "zone": 1
      }
    },
    {
      "type": "Feature",
      "geometry": {
        "geodesic": false,
        "type": "Polygon",
        "coordinates": [
          [
            [
              10.423601399280868,
              36.697526829208634
            ],
            [
              10.424050556922928,
              36.697526829208634
            ],
            [
              10.424050556922928,
              36.69797598685069
            ],
            [
              10.423601399280868,
              36.69797598685069
            ],
            [
              10.423601399280868,
              36.697526829208634
            ]
          ]
        ]
      },
      "id": "+23207+81703",
      "properties": {
        "count": 1,
        "zone": 1
      }
    },
    {
      "type": "Feature",
      "geometry": {
        "geodesic": false,
        "type": "Polygon",
        "coordinates": [
          [
            [
              10.425398029849108,
              36.565474482443065
            ],
            [
              10.425847187491167,
              36.565474482443065
            ],
            [
              10.425847187491167,
              36.565923640085124
            ],
            [
              10.425398029849108,
              36.565923640085124
            ],
            [
              10.425398029849108,
              36.565474482443065
            ]
          ]
        ]
      },
      "id": "+23211+81409",
      "properties": {
        "count": 1,
        "zone": 1
      }
    },
    {
      "type": "Feature",
      "geometry": {
        "geodesic": false,
        "type": "Polygon",
        "coordinates": [
          [
            [
              10.425398029849108,
              36.6845012575889
            ],
            [
              10.425847187491167,
              36.6845012575889
            ],
            [
              10.425847187491167,
              36.68495041523096
            ],
            [
              10.425398029849108,
              36.68495041523096
            ],
            [
              10.425398029849108,
              36.6845012575889
            ]
          ]
        ]
      },
      "id": "+23211+81674",
      "properties": {
        "count": 1,
        "zone": 1
      }
    },
    {
      "type": "Feature",
      "geometry": {
        "geodesic": false,
        "type": "Polygon",
        "coordinates": [
          [
            [
              10.426296345133228,
              36.697077671566575
            ],
            [
              10.426745502775287,
              36.697077671566575
            ],
            [
              10.426745502775287,
              36.697526829208634
            ],
            [
              10.426296345133228,
              36.697526829208634
            ],
            [
              10.426296345133228,
              36.697077671566575
            ]
          ]
        ]
      },
      "id": "+23213+81702",
      "properties": {
        "count": 1,
        "zone": 1
      }
    },
    {
      "type": "Feature",
      "geometry": {
        "geodesic": false,
        "type": "Polygon",
        "coordinates": [
          [
            [
              10.426745502775287,
              36.6499161191503
            ],
            [
              10.427194660417346,
              36.6499161191503
            ],
            [
              10.427194660417346,
              36.65036527679236
            ],
            [
              10.426745502775287,
              36.65036527679236
            ],
            [
              10.426745502775287,
              36.6499161191503
            ]
          ]
        ]
      },
      "id": "+23214+81597",
      "properties": {
        "count": 1,
        "zone": 1
      }
    },
    {
      "type": "Feature",
      "geometry": {
        "geodesic": false,
        "type": "Polygon",
        "coordinates": [
          [
            [
              10.427643818059407,
              36.52909271343622
            ],
            [
              10.428092975701466,
              36.52909271343622
            ],
            [
              10.428092975701466,
              36.52954187107829
            ],
            [
              10.427643818059407,
              36.52954187107829
            ],
            [
              10.427643818059407,
              36.52909271343622
            ]
          ]
        ]
      },
      "id": "+23216+81328",
      "properties": {
        "count": 1,
        "zone": 1
      }
    },
    {
      "type": "Feature",
      "geometry": {
        "geodesic": false,
        "type": "Polygon",
        "coordinates": [
          [
            [
              10.427643818059407,
              36.685399572873024
            ],
            [
              10.428542133343525,
              36.685399572873024
            ],
            [
              10.428542133343525,
              36.68584873051508
            ],
            [
              10.427643818059407,
              36.68584873051508
            ],
            [
              10.427643818059407,
              36.685399572873024
            ]
          ]
        ]
      },
      "id": "+23217+81676",
      "properties": {
        "count": 2,
        "zone": 1
      }
    },
    {
      "type": "Feature",
      "geometry": {
        "geodesic": false,
        "type": "Polygon",
        "coordinates": [
          [
            [
              10.428542133343525,
              36.685399572873024
            ],
            [
              10.428542133343525,
              36.68495041523096
            ],
            [
              10.428092975701466,
              36.68495041523096
            ],
            [
              10.428092975701466,
              36.6845012575889
            ],
            [
              10.428991290985586,
              36.6845012575889
            ],
            [
              10.428991290985586,
              36.685399572873024
            ],
            [
              10.428542133343525,
              36.685399572873024
            ]
          ]
        ]
      },
      "id": "+23218+81675",
      "properties": {
        "count": 3,
        "zone": 1
      }
    },
    {
      "type": "Feature",
      "geometry": {
        "geodesic": false,
        "type": "Polygon",
        "coordinates": [
          [
            [
              10.430787921553824,
              36.66294169077003
            ],
            [
              10.431686236837944,
              36.66294169077003
            ],
            [
              10.431686236837944,
              36.66339084841209
            ],
            [
              10.430787921553824,
              36.66339084841209
            ],
            [
              10.430787921553824,
              36.66294169077003
            ]
          ]
        ]
      },
      "id": "+23224+81626",
      "properties": {
        "count": 2,
        "zone": 1
      }
    },
    {
      "type": "Feature",
      "geometry": {
        "geodesic": false,
        "type": "Polygon",
        "coordinates": [
          [
            [
              10.433033709764123,
              36.38266732212474
            ],
            [
              10.433482867406182,
              36.38266732212474
            ],
            [
              10.433482867406182,
              36.3831164797668
            ],
            [
              10.433033709764123,
              36.3831164797668
            ],
            [
              10.433033709764123,
              36.38266732212474
            ]
          ]
        ]
      },
      "id": "+23228+81002",
      "properties": {
        "count": 1,
        "zone": 1
      }
    },
    {
      "type": "Feature",
      "geometry": {
        "geodesic": false,
        "type": "Polygon",
        "coordinates": [
          [
            [
              10.433482867406182,
              36.66563663662239
            ],
            [
              10.433932025048243,
              36.66563663662239
            ],
            [
              10.433932025048243,
              36.666085794264454
            ],
            [
              10.433482867406182,
              36.666085794264454
            ],
            [
              10.433482867406182,
              36.66563663662239
            ]
          ]
        ]
      },
      "id": "+23229+81632",
      "properties": {
        "count": 1,
        "zone": 1
      }
    },
    {
      "type": "Feature",
      "geometry": {
        "geodesic": false,
        "type": "Polygon",
        "coordinates": [
          [
            [
              10.436177813258542,
              36.66563663662239
            ],
            [
              10.436626970900601,
              36.66563663662239
            ],
            [
              10.436626970900601,
              36.666085794264454
            ],
            [
              10.436177813258542,
              36.666085794264454
            ],
            [
              10.436177813258542,
              36.66563663662239
            ]
          ]
        ]
      },
      "id": "+23235+81632",
      "properties": {
        "count": 1,
        "zone": 1
      }
    },
    {
      "type": "Feature",
      "geometry": {
        "geodesic": false,
        "type": "Polygon",
        "coordinates": [
          [
            [
              10.436177813258542,
              36.5416691274139
            ],
            [
              10.43707612854266,
              36.5416691274139
            ],
            [
              10.43707612854266,
              36.542118285055956
            ],
            [
              10.436177813258542,
              36.542118285055956
            ],
            [
              10.436177813258542,
              36.5416691274139
            ]
          ]
        ]
      },
      "id": "+23236+81356",
      "properties": {
        "count": 2,
        "zone": 1
      }
    },
    {
      "type": "Feature",
      "geometry": {
        "geodesic": false,
        "type": "Polygon",
        "coordinates": [
          [
            [
              10.437525286184721,
              36.66563663662239
            ],
            [
              10.43797444382678,
              36.66563663662239
            ],
            [
              10.43797444382678,
              36.66653495190651
            ],
            [
              10.437525286184721,
              36.66653495190651
            ],
            [
              10.437525286184721,
              36.66563663662239
            ]
          ]
        ]
      },
      "id": "+23238+81633",
      "properties": {
        "count": 2,
        "zone": 1
      }
    },
    {
      "type": "Feature",
      "geometry": {
        "geodesic": false,
        "type": "Polygon",
        "coordinates": [
          [
            [
              10.4388727591109,
              36.534482605140944
            ],
            [
              10.43932191675296,
              36.534482605140944
            ],
            [
              10.43932191675296,
              36.534931762783
            ],
            [
              10.4388727591109,
              36.534931762783
            ],
            [
              10.4388727591109,
              36.534482605140944
            ]
          ]
        ]
      },
      "id": "+23241+81340",
      "properties": {
        "count": 1,
        "zone": 1
      }
    },
    {
      "type": "Feature",
      "geometry": {
        "geodesic": false,
        "type": "Polygon",
        "coordinates": [
          [
            [
              10.44022023203708,
              36.712349031396606
            ],
            [
              10.440669389679138,
              36.712349031396606
            ],
            [
              10.440669389679138,
              36.712798189038665
            ],
            [
              10.44022023203708,
              36.712798189038665
            ],
            [
              10.44022023203708,
              36.712349031396606
            ]
          ]
        ]
      },
      "id": "+23244+81736",
      "properties": {
        "count": 1,
        "zone": 1
      }
    },
    {
      "type": "Feature",
      "geometry": {
        "geodesic": false,
        "type": "Polygon",
        "coordinates": [
          [
            [
              10.441567704963258,
              36.6912386222198
            ],
            [
              10.442016862605318,
              36.6912386222198
            ],
            [
              10.442016862605318,
              36.69168777986186
            ],
            [
              10.441567704963258,
              36.69168777986186
            ],
            [
              10.441567704963258,
              36.6912386222198
            ]
          ]
        ]
      },
      "id": "+23247+81689",
      "properties": {
        "count": 1,
        "zone": 1
      }
    },
    {
      "type": "Feature",
      "geometry": {
        "geodesic": false,
        "type": "Polygon",
        "coordinates": [
          [
            [
              10.443364335531498,
              36.697526829208634
            ],
            [
              10.443813493173558,
              36.697526829208634
            ],
            [
              10.443813493173558,
              36.69797598685069
            ],
            [
              10.443364335531498,
              36.69797598685069
            ],
            [
              10.443364335531498,
              36.697526829208634
            ]
          ]
        ]
      },
      "id": "+23251+81703",
      "properties": {
        "count": 1,
        "zone": 1
      }
    },
    {
      "type": "Feature",
      "geometry": {
        "geodesic": false,
        "type": "Polygon",
        "coordinates": [
          [
            [
              10.444711808457678,
              36.696628513924516
            ],
            [
              10.445160966099737,
              36.696628513924516
            ],
            [
              10.445160966099737,
              36.697077671566575
            ],
            [
              10.444711808457678,
              36.697077671566575
            ],
            [
              10.444711808457678,
              36.696628513924516
            ]
          ]
        ]
      },
      "id": "+23254+81701",
      "properties": {
        "count": 1,
        "zone": 1
      }
    },
    {
      "type": "Feature",
      "geometry": {
        "geodesic": false,
        "type": "Polygon",
        "coordinates": [
          [
            [
              10.445160966099737,
              36.69617935628246
            ],
            [
              10.445610123741796,
              36.69617935628246
            ],
            [
              10.445610123741796,
              36.696628513924516
            ],
            [
              10.445160966099737,
              36.696628513924516
            ],
            [
              10.445160966099737,
              36.69617935628246
            ]
          ]
        ]
      },
      "id": "+23255+81700",
      "properties": {
        "count": 1,
        "zone": 1
      }
    },
    {
      "type": "Feature",
      "geometry": {
        "geodesic": false,
        "type": "Polygon",
        "coordinates": [
          [
            [
              10.446508439025916,
              36.69483188335627
            ],
            [
              10.446957596667975,
              36.69483188335627
            ],
            [
              10.446957596667975,
              36.69528104099834
            ],
            [
              10.446508439025916,
              36.69528104099834
            ],
            [
              10.446508439025916,
              36.69483188335627
            ]
          ]
        ]
      },
      "id": "+23258+81697",
      "properties": {
        "count": 1,
        "zone": 1
      }
    },
    {
      "type": "Feature",
      "geometry": {
        "geodesic": false,
        "type": "Polygon",
        "coordinates": [
          [
            [
              10.447406754310036,
              36.6521619073606
            ],
            [
              10.447855911952095,
              36.6521619073606
            ],
            [
              10.447855911952095,
              36.65261106500266
            ],
            [
              10.447406754310036,
              36.65261106500266
            ],
            [
              10.447406754310036,
              36.6521619073606
            ]
          ]
        ]
      },
      "id": "+23260+81602",
      "properties": {
        "count": 1,
        "zone": 1
      }
    },
    {
      "type": "Feature",
      "geometry": {
        "geodesic": false,
        "type": "Polygon",
        "coordinates": [
          [
            [
              10.453245803656813,
              36.72492544537428
            ],
            [
              10.453694961298872,
              36.72492544537428
            ],
            [
              10.453694961298872,
              36.72537460301634
            ],
            [
              10.453245803656813,
              36.72537460301634
            ],
            [
              10.453245803656813,
              36.72492544537428
            ]
          ]
        ]
      },
      "id": "+23273+81764",
      "properties": {
        "count": 1,
        "zone": 1
      }
    },
    {
      "type": "Feature",
      "geometry": {
        "geodesic": false,
        "type": "Polygon",
        "coordinates": [
          [
            [
              10.455042434225051,
              36.55110143789715
            ],
            [
              10.45549159186711,
              36.55110143789715
            ],
            [
              10.45549159186711,
              36.55155059553921
            ],
            [
              10.455042434225051,
              36.55155059553921
            ],
            [
              10.455042434225051,
              36.55110143789715
            ]
          ]
        ]
      },
      "id": "+23277+81377",
      "properties": {
        "count": 1,
        "zone": 1
      }
    },
    {
      "type": "Feature",
      "geometry": {
        "geodesic": false,
        "type": "Polygon",
        "coordinates": [
          [
            [
              10.459983168287708,
              36.6566534837812
            ],
            [
              10.46043232592977,
              36.6566534837812
            ],
            [
              10.46043232592977,
              36.65710264142326
            ],
            [
              10.459983168287708,
              36.65710264142326
            ],
            [
              10.459983168287708,
              36.6566534837812
            ]
          ]
        ]
      },
      "id": "+23288+81612",
      "properties": {
        "count": 1,
        "zone": 1
      }
    },
    {
      "type": "Feature",
      "geometry": {
        "geodesic": false,
        "type": "Polygon",
        "coordinates": [
          [
            [
              10.46043232592977,
              36.64946696150824
            ],
            [
              10.46043232592977,
              36.64856864622412
            ],
            [
              10.460881483571828,
              36.64856864622412
            ],
            [
              10.460881483571828,
              36.64901780386618
            ],
            [
              10.461330641213888,
              36.64901780386618
            ],
            [
              10.461330641213888,
              36.64946696150824
            ],
            [
              10.46043232592977,
              36.64946696150824
            ]
          ]
        ]
      },
      "id": "+23290+81595",
      "properties": {
        "count": 3,
        "zone": 1
      }
    },
    {
      "type": "Feature",
      "geometry": {
        "geodesic": false,
        "type": "Polygon",
        "coordinates": [
          [
            [
              10.4757036857598,
              36.52909271343622
            ],
            [
              10.47615284340186,
              36.52909271343622
            ],
            [
              10.47615284340186,
              36.52954187107829
            ],
            [
              10.4757036857598,
              36.52954187107829
            ],
            [
              10.4757036857598,
              36.52909271343622
            ]
          ]
        ]
      },
      "id": "+23323+81328",
      "properties": {
        "count": 1,
        "zone": 1
      }
    },
    {
      "type": "Feature",
      "geometry": {
        "geodesic": false,
        "type": "Polygon",
        "coordinates": [
          [
            [
              10.474356212833621,
              36.72223049952192
            ],
            [
              10.47615284340186,
              36.72223049952192
            ],
            [
              10.47615284340186,
              36.72267965716398
            ],
            [
              10.474356212833621,
              36.72267965716398
            ],
            [
              10.474356212833621,
              36.72223049952192
            ]
          ]
        ]
      },
      "id": "+23323+81758",
      "properties": {
        "count": 4,
        "zone": 1
      }
    },
    {
      "type": "Feature",
      "geometry": {
        "geodesic": false,
        "type": "Polygon",
        "coordinates": [
          [
            [
              10.47615284340186,
              36.530440186362405
            ],
            [
              10.47615284340186,
              36.52954187107829
            ],
            [
              10.47750031632804,
              36.52954187107829
            ],
            [
              10.47750031632804,
              36.529991028720346
            ],
            [
              10.47660200104392,
              36.529991028720346
            ],
            [
              10.47660200104392,
              36.530440186362405
            ],
            [
              10.47615284340186,
              36.530440186362405
            ]
          ]
        ]
      },
      "id": "+23324+81330",
      "properties": {
        "count": 4,
        "zone": 1
      }
    },
    {
      "type": "Feature",
      "geometry": {
        "geodesic": false,
        "type": "Polygon",
        "coordinates": [
          [
            [
              10.47750031632804,
              36.72267965716398
            ],
            [
              10.4779494739701,
              36.72267965716398
            ],
            [
              10.4779494739701,
              36.72312881480604
            ],
            [
              10.47750031632804,
              36.72312881480604
            ],
            [
              10.47750031632804,
              36.72267965716398
            ]
          ]
        ]
      },
      "id": "+23327+81759",
      "properties": {
        "count": 1,
        "zone": 1
      }
    },
    {
      "type": "Feature",
      "geometry": {
        "geodesic": false,
        "type": "Polygon",
        "coordinates": [
          [
            [
              10.47884778925422,
              36.69213693750392
            ],
            [
              10.479746104538338,
              36.69213693750392
            ],
            [
              10.479746104538338,
              36.69258609514598
            ],
            [
              10.47884778925422,
              36.69258609514598
            ],
            [
              10.47884778925422,
              36.69213693750392
            ]
          ]
        ]
      },
      "id": "+23331+81691",
      "properties": {
        "count": 2,
        "zone": 1
      }
    },
    {
      "type": "Feature",
      "geometry": {
        "geodesic": false,
        "type": "Polygon",
        "coordinates": [
          [
            [
              10.479746104538338,
              36.72672207594252
            ],
            [
              10.479746104538338,
              36.72627291830046
            ],
            [
              10.480195262180398,
              36.72627291830046
            ],
            [
              10.480195262180398,
              36.72537460301634
            ],
            [
              10.481093577464518,
              36.72537460301634
            ],
            [
              10.481093577464518,
              36.7258237606584
            ],
            [
              10.481991892748637,
              36.7258237606584
            ],
            [
              10.481991892748637,
              36.72627291830046
            ],
            [
              10.481542735106578,
              36.72627291830046
            ],
            [
              10.481542735106578,
              36.72672207594252
            ],
            [
              10.479746104538338,
              36.72672207594252
            ]
          ]
        ]
      },
      "id": "+23335+81767",
      "properties": {
        "count": 10,
        "zone": 1
      }
    },
    {
      "type": "Feature",
      "geometry": {
        "geodesic": false,
        "type": "Polygon",
        "coordinates": [
          [
            [
              10.482441050390698,
              36.72627291830046
            ],
            [
              10.482441050390698,
              36.7258237606584
            ],
            [
              10.481991892748637,
              36.7258237606584
            ],
            [
              10.481991892748637,
              36.72537460301634
            ],
            [
              10.481093577464518,
              36.72537460301634
            ],
            [
              10.481093577464518,
              36.72447628773222
            ],
            [
              10.481991892748637,
              36.72447628773222
            ],
            [
              10.481991892748637,
              36.72402713009016
            ],
            [
              10.483339365674816,
              36.72402713009016
            ],
            [
              10.483339365674816,
              36.72447628773222
            ],
            [
              10.482890208032757,
              36.72447628773222
            ],
            [
              10.482890208032757,
              36.72492544537428
            ],
            [
              10.483339365674816,
              36.72492544537428
            ],
            [
              10.483339365674816,
              36.7258237606584
            ],
            [
              10.483788523316877,
              36.7258237606584
            ],
            [
              10.483788523316877,
              36.72627291830046
            ],
            [
              10.482441050390698,
              36.72627291830046
            ]
          ]
        ]
      },
      "id": "+23340+81766",
      "properties": {
        "count": 18,
        "zone": 1
      }
    },
    {
      "type": "Feature",
      "geometry": {
        "geodesic": false,
        "type": "Polygon",
        "coordinates": [
          [
            [
              10.484237680958936,
              36.71189987375455
            ],
            [
              10.485135996243056,
              36.71189987375455
            ],
            [
              10.485135996243056,
              36.712798189038665
            ],
            [
              10.484237680958936,
              36.712798189038665
            ],
            [
              10.484237680958936,
              36.71189987375455
            ]
          ]
        ]
      },
      "id": "+23343+81736",
      "properties": {
        "count": 4,
        "zone": 1
      }
    },
    {
      "type": "Feature",
      "geometry": {
        "geodesic": false,
        "type": "Polygon",
        "coordinates": [
          [
            [
              10.485135996243056,
              36.603652882018146
            ],
            [
              10.485585153885115,
              36.603652882018146
            ],
            [
              10.485585153885115,
              36.604102039660205
            ],
            [
              10.485135996243056,
              36.604102039660205
            ],
            [
              10.485135996243056,
              36.603652882018146
            ]
          ]
        ]
      },
      "id": "+23344+81494",
      "properties": {
        "count": 1,
        "zone": 1
      }
    },
    {
      "type": "Feature",
      "geometry": {
        "geodesic": false,
        "type": "Polygon",
        "coordinates": [
          [
            [
              10.487830942095414,
              36.5326859745727
            ],
            [
              10.488280099737473,
              36.5326859745727
            ],
            [
              10.488280099737473,
              36.53313513221476
            ],
            [
              10.487830942095414,
              36.53313513221476
            ],
            [
              10.487830942095414,
              36.5326859745727
            ]
          ]
        ]
      },
      "id": "+23350+81336",
      "properties": {
        "count": 1,
        "zone": 1
      }
    },
    {
      "type": "Feature",
      "geometry": {
        "geodesic": false,
        "type": "Polygon",
        "coordinates": [
          [
            [
              10.489178415021593,
              36.607695300796685
            ],
            [
              10.489627572663654,
              36.607695300796685
            ],
            [
              10.489627572663654,
              36.608144458438744
            ],
            [
              10.489178415021593,
              36.608144458438744
            ],
            [
              10.489178415021593,
              36.607695300796685
            ]
          ]
        ]
      },
      "id": "+23353+81503",
      "properties": {
        "count": 1,
        "zone": 1
      }
    },
    {
      "type": "Feature",
      "geometry": {
        "geodesic": false,
        "type": "Polygon",
        "coordinates": [
          [
            [
              10.489627572663654,
              36.504389043122934
            ],
            [
              10.490076730305713,
              36.504389043122934
            ],
            [
              10.490076730305713,
              36.50483820076499
            ],
            [
              10.489627572663654,
              36.50483820076499
            ],
            [
              10.489627572663654,
              36.504389043122934
            ]
          ]
        ]
      },
      "id": "+23354+81273",
      "properties": {
        "count": 1,
        "zone": 1
      }
    },
    {
      "type": "Feature",
      "geometry": {
        "geodesic": false,
        "type": "Polygon",
        "coordinates": [
          [
            [
              10.490076730305713,
              36.53403344749888
            ],
            [
              10.490076730305713,
              36.53313513221476
            ],
            [
              10.489627572663654,
              36.53313513221476
            ],
            [
              10.489627572663654,
              36.53223681693064
            ],
            [
              10.490076730305713,
              36.53223681693064
            ],
            [
              10.490076730305713,
              36.5326859745727
            ],
            [
              10.490525887947772,
              36.5326859745727
            ],
            [
              10.490525887947772,
              36.53403344749888
            ],
            [
              10.490076730305713,
              36.53403344749888
            ]
          ]
        ]
      },
      "id": "+23355+81338",
      "properties": {
        "count": 5,
        "zone": 1
      }
    },
    {
      "type": "Feature",
      "geometry": {
        "geodesic": false,
        "type": "Polygon",
        "coordinates": [
          [
            [
              10.490525887947772,
              36.44510023437105
            ],
            [
              10.490975045589833,
              36.44510023437105
            ],
            [
              10.490975045589833,
              36.445549392013106
            ],
            [
              10.490525887947772,
              36.445549392013106
            ],
            [
              10.490525887947772,
              36.44510023437105
            ]
          ]
        ]
      },
      "id": "+23356+81141",
      "properties": {
        "count": 1,
        "zone": 1
      }
    },
    {
      "type": "Feature",
      "geometry": {
        "geodesic": false,
        "type": "Polygon",
        "coordinates": [
          [
            [
              10.491873360873951,
              36.44465107672899
            ],
            [
              10.492322518516012,
              36.44465107672899
            ],
            [
              10.492322518516012,
              36.44510023437105
            ],
            [
              10.491873360873951,
              36.44510023437105
            ],
            [
              10.491873360873951,
              36.44465107672899
            ]
          ]
        ]
      },
      "id": "+23359+81140",
      "properties": {
        "count": 1,
        "zone": 1
      }
    },
    {
      "type": "Feature",
      "geometry": {
        "geodesic": false,
        "type": "Polygon",
        "coordinates": [
          [
            [
              10.492771676158071,
              36.44420191908693
            ],
            [
              10.49322083380013,
              36.44420191908693
            ],
            [
              10.49322083380013,
              36.44465107672899
            ],
            [
              10.492771676158071,
              36.44465107672899
            ],
            [
              10.492771676158071,
              36.44420191908693
            ]
          ]
        ]
      },
      "id": "+23361+81139",
      "properties": {
        "count": 1,
        "zone": 1
      }
    },
    {
      "type": "Feature",
      "geometry": {
        "geodesic": false,
        "type": "Polygon",
        "coordinates": [
          [
            [
              10.492771676158071,
              36.66473832133827
            ],
            [
              10.49322083380013,
              36.66473832133827
            ],
            [
              10.49322083380013,
              36.66518747898033
            ],
            [
              10.492771676158071,
              36.66518747898033
            ],
            [
              10.492771676158071,
              36.66473832133827
            ]
          ]
        ]
      },
      "id": "+23361+81630",
      "properties": {
        "count": 1,
        "zone": 1
      }
    },
    {
      "type": "Feature",
      "geometry": {
        "geodesic": false,
        "type": "Polygon",
        "coordinates": [
          [
            [
              10.49322083380013,
              36.534931762783
            ],
            [
              10.493669991442191,
              36.534931762783
            ],
            [
              10.493669991442191,
              36.53538092042506
            ],
            [
              10.49322083380013,
              36.53538092042506
            ],
            [
              10.49322083380013,
              36.534931762783
            ]
          ]
        ]
      },
      "id": "+23362+81341",
      "properties": {
        "count": 1,
        "zone": 1
      }
    },
    {
      "type": "Feature",
      "geometry": {
        "geodesic": false,
        "type": "Polygon",
        "coordinates": [
          [
            [
              10.496814094936608,
              36.64183128159323
            ],
            [
              10.49726325257867,
              36.64183128159323
            ],
            [
              10.49726325257867,
              36.642280439235286
            ],
            [
              10.496814094936608,
              36.642280439235286
            ],
            [
              10.496814094936608,
              36.64183128159323
            ]
          ]
        ]
      },
      "id": "+23370+81579",
      "properties": {
        "count": 1,
        "zone": 1
      }
    },
    {
      "type": "Feature",
      "geometry": {
        "geodesic": false,
        "type": "Polygon",
        "coordinates": [
          [
            [
              10.49726325257867,
              36.6957301986404
            ],
            [
              10.497712410220728,
              36.6957301986404
            ],
            [
              10.497712410220728,
              36.69617935628246
            ],
            [
              10.49726325257867,
              36.69617935628246
            ],
            [
              10.49726325257867,
              36.6957301986404
            ]
          ]
        ]
      },
      "id": "+23371+81699",
      "properties": {
        "count": 1,
        "zone": 1
      }
    },
    {
      "type": "Feature",
      "geometry": {
        "geodesic": false,
        "type": "Polygon",
        "coordinates": [
          [
            [
              10.49816156786279,
              36.64901780386618
            ],
            [
              10.498610725504848,
              36.64901780386618
            ],
            [
              10.498610725504848,
              36.64946696150824
            ],
            [
              10.49816156786279,
              36.64946696150824
            ],
            [
              10.49816156786279,
              36.64901780386618
            ]
          ]
        ]
      },
      "id": "+23373+81595",
      "properties": {
        "count": 1,
        "zone": 1
      }
    },
    {
      "type": "Feature",
      "geometry": {
        "geodesic": false,
        "type": "Polygon",
        "coordinates": [
          [
            [
              10.499958198431028,
              36.69078946457774
            ],
            [
              10.500407356073087,
              36.69078946457774
            ],
            [
              10.500407356073087,
              36.6912386222198
            ],
            [
              10.499958198431028,
              36.6912386222198
            ],
            [
              10.499958198431028,
              36.69078946457774
            ]
          ]
        ]
      },
      "id": "+23377+81688",
      "properties": {
        "count": 1,
        "zone": 1
      }
    },
    {
      "type": "Feature",
      "geometry": {
        "geodesic": false,
        "type": "Polygon",
        "coordinates": [
          [
            [
              10.500407356073087,
              36.7348069134996
            ],
            [
              10.500856513715147,
              36.7348069134996
            ],
            [
              10.500856513715147,
              36.735256071141656
            ],
            [
              10.500407356073087,
              36.735256071141656
            ],
            [
              10.500407356073087,
              36.7348069134996
            ]
          ]
        ]
      },
      "id": "+23378+81786",
      "properties": {
        "count": 1,
        "zone": 1
      }
    },
    {
      "type": "Feature",
      "geometry": {
        "geodesic": false,
        "type": "Polygon",
        "coordinates": [
          [
            [
              10.501305671357207,
              36.69258609514598
            ],
            [
              10.501754828999266,
              36.69258609514598
            ],
            [
              10.501754828999266,
              36.693035252788036
            ],
            [
              10.501305671357207,
              36.693035252788036
            ],
            [
              10.501305671357207,
              36.69258609514598
            ]
          ]
        ]
      },
      "id": "+23380+81692",
      "properties": {
        "count": 1,
        "zone": 1
      }
    },
    {
      "type": "Feature",
      "geometry": {
        "geodesic": false,
        "type": "Polygon",
        "coordinates": [
          [
            [
              10.503102301925447,
              36.696628513924516
            ],
            [
              10.503551459567506,
              36.696628513924516
            ],
            [
              10.503551459567506,
              36.697077671566575
            ],
            [
              10.503102301925447,
              36.697077671566575
            ],
            [
              10.503102301925447,
              36.696628513924516
            ]
          ]
        ]
      },
      "id": "+23384+81701",
      "properties": {
        "count": 1,
        "zone": 1
      }
    },
    {
      "type": "Feature",
      "geometry": {
        "geodesic": false,
        "type": "Polygon",
        "coordinates": [
          [
            [
              10.502653144283386,
              36.73076449472106
            ],
            [
              10.504000617209565,
              36.73076449472106
            ],
            [
              10.504000617209565,
              36.73121365236312
            ],
            [
              10.502653144283386,
              36.73121365236312
            ],
            [
              10.502653144283386,
              36.73076449472106
            ]
          ]
        ]
      },
      "id": "+23385+81777",
      "properties": {
        "count": 3,
        "zone": 1
      }
    },
    {
      "type": "Feature",
      "geometry": {
        "geodesic": false,
        "type": "Polygon",
        "coordinates": [
          [
            [
              10.504000617209565,
              36.59062731039841
            ],
            [
              10.504449774851626,
              36.59062731039841
            ],
            [
              10.504449774851626,
              36.59107646804047
            ],
            [
              10.504000617209565,
              36.59107646804047
            ],
            [
              10.504000617209565,
              36.59062731039841
            ]
          ]
        ]
      },
      "id": "+23386+81465",
      "properties": {
        "count": 1,
        "zone": 1
      }
    },
    {
      "type": "Feature",
      "geometry": {
        "geodesic": false,
        "type": "Polygon",
        "coordinates": [
          [
            [
              10.504000617209565,
              36.59332225625077
            ],
            [
              10.504449774851626,
              36.59332225625077
            ],
            [
              10.504449774851626,
              36.59422057153489
            ],
            [
              10.504000617209565,
              36.59422057153489
            ],
            [
              10.504000617209565,
              36.59332225625077
            ]
          ]
        ]
      },
      "id": "+23386+81472",
      "properties": {
        "count": 2,
        "zone": 1
      }
    },
    {
      "type": "Feature",
      "geometry": {
        "geodesic": false,
        "type": "Polygon",
        "coordinates": [
          [
            [
              10.506246405419864,
              36.59332225625077
            ],
            [
              10.506695563061925,
              36.59332225625077
            ],
            [
              10.506695563061925,
              36.59422057153489
            ],
            [
              10.506246405419864,
              36.59422057153489
            ],
            [
              10.506246405419864,
              36.59332225625077
            ]
          ]
        ]
      },
      "id": "+23391+81472",
      "properties": {
        "count": 2,
        "zone": 1
      }
    },
    {
      "type": "Feature",
      "geometry": {
        "geodesic": false,
        "type": "Polygon",
        "coordinates": [
          [
            [
              10.507144720703984,
              36.58613573397781
            ],
            [
              10.507593878346043,
              36.58613573397781
            ],
            [
              10.507593878346043,
              36.58658489161987
            ],
            [
              10.507144720703984,
              36.58658489161987
            ],
            [
              10.507144720703984,
              36.58613573397781
            ]
          ]
        ]
      },
      "id": "+23393+81455",
      "properties": {
        "count": 1,
        "zone": 1
      }
    },
    {
      "type": "Feature",
      "geometry": {
        "geodesic": false,
        "type": "Polygon",
        "coordinates": [
          [
            [
              10.507593878346043,
              36.69168777986186
            ],
            [
              10.508492193630163,
              36.69168777986186
            ],
            [
              10.508492193630163,
              36.69213693750392
            ],
            [
              10.507593878346043,
              36.69213693750392
            ],
            [
              10.507593878346043,
              36.69168777986186
            ]
          ]
        ]
      },
      "id": "+23395+81690",
      "properties": {
        "count": 2,
        "zone": 1
      }
    },
    {
      "type": "Feature",
      "geometry": {
        "geodesic": false,
        "type": "Polygon",
        "coordinates": [
          [
            [
              10.508941351272222,
              36.58209331519927
            ],
            [
              10.509390508914283,
              36.58209331519927
            ],
            [
              10.509390508914283,
              36.58254247284133
            ],
            [
              10.508941351272222,
              36.58254247284133
            ],
            [
              10.508941351272222,
              36.58209331519927
            ]
          ]
        ]
      },
      "id": "+23397+81446",
      "properties": {
        "count": 1,
        "zone": 1
      }
    },
    {
      "type": "Feature",
      "geometry": {
        "geodesic": false,
        "type": "Polygon",
        "coordinates": [
          [
            [
              10.509390508914283,
              36.69213693750392
            ],
            [
              10.509839666556342,
              36.69213693750392
            ],
            [
              10.509839666556342,
              36.69258609514598
            ],
            [
              10.509390508914283,
              36.69258609514598
            ],
            [
              10.509390508914283,
              36.69213693750392
            ]
          ]
        ]
      },
      "id": "+23398+81691",
      "properties": {
        "count": 1,
        "zone": 1
      }
    },
    {
      "type": "Feature",
      "geometry": {
        "geodesic": false,
        "type": "Polygon",
        "coordinates": [
          [
            [
              10.509839666556342,
              36.68854367636744
            ],
            [
              10.510288824198401,
              36.68854367636744
            ],
            [
              10.510288824198401,
              36.6889928340095
            ],
            [
              10.509839666556342,
              36.6889928340095
            ],
            [
              10.509839666556342,
              36.68854367636744
            ]
          ]
        ]
      },
      "id": "+23399+81683",
      "properties": {
        "count": 1,
        "zone": 1
      }
    },
    {
      "type": "Feature",
      "geometry": {
        "geodesic": false,
        "type": "Polygon",
        "coordinates": [
          [
            [
              10.511187139482521,
              36.66563663662239
            ],
            [
              10.512085454766641,
              36.66563663662239
            ],
            [
              10.512085454766641,
              36.666085794264454
            ],
            [
              10.511187139482521,
              36.666085794264454
            ],
            [
              10.511187139482521,
              36.66563663662239
            ]
          ]
        ]
      },
      "id": "+23403+81632",
      "properties": {
        "count": 2,
        "zone": 1
      }
    },
    {
      "type": "Feature",
      "geometry": {
        "geodesic": false,
        "type": "Polygon",
        "coordinates": [
          [
            [
              10.512085454766641,
              36.622966660626716
            ],
            [
              10.5125346124087,
              36.622966660626716
            ],
            [
              10.5125346124087,
              36.623864975910834
            ],
            [
              10.512085454766641,
              36.623864975910834
            ],
            [
              10.512085454766641,
              36.622966660626716
            ]
          ]
        ]
      },
      "id": "+23404+81538",
      "properties": {
        "count": 2,
        "zone": 1
      }
    },
    {
      "type": "Feature",
      "geometry": {
        "geodesic": false,
        "type": "Polygon",
        "coordinates": [
          [
            [
              10.5125346124087,
              36.66698410954857
            ],
            [
              10.512983770050761,
              36.66698410954857
            ],
            [
              10.512983770050761,
              36.66743326719063
            ],
            [
              10.5125346124087,
              36.66743326719063
            ],
            [
              10.5125346124087,
              36.66698410954857
            ]
          ]
        ]
      },
      "id": "+23405+81635",
      "properties": {
        "count": 1,
        "zone": 1
      }
    },
    {
      "type": "Feature",
      "geometry": {
        "geodesic": false,
        "type": "Polygon",
        "coordinates": [
          [
            [
              10.51567871590312,
              36.66339084841209
            ],
            [
              10.516127873545178,
              36.66339084841209
            ],
            [
              10.516127873545178,
              36.66384000605415
            ],
            [
              10.51567871590312,
              36.66384000605415
            ],
            [
              10.51567871590312,
              36.66339084841209
            ]
          ]
        ]
      },
      "id": "+23412+81627",
      "properties": {
        "count": 1,
        "zone": 1
      }
    },
    {
      "type": "Feature",
      "geometry": {
        "geodesic": false,
        "type": "Polygon",
        "coordinates": [
          [
            [
              10.519271977039597,
              36.54436407326626
            ],
            [
              10.519721134681657,
              36.54436407326626
            ],
            [
              10.519721134681657,
              36.54481323090832
            ],
            [
              10.519271977039597,
              36.54481323090832
            ],
            [
              10.519271977039597,
              36.54436407326626
            ]
          ]
        ]
      },
      "id": "+23420+81362",
      "properties": {
        "count": 1,
        "zone": 1
      }
    },
    {
      "type": "Feature",
      "geometry": {
        "geodesic": false,
        "type": "Polygon",
        "coordinates": [
          [
            [
              10.519271977039597,
              36.6957301986404
            ],
            [
              10.519721134681657,
              36.6957301986404
            ],
            [
              10.519721134681657,
              36.69617935628246
            ],
            [
              10.519271977039597,
              36.69617935628246
            ],
            [
              10.519271977039597,
              36.6957301986404
            ]
          ]
        ]
      },
      "id": "+23420+81699",
      "properties": {
        "count": 1,
        "zone": 1
      }
    },
    {
      "type": "Feature",
      "geometry": {
        "geodesic": false,
        "type": "Polygon",
        "coordinates": [
          [
            [
              10.519721134681657,
              36.357065336527334
            ],
            [
              10.520170292323717,
              36.357065336527334
            ],
            [
              10.520170292323717,
              36.35751449416939
            ],
            [
              10.519721134681657,
              36.35751449416939
            ],
            [
              10.519721134681657,
              36.357065336527334
            ]
          ]
        ]
      },
      "id": "+23421+80945",
      "properties": {
        "count": 1,
        "zone": 1
      }
    },
    {
      "type": "Feature",
      "geometry": {
        "geodesic": false,
        "type": "Polygon",
        "coordinates": [
          [
            [
              10.519721134681657,
              36.47025306232639
            ],
            [
              10.520170292323717,
              36.47025306232639
            ],
            [
              10.520170292323717,
              36.47070221996845
            ],
            [
              10.519721134681657,
              36.47070221996845
            ],
            [
              10.519721134681657,
              36.47025306232639
            ]
          ]
        ]
      },
      "id": "+23421+81197",
      "properties": {
        "count": 1,
        "zone": 1
      }
    },
    {
      "type": "Feature",
      "geometry": {
        "geodesic": false,
        "type": "Polygon",
        "coordinates": [
          [
            [
              10.520619449965777,
              36.74019680520431
            ],
            [
              10.521068607607836,
              36.74019680520431
            ],
            [
              10.521068607607836,
              36.74064596284637
            ],
            [
              10.520619449965777,
              36.74064596284637
            ],
            [
              10.520619449965777,
              36.74019680520431
            ]
          ]
        ]
      },
      "id": "+23423+81798",
      "properties": {
        "count": 1,
        "zone": 1
      }
    },
    {
      "type": "Feature",
      "geometry": {
        "geodesic": false,
        "type": "Polygon",
        "coordinates": [
          [
            [
              10.522416080534015,
              36.588830679830174
            ],
            [
              10.522865238176076,
              36.588830679830174
            ],
            [
              10.522865238176076,
              36.58927983747223
            ],
            [
              10.522416080534015,
              36.58927983747223
            ],
            [
              10.522416080534015,
              36.588830679830174
            ]
          ]
        ]
      },
      "id": "+23427+81461",
      "properties": {
        "count": 1,
        "zone": 1
      }
    },
    {
      "type": "Feature",
      "geometry": {
        "geodesic": false,
        "type": "Polygon",
        "coordinates": [
          [
            [
              10.523763553460196,
              36.670128213042986
            ],
            [
              10.524212711102255,
              36.670128213042986
            ],
            [
              10.524212711102255,
              36.670577370685045
            ],
            [
              10.523763553460196,
              36.670577370685045
            ],
            [
              10.523763553460196,
              36.670128213042986
            ]
          ]
        ]
      },
      "id": "+23430+81642",
      "properties": {
        "count": 1,
        "zone": 1
      }
    },
    {
      "type": "Feature",
      "geometry": {
        "geodesic": false,
        "type": "Polygon",
        "coordinates": [
          [
            [
              10.524212711102255,
              36.66967905540093
            ],
            [
              10.524661868744314,
              36.66967905540093
            ],
            [
              10.524661868744314,
              36.670128213042986
            ],
            [
              10.524212711102255,
              36.670128213042986
            ],
            [
              10.524212711102255,
              36.66967905540093
            ]
          ]
        ]
      },
      "id": "+23431+81641",
      "properties": {
        "count": 1,
        "zone": 1
      }
    },
    {
      "type": "Feature",
      "geometry": {
        "geodesic": false,
        "type": "Polygon",
        "coordinates": [
          [
            [
              10.528255129880792,
              36.61398350778552
            ],
            [
              10.528704287522853,
              36.61398350778552
            ],
            [
              10.528704287522853,
              36.61443266542758
            ],
            [
              10.528255129880792,
              36.61443266542758
            ],
            [
              10.528255129880792,
              36.61398350778552
            ]
          ]
        ]
      },
      "id": "+23440+81517",
      "properties": {
        "count": 1,
        "zone": 1
      }
    },
    {
      "type": "Feature",
      "geometry": {
        "geodesic": false,
        "type": "Polygon",
        "coordinates": [
          [
            [
              10.528255129880792,
              36.35167544482262
            ],
            [
              10.529153445164912,
              36.35167544482262
            ],
            [
              10.529153445164912,
              36.352573760106736
            ],
            [
              10.528255129880792,
              36.352573760106736
            ],
            [
              10.528255129880792,
              36.35167544482262
            ]
          ]
        ]
      },
      "id": "+23441+80934",
      "properties": {
        "count": 4,
        "zone": 1
      }
    },
    {
      "type": "Feature",
      "geometry": {
        "geodesic": false,
        "type": "Polygon",
        "coordinates": [
          [
            [
              10.529153445164912,
              36.352573760106736
            ],
            [
              10.529602602806971,
              36.352573760106736
            ],
            [
              10.529602602806971,
              36.353022917748795
            ],
            [
              10.529153445164912,
              36.353022917748795
            ],
            [
              10.529153445164912,
              36.352573760106736
            ]
          ]
        ]
      },
      "id": "+23442+80935",
      "properties": {
        "count": 1,
        "zone": 1
      }
    },
    {
      "type": "Feature",
      "geometry": {
        "geodesic": false,
        "type": "Polygon",
        "coordinates": [
          [
            [
              10.530500918091091,
              36.35437039067498
            ],
            [
              10.53095007573315,
              36.35437039067498
            ],
            [
              10.53095007573315,
              36.35481954831704
            ],
            [
              10.530500918091091,
              36.35481954831704
            ],
            [
              10.530500918091091,
              36.35437039067498
            ]
          ]
        ]
      },
      "id": "+23445+80939",
      "properties": {
        "count": 1,
        "zone": 1
      }
    },
    {
      "type": "Feature",
      "geometry": {
        "geodesic": false,
        "type": "Polygon",
        "coordinates": [
          [
            [
              10.53319586394345,
              36.476092111673175
            ],
            [
              10.53364502158551,
              36.476092111673175
            ],
            [
              10.53364502158551,
              36.476541269315234
            ],
            [
              10.53319586394345,
              36.476541269315234
            ],
            [
              10.53319586394345,
              36.476092111673175
            ]
          ]
        ]
      },
      "id": "+23451+81210",
      "properties": {
        "count": 1,
        "zone": 1
      }
    },
    {
      "type": "Feature",
      "geometry": {
        "geodesic": false,
        "type": "Polygon",
        "coordinates": [
          [
            [
              10.53364502158551,
              36.476092111673175
            ],
            [
              10.53364502158551,
              36.47564295403111
            ],
            [
              10.53319586394345,
              36.47564295403111
            ],
            [
              10.53319586394345,
              36.476092111673175
            ],
            [
              10.53274670630139,
              36.476092111673175
            ],
            [
              10.53274670630139,
              36.47519379638905
            ],
            [
              10.534543336869628,
              36.47519379638905
            ],
            [
              10.534543336869628,
              36.476092111673175
            ],
            [
              10.53364502158551,
              36.476092111673175
            ]
          ]
        ]
      },
      "id": "+23453+81209",
      "properties": {
        "count": 7,
        "zone": 1
      }
    },
    {
      "type": "Feature",
      "geometry": {
        "geodesic": false,
        "type": "Polygon",
        "coordinates": [
          [
            [
              10.535890809795807,
              36.36200607058999
            ],
            [
              10.536339967437868,
              36.36200607058999
            ],
            [
              10.536339967437868,
              36.36245522823205
            ],
            [
              10.535890809795807,
              36.36245522823205
            ],
            [
              10.535890809795807,
              36.36200607058999
            ]
          ]
        ]
      },
      "id": "+23457+80956",
      "properties": {
        "count": 1,
        "zone": 1
      }
    },
    {
      "type": "Feature",
      "geometry": {
        "geodesic": false,
        "type": "Polygon",
        "coordinates": [
          [
            [
              10.53499249451169,
              36.5003466243444
            ],
            [
              10.53499249451169,
              36.49944830906028
            ],
            [
              10.535890809795807,
              36.49944830906028
            ],
            [
              10.535890809795807,
              36.499897466702336
            ],
            [
              10.536339967437868,
              36.499897466702336
            ],
            [
              10.536339967437868,
              36.5003466243444
            ],
            [
              10.53499249451169,
              36.5003466243444
            ]
          ]
        ]
      },
      "id": "+23457+81263",
      "properties": {
        "count": 5,
        "zone": 1
      }
    },
    {
      "type": "Feature",
      "geometry": {
        "geodesic": false,
        "type": "Polygon",
        "coordinates": [
          [
            [
              10.536789125079927,
              36.36290438587411
            ],
            [
              10.537238282721988,
              36.36290438587411
            ],
            [
              10.537238282721988,
              36.36335354351617
            ],
            [
              10.536789125079927,
              36.36335354351617
            ],
            [
              10.536789125079927,
              36.36290438587411
            ]
          ]
        ]
      },
      "id": "+23459+80958",
      "properties": {
        "count": 1,
        "zone": 1
      }
    },
    {
      "type": "Feature",
      "geometry": {
        "geodesic": false,
        "type": "Polygon",
        "coordinates": [
          [
            [
              10.537238282721988,
              36.36470101644235
            ],
            [
              10.537687440364047,
              36.36470101644235
            ],
            [
              10.537687440364047,
              36.36515017408441
            ],
            [
              10.537238282721988,
              36.36515017408441
            ],
            [
              10.537238282721988,
              36.36470101644235
            ]
          ]
        ]
      },
      "id": "+23460+80962",
      "properties": {
        "count": 1,
        "zone": 1
      }
    },
    {
      "type": "Feature",
      "geometry": {
        "geodesic": false,
        "type": "Polygon",
        "coordinates": [
          [
            [
              10.539034913290227,
              36.36604848936853
            ],
            [
              10.539484070932286,
              36.36604848936853
            ],
            [
              10.539484070932286,
              36.36649764701059
            ],
            [
              10.539034913290227,
              36.36649764701059
            ],
            [
              10.539034913290227,
              36.36604848936853
            ]
          ]
        ]
      },
      "id": "+23464+80965",
      "properties": {
        "count": 1,
        "zone": 1
      }
    },
    {
      "type": "Feature",
      "geometry": {
        "geodesic": false,
        "type": "Polygon",
        "coordinates": [
          [
            [
              10.538136598006107,
              36.511126407753835
            ],
            [
              10.538136598006107,
              36.510677250111776
            ],
            [
              10.537238282721988,
              36.510677250111776
            ],
            [
              10.537238282721988,
              36.50977893482765
            ],
            [
              10.537687440364047,
              36.50977893482765
            ],
            [
              10.537687440364047,
              36.51022809246972
            ],
            [
              10.539034913290227,
              36.51022809246972
            ],
            [
              10.539034913290227,
              36.510677250111776
            ],
            [
              10.539484070932286,
              36.510677250111776
            ],
            [
              10.539484070932286,
              36.511126407753835
            ],
            [
              10.538136598006107,
              36.511126407753835
            ]
          ]
        ]
      },
      "id": "+23464+81287",
      "properties": {
        "count": 8,
        "zone": 1
      }
    },
    {
      "type": "Feature",
      "geometry": {
        "geodesic": false,
        "type": "Polygon",
        "coordinates": [
          [
            [
              10.539484070932286,
              36.62072087241641
            ],
            [
              10.539933228574347,
              36.62072087241641
            ],
            [
              10.539933228574347,
              36.62117003005847
            ],
            [
              10.539484070932286,
              36.62117003005847
            ],
            [
              10.539484070932286,
              36.62072087241641
            ]
          ]
        ]
      },
      "id": "+23465+81532",
      "properties": {
        "count": 1,
        "zone": 1
      }
    },
    {
      "type": "Feature",
      "geometry": {
        "geodesic": false,
        "type": "Polygon",
        "coordinates": [
          [
            [
              10.541729859142585,
              36.37727743042002
            ],
            [
              10.542179016784646,
              36.37727743042002
            ],
            [
              10.542179016784646,
              36.37772658806208
            ],
            [
              10.541729859142585,
              36.37772658806208
            ],
            [
              10.541729859142585,
              36.37727743042002
            ]
          ]
        ]
      },
      "id": "+23470+80990",
      "properties": {
        "count": 1,
        "zone": 1
      }
    },
    {
      "type": "Feature",
      "geometry": {
        "geodesic": false,
        "type": "Polygon",
        "coordinates": [
          [
            [
              10.545323120279063,
              36.56996605886366
            ],
            [
              10.545772277921124,
              36.56996605886366
            ],
            [
              10.545772277921124,
              36.57041521650572
            ],
            [
              10.545323120279063,
              36.57041521650572
            ],
            [
              10.545323120279063,
              36.56996605886366
            ]
          ]
        ]
      },
      "id": "+23478+81419",
      "properties": {
        "count": 1,
        "zone": 1
      }
    },
    {
      "type": "Feature",
      "geometry": {
        "geodesic": false,
        "type": "Polygon",
        "coordinates": [
          [
            [
              10.552958800194078,
              36.52954187107829
            ],
            [
              10.55340795783614,
              36.52954187107829
            ],
            [
              10.55340795783614,
              36.529991028720346
            ],
            [
              10.552958800194078,
              36.529991028720346
            ],
            [
              10.552958800194078,
              36.52954187107829
            ]
          ]
        ]
      },
      "id": "+23495+81329",
      "properties": {
        "count": 1,
        "zone": 1
      }
    },
    {
      "type": "Feature",
      "geometry": {
        "geodesic": false,
        "type": "Polygon",
        "coordinates": [
          [
            [
              10.55430627312026,
              36.3831164797668
            ],
            [
              10.554755430762318,
              36.3831164797668
            ],
            [
              10.554755430762318,
              36.383565637408864
            ],
            [
              10.55430627312026,
              36.383565637408864
            ],
            [
              10.55430627312026,
              36.3831164797668
            ]
          ]
        ]
      },
      "id": "+23498+81003",
      "properties": {
        "count": 1,
        "zone": 1
      }
    },
    {
      "type": "Feature",
      "geometry": {
        "geodesic": false,
        "type": "Polygon",
        "coordinates": [
          [
            [
              10.554755430762318,
              36.40602351951185
            ],
            [
              10.555204588404377,
              36.40602351951185
            ],
            [
              10.555204588404377,
              36.40647267715391
            ],
            [
              10.554755430762318,
              36.40647267715391
            ],
            [
              10.554755430762318,
              36.40602351951185
            ]
          ]
        ]
      },
      "id": "+23499+81054",
      "properties": {
        "count": 1,
        "zone": 1
      }
    },
    {
      "type": "Feature",
      "geometry": {
        "geodesic": false,
        "type": "Polygon",
        "coordinates": [
          [
            [
              10.556552061330557,
              36.786909199978524
            ],
            [
              10.557001218972617,
              36.786909199978524
            ],
            [
              10.557001218972617,
              36.78735835762058
            ],
            [
              10.556552061330557,
              36.78735835762058
            ],
            [
              10.556552061330557,
              36.786909199978524
            ]
          ]
        ]
      },
      "id": "+23503+81902",
      "properties": {
        "count": 1,
        "zone": 1
      }
    },
    {
      "type": "Feature",
      "geometry": {
        "geodesic": false,
        "type": "Polygon",
        "coordinates": [
          [
            [
              10.557450376614677,
              36.41725246056334
            ],
            [
              10.557899534256737,
              36.41725246056334
            ],
            [
              10.557899534256737,
              36.417701618205406
            ],
            [
              10.557450376614677,
              36.417701618205406
            ],
            [
              10.557450376614677,
              36.41725246056334
            ]
          ]
        ]
      },
      "id": "+23505+81079",
      "properties": {
        "count": 1,
        "zone": 1
      }
    },
    {
      "type": "Feature",
      "geometry": {
        "geodesic": false,
        "type": "Polygon",
        "coordinates": [
          [
            [
              10.558348691898797,
              36.398387839596836
            ],
            [
              10.558797849540856,
              36.398387839596836
            ],
            [
              10.558797849540856,
              36.398836997238895
            ],
            [
              10.558348691898797,
              36.398836997238895
            ],
            [
              10.558348691898797,
              36.398387839596836
            ]
          ]
        ]
      },
      "id": "+23507+81037",
      "properties": {
        "count": 1,
        "zone": 1
      }
    },
    {
      "type": "Feature",
      "geometry": {
        "geodesic": false,
        "type": "Polygon",
        "coordinates": [
          [
            [
              10.557899534256737,
              36.72762039122664
            ],
            [
              10.557899534256737,
              36.72672207594252
            ],
            [
              10.558348691898797,
              36.72672207594252
            ],
            [
              10.558348691898797,
              36.72717123358458
            ],
            [
              10.559247007182917,
              36.72717123358458
            ],
            [
              10.559247007182917,
              36.72762039122664
            ],
            [
              10.557899534256737,
              36.72762039122664
            ]
          ]
        ]
      },
      "id": "+23508+81769",
      "properties": {
        "count": 4,
        "zone": 1
      }
    },
    {
      "type": "Feature",
      "geometry": {
        "geodesic": false,
        "type": "Polygon",
        "coordinates": [
          [
            [
              10.559247007182917,
              36.523253664089445
            ],
            [
              10.559696164824976,
              36.523253664089445
            ],
            [
              10.559696164824976,
              36.523702821731504
            ],
            [
              10.559247007182917,
              36.523702821731504
            ],
            [
              10.559247007182917,
              36.523253664089445
            ]
          ]
        ]
      },
      "id": "+23509+81315",
      "properties": {
        "count": 1,
        "zone": 1
      }
    },
    {
      "type": "Feature",
      "geometry": {
        "geodesic": false,
        "type": "Polygon",
        "coordinates": [
          [
            [
              10.560594480109096,
              36.52055871823709
            ],
            [
              10.561043637751155,
              36.52055871823709
            ],
            [
              10.561043637751155,
              36.52100787587915
            ],
            [
              10.560594480109096,
              36.52100787587915
            ],
            [
              10.560594480109096,
              36.52055871823709
            ]
          ]
        ]
      },
      "id": "+23512+81309",
      "properties": {
        "count": 1,
        "zone": 1
      }
    },
    {
      "type": "Feature",
      "geometry": {
        "geodesic": false,
        "type": "Polygon",
        "coordinates": [
          [
            [
              10.563289425961454,
              36.523253664089445
            ],
            [
              10.564187741245574,
              36.523253664089445
            ],
            [
              10.564187741245574,
              36.523702821731504
            ],
            [
              10.563289425961454,
              36.523702821731504
            ],
            [
              10.563289425961454,
              36.523253664089445
            ]
          ]
        ]
      },
      "id": "+23519+81315",
      "properties": {
        "count": 2,
        "zone": 1
      }
    },
    {
      "type": "Feature",
      "geometry": {
        "geodesic": false,
        "type": "Polygon",
        "coordinates": [
          [
            [
              10.565535214171753,
              36.39299794789212
            ],
            [
              10.565984371813812,
              36.39299794789212
            ],
            [
              10.565984371813812,
              36.39344710553418
            ],
            [
              10.565535214171753,
              36.39344710553418
            ],
            [
              10.565535214171753,
              36.39299794789212
            ]
          ]
        ]
      },
      "id": "+23523+81025",
      "properties": {
        "count": 1,
        "zone": 1
      }
    },
    {
      "type": "Feature",
      "geometry": {
        "geodesic": false,
        "type": "Polygon",
        "coordinates": [
          [
            [
              10.56867931766617,
              36.821494338417125
            ],
            [
              10.569128475308231,
              36.821494338417125
            ],
            [
              10.569128475308231,
              36.82194349605919
            ],
            [
              10.56867931766617,
              36.82194349605919
            ],
            [
              10.56867931766617,
              36.821494338417125
            ]
          ]
        ]
      },
      "id": "+23530+81979",
      "properties": {
        "count": 1,
        "zone": 1
      }
    },
    {
      "type": "Feature",
      "geometry": {
        "geodesic": false,
        "type": "Polygon",
        "coordinates": [
          [
            [
              10.57002679059235,
              36.48327863394613
            ],
            [
              10.57047594823441,
              36.48327863394613
            ],
            [
              10.57047594823441,
              36.48372779158819
            ],
            [
              10.57002679059235,
              36.48372779158819
            ],
            [
              10.57002679059235,
              36.48327863394613
            ]
          ]
        ]
      },
      "id": "+23533+81226",
      "properties": {
        "count": 1,
        "zone": 1
      }
    },
    {
      "type": "Feature",
      "geometry": {
        "geodesic": false,
        "type": "Polygon",
        "coordinates": [
          [
            [
              10.57272173644471,
              36.465312328263735
            ],
            [
              10.573170894086768,
              36.465312328263735
            ],
            [
              10.573170894086768,
              36.465761485905794
            ],
            [
              10.57272173644471,
              36.465761485905794
            ],
            [
              10.57272173644471,
              36.465312328263735
            ]
          ]
        ]
      },
      "id": "+23539+81186",
      "properties": {
        "count": 1,
        "zone": 1
      }
    },
    {
      "type": "Feature",
      "geometry": {
        "geodesic": false,
        "type": "Polygon",
        "coordinates": [
          [
            [
              10.576314997581187,
              36.546609861476554
            ],
            [
              10.576764155223247,
              36.546609861476554
            ],
            [
              10.576764155223247,
              36.54705901911861
            ],
            [
              10.576314997581187,
              36.54705901911861
            ],
            [
              10.576314997581187,
              36.546609861476554
            ]
          ]
        ]
      },
      "id": "+23547+81367",
      "properties": {
        "count": 1,
        "zone": 1
      }
    },
    {
      "type": "Feature",
      "geometry": {
        "geodesic": false,
        "type": "Polygon",
        "coordinates": [
          [
            [
              10.579459101075605,
              36.558287960170105
            ],
            [
              10.579908258717666,
              36.558287960170105
            ],
            [
              10.579908258717666,
              36.55873711781217
            ],
            [
              10.579459101075605,
              36.55873711781217
            ],
            [
              10.579459101075605,
              36.558287960170105
            ]
          ]
        ]
      },
      "id": "+23554+81393",
      "properties": {
        "count": 1,
        "zone": 1
      }
    },
    {
      "type": "Feature",
      "geometry": {
        "geodesic": false,
        "type": "Polygon",
        "coordinates": [
          [
            [
              10.585298150422382,
              36.670577370685045
            ],
            [
              10.585747308064441,
              36.670577370685045
            ],
            [
              10.585747308064441,
              36.67102652832711
            ],
            [
              10.585298150422382,
              36.67102652832711
            ],
            [
              10.585298150422382,
              36.670577370685045
            ]
          ]
        ]
      },
      "id": "+23567+81643",
      "properties": {
        "count": 1,
        "zone": 1
      }
    },
    {
      "type": "Feature",
      "geometry": {
        "geodesic": false,
        "type": "Polygon",
        "coordinates": [
          [
            [
              10.586196465706502,
              36.67237400125329
            ],
            [
              10.586645623348561,
              36.67237400125329
            ],
            [
              10.586645623348561,
              36.67282315889535
            ],
            [
              10.586196465706502,
              36.67282315889535
            ],
            [
              10.586196465706502,
              36.67237400125329
            ]
          ]
        ]
      },
      "id": "+23569+81647",
      "properties": {
        "count": 1,
        "zone": 1
      }
    },
    {
      "type": "Feature",
      "geometry": {
        "geodesic": false,
        "type": "Polygon",
        "coordinates": [
          [
            [
              10.586645623348561,
              36.68809451872538
            ],
            [
              10.587094780990622,
              36.68809451872538
            ],
            [
              10.587094780990622,
              36.68854367636744
            ],
            [
              10.586645623348561,
              36.68854367636744
            ],
            [
              10.586645623348561,
              36.68809451872538
            ]
          ]
        ]
      },
      "id": "+23570+81682",
      "properties": {
        "count": 1,
        "zone": 1
      }
    },
    {
      "type": "Feature",
      "geometry": {
        "geodesic": false,
        "type": "Polygon",
        "coordinates": [
          [
            [
              10.588442253916801,
              36.46441401297962
            ],
            [
              10.58889141155886,
              36.46441401297962
            ],
            [
              10.58889141155886,
              36.464863170621676
            ],
            [
              10.588442253916801,
              36.464863170621676
            ],
            [
              10.588442253916801,
              36.46441401297962
            ]
          ]
        ]
      },
      "id": "+23574+81184",
      "properties": {
        "count": 1,
        "zone": 1
      }
    },
    {
      "type": "Feature",
      "geometry": {
        "geodesic": false,
        "type": "Polygon",
        "coordinates": [
          [
            [
              10.58889141155886,
              36.40512520422773
            ],
            [
              10.58934056920092,
              36.40512520422773
            ],
            [
              10.58934056920092,
              36.40557436186979
            ],
            [
              10.58889141155886,
              36.40557436186979
            ],
            [
              10.58889141155886,
              36.40512520422773
            ]
          ]
        ]
      },
      "id": "+23575+81052",
      "properties": {
        "count": 1,
        "zone": 1
      }
    },
    {
      "type": "Feature",
      "geometry": {
        "geodesic": false,
        "type": "Polygon",
        "coordinates": [
          [
            [
              10.591586357411218,
              36.45049012607576
            ],
            [
              10.59203551505328,
              36.45049012607576
            ],
            [
              10.59203551505328,
              36.45093928371782
            ],
            [
              10.591586357411218,
              36.45093928371782
            ],
            [
              10.591586357411218,
              36.45049012607576
            ]
          ]
        ]
      },
      "id": "+23581+81153",
      "properties": {
        "count": 1,
        "zone": 1
      }
    },
    {
      "type": "Feature",
      "geometry": {
        "geodesic": false,
        "type": "Polygon",
        "coordinates": [
          [
            [
              10.592484672695338,
              36.45049012607576
            ],
            [
              10.592933830337397,
              36.45049012607576
            ],
            [
              10.592933830337397,
              36.45093928371782
            ],
            [
              10.592484672695338,
              36.45093928371782
            ],
            [
              10.592484672695338,
              36.45049012607576
            ]
          ]
        ]
      },
      "id": "+23583+81153",
      "properties": {
        "count": 1,
        "zone": 1
      }
    },
    {
      "type": "Feature",
      "geometry": {
        "geodesic": false,
        "type": "Polygon",
        "coordinates": [
          [
            [
              10.596527091473876,
              36.47923621516759
            ],
            [
              10.596976249115936,
              36.47923621516759
            ],
            [
              10.596976249115936,
              36.47968537280965
            ],
            [
              10.596527091473876,
              36.47968537280965
            ],
            [
              10.596527091473876,
              36.47923621516759
            ]
          ]
        ]
      },
      "id": "+23592+81217",
      "properties": {
        "count": 1,
        "zone": 1
      }
    },
    {
      "type": "Feature",
      "geometry": {
        "geodesic": false,
        "type": "Polygon",
        "coordinates": [
          [
            [
              10.596976249115936,
              36.40377773130155
            ],
            [
              10.597425406757996,
              36.40377773130155
            ],
            [
              10.597425406757996,
              36.40422688894361
            ],
            [
              10.596976249115936,
              36.40422688894361
            ],
            [
              10.596976249115936,
              36.40377773130155
            ]
          ]
        ]
      },
      "id": "+23593+81049",
      "properties": {
        "count": 1,
        "zone": 1
      }
    },
    {
      "type": "Feature",
      "geometry": {
        "geodesic": false,
        "type": "Polygon",
        "coordinates": [
          [
            [
              10.601467825536533,
              36.430727189825134
            ],
            [
              10.601916983178594,
              36.430727189825134
            ],
            [
              10.601916983178594,
              36.43117634746719
            ],
            [
              10.601467825536533,
              36.43117634746719
            ],
            [
              10.601467825536533,
              36.430727189825134
            ]
          ]
        ]
      },
      "id": "+23603+81109",
      "properties": {
        "count": 1,
        "zone": 1
      }
    },
    {
      "type": "Feature",
      "geometry": {
        "geodesic": false,
        "type": "Polygon",
        "coordinates": [
          [
            [
              10.605061086673011,
              36.40063362780713
            ],
            [
              10.605510244315072,
              36.40063362780713
            ],
            [
              10.605510244315072,
              36.40108278544919
            ],
            [
              10.605061086673011,
              36.40108278544919
            ],
            [
              10.605061086673011,
              36.40063362780713
            ]
          ]
        ]
      },
      "id": "+23611+81042",
      "properties": {
        "count": 1,
        "zone": 1
      }
    },
    {
      "type": "Feature",
      "geometry": {
        "geodesic": false,
        "type": "Polygon",
        "coordinates": [
          [
            [
              10.605510244315072,
              36.64632285801382
            ],
            [
              10.605959401957131,
              36.64632285801382
            ],
            [
              10.605959401957131,
              36.646772015655884
            ],
            [
              10.605510244315072,
              36.646772015655884
            ],
            [
              10.605510244315072,
              36.64632285801382
            ]
          ]
        ]
      },
      "id": "+23612+81589",
      "properties": {
        "count": 1,
        "zone": 1
      }
    },
    {
      "type": "Feature",
      "geometry": {
        "geodesic": false,
        "type": "Polygon",
        "coordinates": [
          [
            [
              10.60865434780949,
              36.85607947685573
            ],
            [
              10.60910350545155,
              36.85607947685573
            ],
            [
              10.60910350545155,
              36.85652863449779
            ],
            [
              10.60865434780949,
              36.85652863449779
            ],
            [
              10.60865434780949,
              36.85607947685573
            ]
          ]
        ]
      },
      "id": "+23619+82056",
      "properties": {
        "count": 1,
        "zone": 1
      }
    },
    {
      "type": "Feature",
      "geometry": {
        "geodesic": false,
        "type": "Polygon",
        "coordinates": [
          [
            [
              10.60910350545155,
              36.85652863449779
            ],
            [
              10.60955266309361,
              36.85652863449779
            ],
            [
              10.60955266309361,
              36.85697779213985
            ],
            [
              10.60910350545155,
              36.85697779213985
            ],
            [
              10.60910350545155,
              36.85652863449779
            ]
          ]
        ]
      },
      "id": "+23620+82057",
      "properties": {
        "count": 1,
        "zone": 1
      }
    },
    {
      "type": "Feature",
      "geometry": {
        "geodesic": false,
        "type": "Polygon",
        "coordinates": [
          [
            [
              10.60910350545155,
              36.879884831884894
            ],
            [
              10.60955266309361,
              36.879884831884894
            ],
            [
              10.60955266309361,
              36.88033398952696
            ],
            [
              10.60910350545155,
              36.88033398952696
            ],
            [
              10.60910350545155,
              36.879884831884894
            ]
          ]
        ]
      },
      "id": "+23620+82109",
      "properties": {
        "count": 1,
        "zone": 1
      }
    },
    {
      "type": "Feature",
      "geometry": {
        "geodesic": false,
        "type": "Polygon",
        "coordinates": [
          [
            [
              10.61045097837773,
              36.860571053276324
            ],
            [
              10.61045097837773,
              36.860121895634265
            ],
            [
              10.610001820735668,
              36.860121895634265
            ],
            [
              10.610001820735668,
              36.859672737992206
            ],
            [
              10.60955266309361,
              36.859672737992206
            ],
            [
              10.60955266309361,
              36.85922358035015
            ],
            [
              10.61045097837773,
              36.85922358035015
            ],
            [
              10.61045097837773,
              36.859672737992206
            ],
            [
              10.610900136019788,
              36.859672737992206
            ],
            [
              10.610900136019788,
              36.860121895634265
            ],
            [
              10.611349293661847,
              36.860121895634265
            ],
            [
              10.611349293661847,
              36.860571053276324
            ],
            [
              10.61045097837773,
              36.860571053276324
            ]
          ]
        ]
      },
      "id": "+23624+82065",
      "properties": {
        "count": 6,
        "zone": 1
      }
    },
    {
      "type": "Feature",
      "geometry": {
        "geodesic": false,
        "type": "Polygon",
        "coordinates": [
          [
            [
              10.611349293661847,
              36.43566792388779
            ],
            [
              10.611798451303908,
              36.43566792388779
            ],
            [
              10.611798451303908,
              36.43611708152985
            ],
            [
              10.611349293661847,
              36.43611708152985
            ],
            [
              10.611349293661847,
              36.43566792388779
            ]
          ]
        ]
      },
      "id": "+23625+81120",
      "properties": {
        "count": 1,
        "zone": 1
      }
    },
    {
      "type": "Feature",
      "geometry": {
        "geodesic": false,
        "type": "Polygon",
        "coordinates": [
          [
            [
              10.611798451303908,
              36.44060865795045
            ],
            [
              10.612247608945967,
              36.44060865795045
            ],
            [
              10.612247608945967,
              36.44105781559251
            ],
            [
              10.611798451303908,
              36.44105781559251
            ],
            [
              10.611798451303908,
              36.44060865795045
            ]
          ]
        ]
      },
      "id": "+23626+81131",
      "properties": {
        "count": 1,
        "zone": 1
      }
    },
    {
      "type": "Feature",
      "geometry": {
        "geodesic": false,
        "type": "Polygon",
        "coordinates": [
          [
            [
              10.612696766588028,
              36.46082075184314
            ],
            [
              10.613145924230087,
              36.46082075184314
            ],
            [
              10.613145924230087,
              36.4612699094852
            ],
            [
              10.612696766588028,
              36.4612699094852
            ],
            [
              10.612696766588028,
              36.46082075184314
            ]
          ]
        ]
      },
      "id": "+23628+81176",
      "properties": {
        "count": 1,
        "zone": 1
      }
    },
    {
      "type": "Feature",
      "geometry": {
        "geodesic": false,
        "type": "Polygon",
        "coordinates": [
          [
            [
              10.612696766588028,
              36.86236768384457
            ],
            [
              10.613145924230087,
              36.86236768384457
            ],
            [
              10.613145924230087,
              36.86281684148663
            ],
            [
              10.612696766588028,
              36.86281684148663
            ],
            [
              10.612696766588028,
              36.86236768384457
            ]
          ]
        ]
      },
      "id": "+23628+82070",
      "properties": {
        "count": 1,
        "zone": 1
      }
    },
    {
      "type": "Feature",
      "geometry": {
        "geodesic": false,
        "type": "Polygon",
        "coordinates": [
          [
            [
              10.612247608945967,
              36.863715156770745
            ],
            [
              10.613145924230087,
              36.863715156770745
            ],
            [
              10.613145924230087,
              36.864164314412804
            ],
            [
              10.612247608945967,
              36.864164314412804
            ],
            [
              10.612247608945967,
              36.863715156770745
            ]
          ]
        ]
      },
      "id": "+23628+82073",
      "properties": {
        "count": 2,
        "zone": 1
      }
    },
    {
      "type": "Feature",
      "geometry": {
        "geodesic": false,
        "type": "Polygon",
        "coordinates": [
          [
            [
              10.614493397156266,
              36.42398982519424
            ],
            [
              10.614942554798326,
              36.42398982519424
            ],
            [
              10.614942554798326,
              36.4244389828363
            ],
            [
              10.614493397156266,
              36.4244389828363
            ],
            [
              10.614493397156266,
              36.42398982519424
            ]
          ]
        ]
      },
      "id": "+23632+81094",
      "properties": {
        "count": 1,
        "zone": 1
      }
    },
    {
      "type": "Feature",
      "geometry": {
        "geodesic": false,
        "type": "Polygon",
        "coordinates": [
          [
            [
              10.615391712440386,
              36.40153194309125
            ],
            [
              10.615840870082446,
              36.40153194309125
            ],
            [
              10.615840870082446,
              36.40198110073331
            ],
            [
              10.615391712440386,
              36.40198110073331
            ],
            [
              10.615391712440386,
              36.40153194309125
            ]
          ]
        ]
      },
      "id": "+23634+81044",
      "properties": {
        "count": 1,
        "zone": 1
      }
    },
    {
      "type": "Feature",
      "geometry": {
        "geodesic": false,
        "type": "Polygon",
        "coordinates": [
          [
            [
              10.617188343008625,
              36.39254879025005
            ],
            [
              10.617637500650686,
              36.39254879025005
            ],
            [
              10.617637500650686,
              36.39299794789212
            ],
            [
              10.617188343008625,
              36.39299794789212
            ],
            [
              10.617188343008625,
              36.39254879025005
            ]
          ]
        ]
      },
      "id": "+23638+81024",
      "properties": {
        "count": 1,
        "zone": 1
      }
    },
    {
      "type": "Feature",
      "geometry": {
        "geodesic": false,
        "type": "Polygon",
        "coordinates": [
          [
            [
              10.617188343008625,
              36.44330360380281
            ],
            [
              10.617637500650686,
              36.44330360380281
            ],
            [
              10.617637500650686,
              36.44375276144487
            ],
            [
              10.617188343008625,
              36.44375276144487
            ],
            [
              10.617188343008625,
              36.44330360380281
            ]
          ]
        ]
      },
      "id": "+23638+81137",
      "properties": {
        "count": 1,
        "zone": 1
      }
    },
    {
      "type": "Feature",
      "geometry": {
        "geodesic": false,
        "type": "Polygon",
        "coordinates": [
          [
            [
              10.619434131218924,
              36.56457616715895
            ],
            [
              10.619883288860983,
              36.56457616715895
            ],
            [
              10.619883288860983,
              36.565025324801006
            ],
            [
              10.619434131218924,
              36.565025324801006
            ],
            [
              10.619434131218924,
              36.56457616715895
            ]
          ]
        ]
      },
      "id": "+23643+81407",
      "properties": {
        "count": 1,
        "zone": 1
      }
    },
    {
      "type": "Feature",
      "geometry": {
        "geodesic": false,
        "type": "Polygon",
        "coordinates": [
          [
            [
              10.621230761787164,
              36.394794578460356
            ],
            [
              10.621679919429223,
              36.394794578460356
            ],
            [
              10.621679919429223,
              36.395243736102415
            ],
            [
              10.621230761787164,
              36.395243736102415
            ],
            [
              10.621230761787164,
              36.394794578460356
            ]
          ]
        ]
      },
      "id": "+23647+81029",
      "properties": {
        "count": 1,
        "zone": 1
      }
    },
    {
      "type": "Feature",
      "geometry": {
        "geodesic": false,
        "type": "Polygon",
        "coordinates": [
          [
            [
              10.622578234713343,
              36.395692893744474
            ],
            [
              10.623027392355402,
              36.395692893744474
            ],
            [
              10.623027392355402,
              36.39614205138653
            ],
            [
              10.622578234713343,
              36.39614205138653
            ],
            [
              10.622578234713343,
              36.395692893744474
            ]
          ]
        ]
      },
      "id": "+23650+81031",
      "properties": {
        "count": 1,
        "zone": 1
      }
    },
    {
      "type": "Feature",
      "geometry": {
        "geodesic": false,
        "type": "Polygon",
        "coordinates": [
          [
            [
              10.622578234713343,
              36.743790066340786
            ],
            [
              10.623027392355402,
              36.743790066340786
            ],
            [
              10.623027392355402,
              36.74468838162491
            ],
            [
              10.622578234713343,
              36.74468838162491
            ],
            [
              10.622578234713343,
              36.743790066340786
            ]
          ]
        ]
      },
      "id": "+23650+81807",
      "properties": {
        "count": 2,
        "zone": 1
      }
    },
    {
      "type": "Feature",
      "geometry": {
        "geodesic": false,
        "type": "Polygon",
        "coordinates": [
          [
            [
              10.62572233820776,
              36.48327863394613
            ],
            [
              10.626171495849821,
              36.48327863394613
            ],
            [
              10.626171495849821,
              36.48372779158819
            ],
            [
              10.62572233820776,
              36.48372779158819
            ],
            [
              10.62572233820776,
              36.48327863394613
            ]
          ]
        ]
      },
      "id": "+23657+81226",
      "properties": {
        "count": 1,
        "zone": 1
      }
    },
    {
      "type": "Feature",
      "geometry": {
        "geodesic": false,
        "type": "Polygon",
        "coordinates": [
          [
            [
              10.62706981113394,
              36.719535553669566
            ],
            [
              10.627518968776,
              36.719535553669566
            ],
            [
              10.627518968776,
              36.719984711311625
            ],
            [
              10.62706981113394,
              36.719984711311625
            ],
            [
              10.62706981113394,
              36.719535553669566
            ]
          ]
        ]
      },
      "id": "+23660+81752",
      "properties": {
        "count": 1,
        "zone": 1
      }
    },
    {
      "type": "Feature",
      "geometry": {
        "geodesic": false,
        "type": "Polygon",
        "coordinates": [
          [
            [
              10.627518968776,
              36.719984711311625
            ],
            [
              10.62796812641806,
              36.719984711311625
            ],
            [
              10.62796812641806,
              36.720433868953684
            ],
            [
              10.627518968776,
              36.720433868953684
            ],
            [
              10.627518968776,
              36.719984711311625
            ]
          ]
        ]
      },
      "id": "+23661+81753",
      "properties": {
        "count": 1,
        "zone": 1
      }
    },
    {
      "type": "Feature",
      "geometry": {
        "geodesic": false,
        "type": "Polygon",
        "coordinates": [
          [
            [
              10.62796812641806,
              36.720433868953684
            ],
            [
              10.628417284060118,
              36.720433868953684
            ],
            [
              10.628417284060118,
              36.7213321842378
            ],
            [
              10.62796812641806,
              36.7213321842378
            ],
            [
              10.62796812641806,
              36.720433868953684
            ]
          ]
        ]
      },
      "id": "+23662+81755",
      "properties": {
        "count": 2,
        "zone": 1
      }
    },
    {
      "type": "Feature",
      "geometry": {
        "geodesic": false,
        "type": "Polygon",
        "coordinates": [
          [
            [
              10.628417284060118,
              36.7213321842378
            ],
            [
              10.62886644170218,
              36.7213321842378
            ],
            [
              10.62886644170218,
              36.72178134187986
            ],
            [
              10.628417284060118,
              36.72178134187986
            ],
            [
              10.628417284060118,
              36.7213321842378
            ]
          ]
        ]
      },
      "id": "+23663+81756",
      "properties": {
        "count": 1,
        "zone": 1
      }
    },
    {
      "type": "Feature",
      "geometry": {
        "geodesic": false,
        "type": "Polygon",
        "coordinates": [
          [
            [
              10.62886644170218,
              36.72178134187986
            ],
            [
              10.629315599344238,
              36.72178134187986
            ],
            [
              10.629315599344238,
              36.72267965716398
            ],
            [
              10.62886644170218,
              36.72267965716398
            ],
            [
              10.62886644170218,
              36.72178134187986
            ]
          ]
        ]
      },
      "id": "+23664+81758",
      "properties": {
        "count": 2,
        "zone": 1
      }
    },
    {
      "type": "Feature",
      "geometry": {
        "geodesic": false,
        "type": "Polygon",
        "coordinates": [
          [
            [
              10.6297647569863,
              36.72223049952192
            ],
            [
              10.631112229912478,
              36.72223049952192
            ],
            [
              10.631112229912478,
              36.72267965716398
            ],
            [
              10.6297647569863,
              36.72267965716398
            ],
            [
              10.6297647569863,
              36.72223049952192
            ]
          ]
        ]
      },
      "id": "+23668+81758",
      "properties": {
        "count": 3,
        "zone": 1
      }
    },
    {
      "type": "Feature",
      "geometry": {
        "geodesic": false,
        "type": "Polygon",
        "coordinates": [
          [
            [
              10.631561387554537,
              36.713247346680724
            ],
            [
              10.632010545196596,
              36.713247346680724
            ],
            [
              10.632010545196596,
              36.71369650432278
            ],
            [
              10.631561387554537,
              36.71369650432278
            ],
            [
              10.631561387554537,
              36.713247346680724
            ]
          ]
        ]
      },
      "id": "+23670+81738",
      "properties": {
        "count": 1,
        "zone": 1
      }
    },
    {
      "type": "Feature",
      "geometry": {
        "geodesic": false,
        "type": "Polygon",
        "coordinates": [
          [
            [
              10.633358018122776,
              36.719984711311625
            ],
            [
              10.633807175764836,
              36.719984711311625
            ],
            [
              10.633807175764836,
              36.720433868953684
            ],
            [
              10.633358018122776,
              36.720433868953684
            ],
            [
              10.633358018122776,
              36.719984711311625
            ]
          ]
        ]
      },
      "id": "+23674+81753",
      "properties": {
        "count": 1,
        "zone": 1
      }
    },
    {
      "type": "Feature",
      "geometry": {
        "geodesic": false,
        "type": "Polygon",
        "coordinates": [
          [
            [
              10.633358018122776,
              36.7235779724481
            ],
            [
              10.633807175764836,
              36.7235779724481
            ],
            [
              10.633807175764836,
              36.72402713009016
            ],
            [
              10.633358018122776,
              36.72402713009016
            ],
            [
              10.633358018122776,
              36.7235779724481
            ]
          ]
        ]
      },
      "id": "+23674+81761",
      "properties": {
        "count": 1,
        "zone": 1
      }
    },
    {
      "type": "Feature",
      "geometry": {
        "geodesic": false,
        "type": "Polygon",
        "coordinates": [
          [
            [
              10.633807175764836,
              36.719535553669566
            ],
            [
              10.634256333406896,
              36.719535553669566
            ],
            [
              10.634256333406896,
              36.719984711311625
            ],
            [
              10.633807175764836,
              36.719984711311625
            ],
            [
              10.633807175764836,
              36.719535553669566
            ]
          ]
        ]
      },
      "id": "+23675+81752",
      "properties": {
        "count": 1,
        "zone": 1
      }
    },
    {
      "type": "Feature",
      "geometry": {
        "geodesic": false,
        "type": "Polygon",
        "coordinates": [
          [
            [
              10.633807175764836,
              36.72762039122664
            ],
            [
              10.634705491048956,
              36.72762039122664
            ],
            [
              10.634705491048956,
              36.728069548868696
            ],
            [
              10.633807175764836,
              36.728069548868696
            ],
            [
              10.633807175764836,
              36.72762039122664
            ]
          ]
        ]
      },
      "id": "+23676+81770",
      "properties": {
        "count": 2,
        "zone": 1
      }
    },
    {
      "type": "Feature",
      "geometry": {
        "geodesic": false,
        "type": "Polygon",
        "coordinates": [
          [
            [
              10.635154648691016,
              36.728967864152814
            ],
            [
              10.635154648691016,
              36.728069548868696
            ],
            [
              10.635603806333075,
              36.728069548868696
            ],
            [
              10.635603806333075,
              36.728518706510755
            ],
            [
              10.636052963975136,
              36.728518706510755
            ],
            [
              10.636052963975136,
              36.728967864152814
            ],
            [
              10.635154648691016,
              36.728967864152814
            ]
          ]
        ]
      },
      "id": "+23679+81772",
      "properties": {
        "count": 3,
        "zone": 1
      }
    },
    {
      "type": "Feature",
      "geometry": {
        "geodesic": false,
        "type": "Polygon",
        "coordinates": [
          [
            [
              10.634705491048956,
              36.732111967647235
            ],
            [
              10.634705491048956,
              36.73121365236312
            ],
            [
              10.635603806333075,
              36.73121365236312
            ],
            [
              10.635603806333075,
              36.731662810005176
            ],
            [
              10.636052963975136,
              36.731662810005176
            ],
            [
              10.636052963975136,
              36.732111967647235
            ],
            [
              10.634705491048956,
              36.732111967647235
            ]
          ]
        ]
      },
      "id": "+23679+81779",
      "properties": {
        "count": 5,
        "zone": 1
      }
    },
    {
      "type": "Feature",
      "geometry": {
        "geodesic": false,
        "type": "Polygon",
        "coordinates": [
          [
            [
              10.636052963975136,
              36.72986617943694
            ],
            [
              10.636502121617195,
              36.72986617943694
            ],
            [
              10.636502121617195,
              36.730315337079
            ],
            [
              10.636052963975136,
              36.730315337079
            ],
            [
              10.636052963975136,
              36.72986617943694
            ]
          ]
        ]
      },
      "id": "+23680+81775",
      "properties": {
        "count": 1,
        "zone": 1
      }
    },
    {
      "type": "Feature",
      "geometry": {
        "geodesic": false,
        "type": "Polygon",
        "coordinates": [
          [
            [
              10.636052963975136,
              36.73301028293135
            ],
            [
              10.636502121617195,
              36.73301028293135
            ],
            [
              10.636502121617195,
              36.73345944057341
            ],
            [
              10.636052963975136,
              36.73345944057341
            ],
            [
              10.636052963975136,
              36.73301028293135
            ]
          ]
        ]
      },
      "id": "+23680+81782",
      "properties": {
        "count": 1,
        "zone": 1
      }
    },
    {
      "type": "Feature",
      "geometry": {
        "geodesic": false,
        "type": "Polygon",
        "coordinates": [
          [
            [
              10.636502121617195,
              36.7235779724481
            ],
            [
              10.636951279259254,
              36.7235779724481
            ],
            [
              10.636951279259254,
              36.72402713009016
            ],
            [
              10.636502121617195,
              36.72402713009016
            ],
            [
              10.636502121617195,
              36.7235779724481
            ]
          ]
        ]
      },
      "id": "+23681+81761",
      "properties": {
        "count": 1,
        "zone": 1
      }
    },
    {
      "type": "Feature",
      "geometry": {
        "geodesic": false,
        "type": "Polygon",
        "coordinates": [
          [
            [
              10.636502121617195,
              36.73390859821547
            ],
            [
              10.636951279259254,
              36.73390859821547
            ],
            [
              10.636951279259254,
              36.73435775585754
            ],
            [
              10.636502121617195,
              36.73435775585754
            ],
            [
              10.636502121617195,
              36.73390859821547
            ]
          ]
        ]
      },
      "id": "+23681+81784",
      "properties": {
        "count": 1,
        "zone": 1
      }
    },
    {
      "type": "Feature",
      "geometry": {
        "geodesic": false,
        "type": "Polygon",
        "coordinates": [
          [
            [
              10.637849594543374,
              36.735256071141656
            ],
            [
              10.637849594543374,
              36.73345944057341
            ],
            [
              10.637400436901315,
              36.73345944057341
            ],
            [
              10.637400436901315,
              36.73301028293135
            ],
            [
              10.637849594543374,
              36.73301028293135
            ],
            [
              10.637849594543374,
              36.732561125289294
            ],
            [
              10.638298752185435,
              36.732561125289294
            ],
            [
              10.638298752185435,
              36.73301028293135
            ],
            [
              10.638747909827494,
              36.73301028293135
            ],
            [
              10.638747909827494,
              36.73390859821547
            ],
            [
              10.639197067469553,
              36.73390859821547
            ],
            [
              10.639197067469553,
              36.735256071141656
            ],
            [
              10.637849594543374,
              36.735256071141656
            ]
          ]
        ]
      },
      "id": "+23686+81786",
      "properties": {
        "count": 15,
        "zone": 1
      }
    },
    {
      "type": "Feature",
      "geometry": {
        "geodesic": false,
        "type": "Polygon",
        "coordinates": [
          [
            [
              10.639197067469553,
              36.42758308633072
            ],
            [
              10.639646225111614,
              36.42758308633072
            ],
            [
              10.639646225111614,
              36.42803224397278
            ],
            [
              10.639197067469553,
              36.42803224397278
            ],
            [
              10.639197067469553,
              36.42758308633072
            ]
          ]
        ]
      },
      "id": "+23687+81102",
      "properties": {
        "count": 1,
        "zone": 1
      }
    },
    {
      "type": "Feature",
      "geometry": {
        "geodesic": false,
        "type": "Polygon",
        "coordinates": [
          [
            [
              10.640095382753673,
              36.736154386425774
            ],
            [
              10.640544540395732,
              36.736154386425774
            ],
            [
              10.640544540395732,
              36.73660354406783
            ],
            [
              10.640095382753673,
              36.73660354406783
            ],
            [
              10.640095382753673,
              36.736154386425774
            ]
          ]
        ]
      },
      "id": "+23689+81789",
      "properties": {
        "count": 1,
        "zone": 1
      }
    },
    {
      "type": "Feature",
      "geometry": {
        "geodesic": false,
        "type": "Polygon",
        "coordinates": [
          [
            [
              10.64503611681633,
              36.434320450961614
            ],
            [
              10.64548527445839,
              36.434320450961614
            ],
            [
              10.64548527445839,
              36.43476960860367
            ],
            [
              10.64503611681633,
              36.43476960860367
            ],
            [
              10.64503611681633,
              36.434320450961614
            ]
          ]
        ]
      },
      "id": "+23700+81117",
      "properties": {
        "count": 1,
        "zone": 1
      }
    },
    {
      "type": "Feature",
      "geometry": {
        "geodesic": false,
        "type": "Polygon",
        "coordinates": [
          [
            [
              10.649976850878987,
              36.831824964184506
            ],
            [
              10.650875166163107,
              36.831824964184506
            ],
            [
              10.650875166163107,
              36.832274121826565
            ],
            [
              10.649976850878987,
              36.832274121826565
            ],
            [
              10.649976850878987,
              36.831824964184506
            ]
          ]
        ]
      },
      "id": "+23712+82002",
      "properties": {
        "count": 2,
        "zone": 1
      }
    },
    {
      "type": "Feature",
      "geometry": {
        "geodesic": false,
        "type": "Polygon",
        "coordinates": [
          [
            [
              10.654468427299586,
              36.63689054753057
            ],
            [
              10.654917584941645,
              36.63689054753057
            ],
            [
              10.654917584941645,
              36.63733970517263
            ],
            [
              10.654468427299586,
              36.63733970517263
            ],
            [
              10.654468427299586,
              36.63689054753057
            ]
          ]
        ]
      },
      "id": "+23721+81568",
      "properties": {
        "count": 1,
        "zone": 1
      }
    },
    {
      "type": "Feature",
      "geometry": {
        "geodesic": false,
        "type": "Polygon",
        "coordinates": [
          [
            [
              10.654917584941645,
              36.6130851925014
            ],
            [
              10.655366742583706,
              36.6130851925014
            ],
            [
              10.655366742583706,
              36.61353435014346
            ],
            [
              10.654917584941645,
              36.61353435014346
            ],
            [
              10.654917584941645,
              36.6130851925014
            ]
          ]
        ]
      },
      "id": "+23722+81515",
      "properties": {
        "count": 1,
        "zone": 1
      }
    },
    {
      "type": "Feature",
      "geometry": {
        "geodesic": false,
        "type": "Polygon",
        "coordinates": [
          [
            [
              10.658510846078123,
              36.40782015008009
            ],
            [
              10.658960003720182,
              36.40782015008009
            ],
            [
              10.658960003720182,
              36.40826930772215
            ],
            [
              10.658510846078123,
              36.40826930772215
            ],
            [
              10.658510846078123,
              36.40782015008009
            ]
          ]
        ]
      },
      "id": "+23730+81058",
      "properties": {
        "count": 1,
        "zone": 1
      }
    },
    {
      "type": "Feature",
      "geometry": {
        "geodesic": false,
        "type": "Polygon",
        "coordinates": [
          [
            [
              10.658960003720182,
              36.40826930772215
            ],
            [
              10.659409161362243,
              36.40826930772215
            ],
            [
              10.659409161362243,
              36.40871846536421
            ],
            [
              10.658960003720182,
              36.40871846536421
            ],
            [
              10.658960003720182,
              36.40826930772215
            ]
          ]
        ]
      },
      "id": "+23731+81059",
      "properties": {
        "count": 1,
        "zone": 1
      }
    },
    {
      "type": "Feature",
      "geometry": {
        "geodesic": false,
        "type": "Polygon",
        "coordinates": [
          [
            [
              10.659409161362243,
              36.40871846536421
            ],
            [
              10.659858319004302,
              36.40871846536421
            ],
            [
              10.659858319004302,
              36.40916762300627
            ],
            [
              10.659409161362243,
              36.40916762300627
            ],
            [
              10.659409161362243,
              36.40871846536421
            ]
          ]
        ]
      },
      "id": "+23732+81060",
      "properties": {
        "count": 1,
        "zone": 1
      }
    },
    {
      "type": "Feature",
      "geometry": {
        "geodesic": false,
        "type": "Polygon",
        "coordinates": [
          [
            [
              10.659858319004302,
              36.40916762300627
            ],
            [
              10.660307476646363,
              36.40916762300627
            ],
            [
              10.660307476646363,
              36.40961678064833
            ],
            [
              10.659858319004302,
              36.40961678064833
            ],
            [
              10.659858319004302,
              36.40916762300627
            ]
          ]
        ]
      },
      "id": "+23733+81061",
      "properties": {
        "count": 1,
        "zone": 1
      }
    },
    {
      "type": "Feature",
      "geometry": {
        "geodesic": false,
        "type": "Polygon",
        "coordinates": [
          [
            [
              10.660307476646363,
              36.40961678064833
            ],
            [
              10.660756634288422,
              36.40961678064833
            ],
            [
              10.660756634288422,
              36.41006593829039
            ],
            [
              10.660307476646363,
              36.41006593829039
            ],
            [
              10.660307476646363,
              36.40961678064833
            ]
          ]
        ]
      },
      "id": "+23734+81062",
      "properties": {
        "count": 1,
        "zone": 1
      }
    },
    {
      "type": "Feature",
      "geometry": {
        "geodesic": false,
        "type": "Polygon",
        "coordinates": [
          [
            [
              10.66255326485666,
              36.85518116157161
            ],
            [
              10.66345158014078,
              36.85518116157161
            ],
            [
              10.66345158014078,
              36.85563031921367
            ],
            [
              10.66255326485666,
              36.85563031921367
            ],
            [
              10.66255326485666,
              36.85518116157161
            ]
          ]
        ]
      },
      "id": "+23740+82054",
      "properties": {
        "count": 2,
        "zone": 1
      }
    },
    {
      "type": "Feature",
      "geometry": {
        "geodesic": false,
        "type": "Polygon",
        "coordinates": [
          [
            [
              10.663900737782841,
              36.41231172650068
            ],
            [
              10.6643498954249,
              36.41231172650068
            ],
            [
              10.6643498954249,
              36.41276088414275
            ],
            [
              10.663900737782841,
              36.41276088414275
            ],
            [
              10.663900737782841,
              36.41231172650068
            ]
          ]
        ]
      },
      "id": "+23742+81068",
      "properties": {
        "count": 1,
        "zone": 1
      }
    },
    {
      "type": "Feature",
      "geometry": {
        "geodesic": false,
        "type": "Polygon",
        "coordinates": [
          [
            [
              10.670188944771677,
              36.59511888681901
            ],
            [
              10.670638102413736,
              36.59511888681901
            ],
            [
              10.670638102413736,
              36.59556804446107
            ],
            [
              10.670188944771677,
              36.59556804446107
            ],
            [
              10.670188944771677,
              36.59511888681901
            ]
          ]
        ]
      },
      "id": "+23756+81475",
      "properties": {
        "count": 1,
        "zone": 1
      }
    },
    {
      "type": "Feature",
      "geometry": {
        "geodesic": false,
        "type": "Polygon",
        "coordinates": [
          [
            [
              10.670638102413736,
              36.418150775847465
            ],
            [
              10.671087260055796,
              36.418150775847465
            ],
            [
              10.671087260055796,
              36.418599933489524
            ],
            [
              10.670638102413736,
              36.418599933489524
            ],
            [
              10.670638102413736,
              36.418150775847465
            ]
          ]
        ]
      },
      "id": "+23757+81081",
      "properties": {
        "count": 1,
        "zone": 1
      }
    },
    {
      "type": "Feature",
      "geometry": {
        "geodesic": false,
        "type": "Polygon",
        "coordinates": [
          [
            [
              10.674680521192274,
              36.42129487934188
            ],
            [
              10.675129678834335,
              36.42129487934188
            ],
            [
              10.675129678834335,
              36.42174403698394
            ],
            [
              10.674680521192274,
              36.42174403698394
            ],
            [
              10.674680521192274,
              36.42129487934188
            ]
          ]
        ]
      },
      "id": "+23766+81088",
      "properties": {
        "count": 1,
        "zone": 1
      }
    },
    {
      "type": "Feature",
      "geometry": {
        "geodesic": false,
        "type": "Polygon",
        "coordinates": [
          [
            [
              10.675578836476394,
              36.60679698551256
            ],
            [
              10.676027994118453,
              36.60679698551256
            ],
            [
              10.676027994118453,
              36.60724614315462
            ],
            [
              10.675578836476394,
              36.60724614315462
            ],
            [
              10.675578836476394,
              36.60679698551256
            ]
          ]
        ]
      },
      "id": "+23768+81501",
      "properties": {
        "count": 1,
        "zone": 1
      }
    },
    {
      "type": "Feature",
      "geometry": {
        "geodesic": false,
        "type": "Polygon",
        "coordinates": [
          [
            [
              10.676027994118453,
              36.55738964488599
            ],
            [
              10.676477151760514,
              36.55738964488599
            ],
            [
              10.676477151760514,
              36.557838802528046
            ],
            [
              10.676027994118453,
              36.557838802528046
            ],
            [
              10.676027994118453,
              36.55738964488599
            ]
          ]
        ]
      },
      "id": "+23769+81391",
      "properties": {
        "count": 1,
        "zone": 1
      }
    },
    {
      "type": "Feature",
      "geometry": {
        "geodesic": false,
        "type": "Polygon",
        "coordinates": [
          [
            [
              10.678722939970813,
              36.5627795365907
            ],
            [
              10.679172097612872,
              36.5627795365907
            ],
            [
              10.679172097612872,
              36.56322869423276
            ],
            [
              10.678722939970813,
              36.56322869423276
            ],
            [
              10.678722939970813,
              36.5627795365907
            ]
          ]
        ]
      },
      "id": "+23775+81403",
      "properties": {
        "count": 1,
        "zone": 1
      }
    },
    {
      "type": "Feature",
      "geometry": {
        "geodesic": false,
        "type": "Polygon",
        "coordinates": [
          [
            [
              10.679621255254931,
              36.55873711781217
            ],
            [
              10.680070412896992,
              36.55873711781217
            ],
            [
              10.680070412896992,
              36.55918627545423
            ],
            [
              10.679621255254931,
              36.55918627545423
            ],
            [
              10.679621255254931,
              36.55873711781217
            ]
          ]
        ]
      },
      "id": "+23777+81394",
      "properties": {
        "count": 1,
        "zone": 1
      }
    },
    {
      "type": "Feature",
      "geometry": {
        "geodesic": false,
        "type": "Polygon",
        "coordinates": [
          [
            [
              10.680968728181112,
              36.43926118502427
            ],
            [
              10.681417885823171,
              36.43926118502427
            ],
            [
              10.681417885823171,
              36.43971034266633
            ],
            [
              10.680968728181112,
              36.43971034266633
            ],
            [
              10.680968728181112,
              36.43926118502427
            ]
          ]
        ]
      },
      "id": "+23780+81128",
      "properties": {
        "count": 1,
        "zone": 1
      }
    },
    {
      "type": "Feature",
      "geometry": {
        "geodesic": false,
        "type": "Polygon",
        "coordinates": [
          [
            [
              10.682316201107291,
              36.4244389828363
            ],
            [
              10.68321451639141,
              36.4244389828363
            ],
            [
              10.68321451639141,
              36.42488814047836
            ],
            [
              10.682316201107291,
              36.42488814047836
            ],
            [
              10.682316201107291,
              36.4244389828363
            ]
          ]
        ]
      },
      "id": "+23784+81095",
      "properties": {
        "count": 2,
        "zone": 1
      }
    },
    {
      "type": "Feature",
      "geometry": {
        "geodesic": false,
        "type": "Polygon",
        "coordinates": [
          [
            [
              10.68456198931759,
              36.43117634746719
            ],
            [
              10.68501114695965,
              36.43117634746719
            ],
            [
              10.68501114695965,
              36.43162550510925
            ],
            [
              10.68456198931759,
              36.43162550510925
            ],
            [
              10.68456198931759,
              36.43117634746719
            ]
          ]
        ]
      },
      "id": "+23788+81110",
      "properties": {
        "count": 1,
        "zone": 1
      }
    },
    {
      "type": "Feature",
      "geometry": {
        "geodesic": false,
        "type": "Polygon",
        "coordinates": [
          [
            [
              10.687256935169948,
              36.437015396813976
            ],
            [
              10.687706092812007,
              36.437015396813976
            ],
            [
              10.687706092812007,
              36.437913712098094
            ],
            [
              10.687256935169948,
              36.437913712098094
            ],
            [
              10.687256935169948,
              36.437015396813976
            ]
          ]
        ]
      },
      "id": "+23794+81124",
      "properties": {
        "count": 2,
        "zone": 1
      }
    },
    {
      "type": "Feature",
      "geometry": {
        "geodesic": false,
        "type": "Polygon",
        "coordinates": [
          [
            [
              10.687256935169948,
              36.58344078812546
            ],
            [
              10.687706092812007,
              36.58344078812546
            ],
            [
              10.687706092812007,
              36.58388994576752
            ],
            [
              10.687256935169948,
              36.58388994576752
            ],
            [
              10.687256935169948,
              36.58344078812546
            ]
          ]
        ]
      },
      "id": "+23794+81449",
      "properties": {
        "count": 1,
        "zone": 1
      }
    },
    {
      "type": "Feature",
      "geometry": {
        "geodesic": false,
        "type": "Polygon",
        "coordinates": [
          [
            [
              10.691299353948486,
              36.43117634746719
            ],
            [
              10.692197669232606,
              36.43117634746719
            ],
            [
              10.692197669232606,
              36.43162550510925
            ],
            [
              10.691299353948486,
              36.43162550510925
            ],
            [
              10.691299353948486,
              36.43117634746719
            ]
          ]
        ]
      },
      "id": "+23804+81110",
      "properties": {
        "count": 2,
        "zone": 1
      }
    },
    {
      "type": "Feature",
      "geometry": {
        "geodesic": false,
        "type": "Polygon",
        "coordinates": [
          [
            [
              10.697587560937322,
              36.81565528907035
            ],
            [
              10.698036718579383,
              36.81565528907035
            ],
            [
              10.698036718579383,
              36.81610444671241
            ],
            [
              10.697587560937322,
              36.81610444671241
            ],
            [
              10.697587560937322,
              36.81565528907035
            ]
          ]
        ]
      },
      "id": "+23817+81966",
      "properties": {
        "count": 1,
        "zone": 1
      }
    },
    {
      "type": "Feature",
      "geometry": {
        "geodesic": false,
        "type": "Polygon",
        "coordinates": [
          [
            [
              10.699384191505562,
              36.59242394096665
            ],
            [
              10.699833349147621,
              36.59242394096665
            ],
            [
              10.699833349147621,
              36.59287309860871
            ],
            [
              10.699384191505562,
              36.59287309860871
            ],
            [
              10.699384191505562,
              36.59242394096665
            ]
          ]
        ]
      },
      "id": "+23821+81469",
      "properties": {
        "count": 1,
        "zone": 1
      }
    },
    {
      "type": "Feature",
      "geometry": {
        "geodesic": false,
        "type": "Polygon",
        "coordinates": [
          [
            [
              10.698935033863501,
              36.81610444671241
            ],
            [
              10.698935033863501,
              36.81520613142829
            ],
            [
              10.699384191505562,
              36.81520613142829
            ],
            [
              10.699384191505562,
              36.81565528907035
            ],
            [
              10.699833349147621,
              36.81565528907035
            ],
            [
              10.699833349147621,
              36.81610444671241
            ],
            [
              10.698935033863501,
              36.81610444671241
            ]
          ]
        ]
      },
      "id": "+23821+81966",
      "properties": {
        "count": 3,
        "zone": 1
      }
    },
    {
      "type": "Feature",
      "geometry": {
        "geodesic": false,
        "type": "Polygon",
        "coordinates": [
          [
            [
              10.699833349147621,
              36.81520613142829
            ],
            [
              10.70028250678968,
              36.81520613142829
            ],
            [
              10.70028250678968,
              36.81565528907035
            ],
            [
              10.699833349147621,
              36.81565528907035
            ],
            [
              10.699833349147621,
              36.81520613142829
            ]
          ]
        ]
      },
      "id": "+23822+81965",
      "properties": {
        "count": 1,
        "zone": 1
      }
    },
    {
      "type": "Feature",
      "geometry": {
        "geodesic": false,
        "type": "Polygon",
        "coordinates": [
          [
            [
              10.70028250678968,
              36.81430781614417
            ],
            [
              10.700731664431741,
              36.81430781614417
            ],
            [
              10.700731664431741,
              36.81520613142829
            ],
            [
              10.70028250678968,
              36.81520613142829
            ],
            [
              10.70028250678968,
              36.81430781614417
            ]
          ]
        ]
      },
      "id": "+23823+81964",
      "properties": {
        "count": 2,
        "zone": 1
      }
    },
    {
      "type": "Feature",
      "geometry": {
        "geodesic": false,
        "type": "Polygon",
        "coordinates": [
          [
            [
              10.700731664431741,
              36.54705901911861
            ],
            [
              10.7011808220738,
              36.54705901911861
            ],
            [
              10.7011808220738,
              36.54750817676067
            ],
            [
              10.700731664431741,
              36.54750817676067
            ],
            [
              10.700731664431741,
              36.54705901911861
            ]
          ]
        ]
      },
      "id": "+23824+81368",
      "properties": {
        "count": 1,
        "zone": 1
      }
    },
    {
      "type": "Feature",
      "geometry": {
        "geodesic": false,
        "type": "Polygon",
        "coordinates": [
          [
            [
              10.7011808220738,
              36.43207466275132
            ],
            [
              10.701629979715861,
              36.43207466275132
            ],
            [
              10.701629979715861,
              36.43252382039338
            ],
            [
              10.7011808220738,
              36.43252382039338
            ],
            [
              10.7011808220738,
              36.43207466275132
            ]
          ]
        ]
      },
      "id": "+23825+81112",
      "properties": {
        "count": 1,
        "zone": 1
      }
    },
    {
      "type": "Feature",
      "geometry": {
        "geodesic": false,
        "type": "Polygon",
        "coordinates": [
          [
            [
              10.701629979715861,
              36.81071455500769
            ],
            [
              10.7011808220738,
              36.81071455500769
            ],
            [
              10.7011808220738,
              36.81116371264975
            ],
            [
              10.70028250678968,
              36.81116371264975
            ],
            [
              10.70028250678968,
              36.81071455500769
            ],
            [
              10.699833349147621,
              36.81071455500769
            ],
            [
              10.699833349147621,
              36.81026539736563
            ],
            [
              10.699384191505562,
              36.81026539736563
            ],
            [
              10.699384191505562,
              36.809816239723574
            ],
            [
              10.698935033863501,
              36.809816239723574
            ],
            [
              10.698935033863501,
              36.808917924439456
            ],
            [
              10.699833349147621,
              36.808917924439456
            ],
            [
              10.699833349147621,
              36.80801960915534
            ],
            [
              10.70028250678968,
              36.80801960915534
            ],
            [
              10.70028250678968,
              36.80757045151328
            ],
            [
              10.700731664431741,
              36.80757045151328
            ],
            [
              10.700731664431741,
              36.808917924439456
            ],
            [
              10.7011808220738,
              36.808917924439456
            ],
            [
              10.7011808220738,
              36.8084687667974
            ],
            [
              10.701629979715861,
              36.8084687667974
            ],
            [
              10.701629979715861,
              36.808917924439456
            ],
            [
              10.70207913735792,
              36.808917924439456
            ],
            [
              10.70207913735792,
              36.809816239723574
            ],
            [
              10.70252829499998,
              36.809816239723574
            ],
            [
              10.70252829499998,
              36.81026539736563
            ],
            [
              10.70207913735792,
              36.81026539736563
            ],
            [
              10.70207913735792,
              36.81161287029181
            ],
            [
              10.701629979715861,
              36.81161287029181
            ],
            [
              10.701629979715861,
              36.81071455500769
            ]
          ]
        ]
      },
      "id": "+23826+81956",
      "properties": {
        "count": 36,
        "zone": 1
      }
    },
    {
      "type": "Feature",
      "geometry": {
        "geodesic": false,
        "type": "Polygon",
        "coordinates": [
          [
            [
              10.70297745264204,
              36.81610444671241
            ],
            [
              10.7034266102841,
              36.81610444671241
            ],
            [
              10.7034266102841,
              36.81655360435447
            ],
            [
              10.70297745264204,
              36.81655360435447
            ],
            [
              10.70297745264204,
              36.81610444671241
            ]
          ]
        ]
      },
      "id": "+23829+81967",
      "properties": {
        "count": 1,
        "zone": 1
      }
    },
    {
      "type": "Feature",
      "geometry": {
        "geodesic": false,
        "type": "Polygon",
        "coordinates": [
          [
            [
              10.7034266102841,
              36.817002761996534
            ],
            [
              10.703875767926158,
              36.817002761996534
            ],
            [
              10.703875767926158,
              36.81745191963859
            ],
            [
              10.7034266102841,
              36.81745191963859
            ],
            [
              10.7034266102841,
              36.817002761996534
            ]
          ]
        ]
      },
      "id": "+23830+81969",
      "properties": {
        "count": 1,
        "zone": 1
      }
    },
    {
      "type": "Feature",
      "geometry": {
        "geodesic": false,
        "type": "Polygon",
        "coordinates": [
          [
            [
              10.7034266102841,
              36.82733338776391
            ],
            [
              10.703875767926158,
              36.82733338776391
            ],
            [
              10.703875767926158,
              36.82778254540597
            ],
            [
              10.7034266102841,
              36.82778254540597
            ],
            [
              10.7034266102841,
              36.82733338776391
            ]
          ]
        ]
      },
      "id": "+23830+81992",
      "properties": {
        "count": 1,
        "zone": 1
      }
    },
    {
      "type": "Feature",
      "geometry": {
        "geodesic": false,
        "type": "Polygon",
        "coordinates": [
          [
            [
              10.703875767926158,
              36.81835023492271
            ],
            [
              10.70432492556822,
              36.81835023492271
            ],
            [
              10.70432492556822,
              36.81879939256477
            ],
            [
              10.703875767926158,
              36.81879939256477
            ],
            [
              10.703875767926158,
              36.81835023492271
            ]
          ]
        ]
      },
      "id": "+23831+81972",
      "properties": {
        "count": 1,
        "zone": 1
      }
    },
    {
      "type": "Feature",
      "geometry": {
        "geodesic": false,
        "type": "Polygon",
        "coordinates": [
          [
            [
              10.70432492556822,
              36.82733338776391
            ],
            [
              10.704774083210278,
              36.82733338776391
            ],
            [
              10.704774083210278,
              36.82778254540597
            ],
            [
              10.70432492556822,
              36.82778254540597
            ],
            [
              10.70432492556822,
              36.82733338776391
            ]
          ]
        ]
      },
      "id": "+23832+81992",
      "properties": {
        "count": 1,
        "zone": 1
      }
    },
    {
      "type": "Feature",
      "geometry": {
        "geodesic": false,
        "type": "Polygon",
        "coordinates": [
          [
            [
              10.704774083210278,
              36.616229295995815
            ],
            [
              10.705223240852337,
              36.616229295995815
            ],
            [
              10.705223240852337,
              36.616678453637874
            ],
            [
              10.704774083210278,
              36.616678453637874
            ],
            [
              10.704774083210278,
              36.616229295995815
            ]
          ]
        ]
      },
      "id": "+23833+81522",
      "properties": {
        "count": 1,
        "zone": 1
      }
    },
    {
      "type": "Feature",
      "geometry": {
        "geodesic": false,
        "type": "Polygon",
        "coordinates": [
          [
            [
              10.704774083210278,
              36.821494338417125
            ],
            [
              10.705223240852337,
              36.821494338417125
            ],
            [
              10.705223240852337,
              36.82194349605919
            ],
            [
              10.704774083210278,
              36.82194349605919
            ],
            [
              10.704774083210278,
              36.821494338417125
            ]
          ]
        ]
      },
      "id": "+23833+81979",
      "properties": {
        "count": 1,
        "zone": 1
      }
    },
    {
      "type": "Feature",
      "geometry": {
        "geodesic": false,
        "type": "Polygon",
        "coordinates": [
          [
            [
              10.705672398494398,
              36.82284181134331
            ],
            [
              10.706121556136457,
              36.82284181134331
            ],
            [
              10.706121556136457,
              36.82329096898537
            ],
            [
              10.705672398494398,
              36.82329096898537
            ],
            [
              10.705672398494398,
              36.82284181134331
            ]
          ]
        ]
      },
      "id": "+23835+81982",
      "properties": {
        "count": 1,
        "zone": 1
      }
    },
    {
      "type": "Feature",
      "geometry": {
        "geodesic": false,
        "type": "Polygon",
        "coordinates": [
          [
            [
              10.706570713778518,
              36.83002833361626
            ],
            [
              10.707469029062636,
              36.83002833361626
            ],
            [
              10.707469029062636,
              36.83047749125832
            ],
            [
              10.706570713778518,
              36.83047749125832
            ],
            [
              10.706570713778518,
              36.83002833361626
            ]
          ]
        ]
      },
      "id": "+23838+81998",
      "properties": {
        "count": 2,
        "zone": 1
      }
    },
    {
      "type": "Feature",
      "geometry": {
        "geodesic": false,
        "type": "Polygon",
        "coordinates": [
          [
            [
              10.708816501988816,
              36.828680860690085
            ],
            [
              10.709265659630876,
              36.828680860690085
            ],
            [
              10.709265659630876,
              36.829130018332144
            ],
            [
              10.708816501988816,
              36.829130018332144
            ],
            [
              10.708816501988816,
              36.828680860690085
            ]
          ]
        ]
      },
      "id": "+23842+81995",
      "properties": {
        "count": 1,
        "zone": 1
      }
    },
    {
      "type": "Feature",
      "geometry": {
        "geodesic": false,
        "type": "Polygon",
        "coordinates": [
          [
            [
              10.708816501988816,
              36.8295791759742
            ],
            [
              10.709265659630876,
              36.8295791759742
            ],
            [
              10.709265659630876,
              36.83002833361626
            ],
            [
              10.708816501988816,
              36.83002833361626
            ],
            [
              10.708816501988816,
              36.8295791759742
            ]
          ]
        ]
      },
      "id": "+23842+81997",
      "properties": {
        "count": 1,
        "zone": 1
      }
    },
    {
      "type": "Feature",
      "geometry": {
        "geodesic": false,
        "type": "Polygon",
        "coordinates": [
          [
            [
              10.709714817272936,
              36.43521876624573
            ],
            [
              10.710613132557055,
              36.43521876624573
            ],
            [
              10.710613132557055,
              36.43566792388779
            ],
            [
              10.709714817272936,
              36.43566792388779
            ],
            [
              10.709714817272936,
              36.43521876624573
            ]
          ]
        ]
      },
      "id": "+23845+81119",
      "properties": {
        "count": 2,
        "zone": 1
      }
    },
    {
      "type": "Feature",
      "geometry": {
        "geodesic": false,
        "type": "Polygon",
        "coordinates": [
          [
            [
              10.711511447841175,
              36.43566792388779
            ],
            [
              10.711960605483235,
              36.43566792388779
            ],
            [
              10.711960605483235,
              36.43611708152985
            ],
            [
              10.711511447841175,
              36.43611708152985
            ],
            [
              10.711511447841175,
              36.43566792388779
            ]
          ]
        ]
      },
      "id": "+23848+81120",
      "properties": {
        "count": 1,
        "zone": 1
      }
    },
    {
      "type": "Feature",
      "geometry": {
        "geodesic": false,
        "type": "Polygon",
        "coordinates": [
          [
            [
              10.711511447841175,
              36.58344078812546
            ],
            [
              10.711960605483235,
              36.58344078812546
            ],
            [
              10.711960605483235,
              36.58388994576752
            ],
            [
              10.711511447841175,
              36.58388994576752
            ],
            [
              10.711511447841175,
              36.58344078812546
            ]
          ]
        ]
      },
      "id": "+23848+81449",
      "properties": {
        "count": 1,
        "zone": 1
      }
    },
    {
      "type": "Feature",
      "geometry": {
        "geodesic": false,
        "type": "Polygon",
        "coordinates": [
          [
            [
              10.711960605483235,
              36.47160053525258
            ],
            [
              10.712409763125294,
              36.47160053525258
            ],
            [
              10.712409763125294,
              36.472049692894636
            ],
            [
              10.711960605483235,
              36.472049692894636
            ],
            [
              10.711960605483235,
              36.47160053525258
            ]
          ]
        ]
      },
      "id": "+23849+81200",
      "properties": {
        "count": 1,
        "zone": 1
      }
    },
    {
      "type": "Feature",
      "geometry": {
        "geodesic": false,
        "type": "Polygon",
        "coordinates": [
          [
            [
              10.714655551335593,
              36.44779518022341
            ],
            [
              10.715104708977654,
              36.44779518022341
            ],
            [
              10.715104708977654,
              36.44824433786547
            ],
            [
              10.714655551335593,
              36.44824433786547
            ],
            [
              10.714655551335593,
              36.44779518022341
            ]
          ]
        ]
      },
      "id": "+23855+81147",
      "properties": {
        "count": 1,
        "zone": 1
      }
    },
    {
      "type": "Feature",
      "geometry": {
        "geodesic": false,
        "type": "Polygon",
        "coordinates": [
          [
            [
              10.715553866619713,
              36.456778333064605
            ],
            [
              10.716003024261772,
              36.456778333064605
            ],
            [
              10.716003024261772,
              36.457227490706664
            ],
            [
              10.715553866619713,
              36.457227490706664
            ],
            [
              10.715553866619713,
              36.456778333064605
            ]
          ]
        ]
      },
      "id": "+23857+81167",
      "properties": {
        "count": 1,
        "zone": 1
      }
    },
    {
      "type": "Feature",
      "geometry": {
        "geodesic": false,
        "type": "Polygon",
        "coordinates": [
          [
            [
              10.720045443040311,
              36.631500655825846
            ],
            [
              10.72049460068237,
              36.631500655825846
            ],
            [
              10.72049460068237,
              36.63194981346791
            ],
            [
              10.720045443040311,
              36.63194981346791
            ],
            [
              10.720045443040311,
              36.631500655825846
            ]
          ]
        ]
      },
      "id": "+23867+81556",
      "properties": {
        "count": 1,
        "zone": 1
      }
    },
    {
      "type": "Feature",
      "geometry": {
        "geodesic": false,
        "type": "Polygon",
        "coordinates": [
          [
            [
              10.72049460068237,
              36.59826299031343
            ],
            [
              10.72139291596649,
              36.59826299031343
            ],
            [
              10.72139291596649,
              36.59871214795549
            ],
            [
              10.72049460068237,
              36.59871214795549
            ],
            [
              10.72049460068237,
              36.59826299031343
            ]
          ]
        ]
      },
      "id": "+23869+81482",
      "properties": {
        "count": 2,
        "zone": 1
      }
    },
    {
      "type": "Feature",
      "geometry": {
        "geodesic": false,
        "type": "Polygon",
        "coordinates": [
          [
            [
              10.72184207360855,
              36.4981008361341
            ],
            [
              10.722291231250608,
              36.4981008361341
            ],
            [
              10.722291231250608,
              36.49854999377616
            ],
            [
              10.72184207360855,
              36.49854999377616
            ],
            [
              10.72184207360855,
              36.4981008361341
            ]
          ]
        ]
      },
      "id": "+23871+81259",
      "properties": {
        "count": 1,
        "zone": 1
      }
    },
    {
      "type": "Feature",
      "geometry": {
        "geodesic": false,
        "type": "Polygon",
        "coordinates": [
          [
            [
              10.723638704176789,
              36.43971034266633
            ],
            [
              10.724087861818848,
              36.43971034266633
            ],
            [
              10.724087861818848,
              36.44015950030839
            ],
            [
              10.723638704176789,
              36.44015950030839
            ],
            [
              10.723638704176789,
              36.43971034266633
            ]
          ]
        ]
      },
      "id": "+23875+81129",
      "properties": {
        "count": 1,
        "zone": 1
      }
    },
    {
      "type": "Feature",
      "geometry": {
        "geodesic": false,
        "type": "Polygon",
        "coordinates": [
          [
            [
              10.731274384091805,
              36.43926118502427
            ],
            [
              10.731723541733864,
              36.43926118502427
            ],
            [
              10.731723541733864,
              36.43971034266633
            ],
            [
              10.731274384091805,
              36.43971034266633
            ],
            [
              10.731274384091805,
              36.43926118502427
            ]
          ]
        ]
      },
      "id": "+23892+81128",
      "properties": {
        "count": 1,
        "zone": 1
      }
    },
    {
      "type": "Feature",
      "geometry": {
        "geodesic": false,
        "type": "Polygon",
        "coordinates": [
          [
            [
              10.732621857017984,
              36.64587370037176
            ],
            [
              10.733071014660043,
              36.64587370037176
            ],
            [
              10.733071014660043,
              36.64632285801382
            ],
            [
              10.732621857017984,
              36.64632285801382
            ],
            [
              10.732621857017984,
              36.64587370037176
            ]
          ]
        ]
      },
      "id": "+23895+81588",
      "properties": {
        "count": 1,
        "zone": 1
      }
    },
    {
      "type": "Feature",
      "geometry": {
        "geodesic": false,
        "type": "Polygon",
        "coordinates": [
          [
            [
              10.737113433438582,
              36.64856864622412
            ],
            [
              10.737113433438582,
              36.64811948858206
            ],
            [
              10.737562591080641,
              36.64811948858206
            ],
            [
              10.737562591080641,
              36.64722117329794
            ],
            [
              10.7380117487227,
              36.64722117329794
            ],
            [
              10.7380117487227,
              36.64856864622412
            ],
            [
              10.737113433438582,
              36.64856864622412
            ]
          ]
        ]
      },
      "id": "+23906+81593",
      "properties": {
        "count": 4,
        "zone": 1
      }
    },
    {
      "type": "Feature",
      "geometry": {
        "geodesic": false,
        "type": "Polygon",
        "coordinates": [
          [
            [
              10.73891006400682,
              36.468456431758156
            ],
            [
              10.73935922164888,
              36.468456431758156
            ],
            [
              10.73935922164888,
              36.468905589400215
            ],
            [
              10.73891006400682,
              36.468905589400215
            ],
            [
              10.73891006400682,
              36.468456431758156
            ]
          ]
        ]
      },
      "id": "+23909+81193",
      "properties": {
        "count": 1,
        "zone": 1
      }
    },
    {
      "type": "Feature",
      "geometry": {
        "geodesic": false,
        "type": "Polygon",
        "coordinates": [
          [
            [
              10.744299955711538,
              36.63194981346791
            ],
            [
              10.744749113353597,
              36.63194981346791
            ],
            [
              10.744749113353597,
              36.63239897110997
            ],
            [
              10.744299955711538,
              36.63239897110997
            ],
            [
              10.744299955711538,
              36.63194981346791
            ]
          ]
        ]
      },
      "id": "+23921+81557",
      "properties": {
        "count": 1,
        "zone": 1
      }
    },
    {
      "type": "Feature",
      "geometry": {
        "geodesic": false,
        "type": "Polygon",
        "coordinates": [
          [
            [
              10.745198270995656,
              36.44195613087663
            ],
            [
              10.745647428637717,
              36.44195613087663
            ],
            [
              10.745647428637717,
              36.44240528851869
            ],
            [
              10.745198270995656,
              36.44240528851869
            ],
            [
              10.745198270995656,
              36.44195613087663
            ]
          ]
        ]
      },
      "id": "+23923+81134",
      "properties": {
        "count": 1,
        "zone": 1
      }
    },
    {
      "type": "Feature",
      "geometry": {
        "geodesic": false,
        "type": "Polygon",
        "coordinates": [
          [
            [
              10.746994901563896,
              36.7190863960275
            ],
            [
              10.747444059205955,
              36.7190863960275
            ],
            [
              10.747444059205955,
              36.719535553669566
            ],
            [
              10.746994901563896,
              36.719535553669566
            ],
            [
              10.746994901563896,
              36.7190863960275
            ]
          ]
        ]
      },
      "id": "+23927+81751",
      "properties": {
        "count": 1,
        "zone": 1
      }
    },
    {
      "type": "Feature",
      "geometry": {
        "geodesic": false,
        "type": "Polygon",
        "coordinates": [
          [
            [
              10.746545743921835,
              36.719984711311625
            ],
            [
              10.747444059205955,
              36.719984711311625
            ],
            [
              10.747444059205955,
              36.720433868953684
            ],
            [
              10.746545743921835,
              36.720433868953684
            ],
            [
              10.746545743921835,
              36.719984711311625
            ]
          ]
        ]
      },
      "id": "+23927+81753",
      "properties": {
        "count": 2,
        "zone": 1
      }
    },
    {
      "type": "Feature",
      "geometry": {
        "geodesic": false,
        "type": "Polygon",
        "coordinates": [
          [
            [
              10.747893216848015,
              36.7190863960275
            ],
            [
              10.748791532132135,
              36.7190863960275
            ],
            [
              10.748791532132135,
              36.719535553669566
            ],
            [
              10.747893216848015,
              36.719535553669566
            ],
            [
              10.747893216848015,
              36.7190863960275
            ]
          ]
        ]
      },
      "id": "+23930+81751",
      "properties": {
        "count": 2,
        "zone": 1
      }
    },
    {
      "type": "Feature",
      "geometry": {
        "geodesic": false,
        "type": "Polygon",
        "coordinates": [
          [
            [
              10.750588162700375,
              36.7190863960275
            ],
            [
              10.751037320342434,
              36.7190863960275
            ],
            [
              10.751037320342434,
              36.719535553669566
            ],
            [
              10.750588162700375,
              36.719535553669566
            ],
            [
              10.750588162700375,
              36.7190863960275
            ]
          ]
        ]
      },
      "id": "+23935+81751",
      "properties": {
        "count": 1,
        "zone": 1
      }
    },
    {
      "type": "Feature",
      "geometry": {
        "geodesic": false,
        "type": "Polygon",
        "coordinates": [
          [
            [
              10.753732266194792,
              36.542567442698015
            ],
            [
              10.753732266194792,
              36.542118285055956
            ],
            [
              10.753283108552733,
              36.542118285055956
            ],
            [
              10.753283108552733,
              36.54121996977184
            ],
            [
              10.753732266194792,
              36.54121996977184
            ],
            [
              10.753732266194792,
              36.5416691274139
            ],
            [
              10.754181423836853,
              36.5416691274139
            ],
            [
              10.754181423836853,
              36.542567442698015
            ],
            [
              10.753732266194792,
              36.542567442698015
            ]
          ]
        ]
      },
      "id": "+23942+81357",
      "properties": {
        "count": 4,
        "zone": 1
      }
    },
    {
      "type": "Feature",
      "geometry": {
        "geodesic": false,
        "type": "Polygon",
        "coordinates": [
          [
            [
              10.75732552733127,
              36.46037159420108
            ],
            [
              10.757774684973331,
              36.46037159420108
            ],
            [
              10.757774684973331,
              36.46082075184314
            ],
            [
              10.75732552733127,
              36.46082075184314
            ],
            [
              10.75732552733127,
              36.46037159420108
            ]
          ]
        ]
      },
      "id": "+23950+81175",
      "properties": {
        "count": 1,
        "zone": 1
      }
    },
    {
      "type": "Feature",
      "geometry": {
        "geodesic": false,
        "type": "Polygon",
        "coordinates": [
          [
            [
              10.762715419035988,
              36.48148200337789
            ],
            [
              10.763164576678047,
              36.48148200337789
            ],
            [
              10.763164576678047,
              36.48193116101995
            ],
            [
              10.762715419035988,
              36.48193116101995
            ],
            [
              10.762715419035988,
              36.48148200337789
            ]
          ]
        ]
      },
      "id": "+23962+81222",
      "properties": {
        "count": 1,
        "zone": 1
      }
    },
    {
      "type": "Feature",
      "geometry": {
        "geodesic": false,
        "type": "Polygon",
        "coordinates": [
          [
            [
              10.763613734320106,
              36.71414566196484
            ],
            [
              10.764062891962167,
              36.71414566196484
            ],
            [
              10.764062891962167,
              36.71459481960691
            ],
            [
              10.763613734320106,
              36.71459481960691
            ],
            [
              10.763613734320106,
              36.71414566196484
            ]
          ]
        ]
      },
      "id": "+23964+81740",
      "properties": {
        "count": 1,
        "zone": 1
      }
    },
    {
      "type": "Feature",
      "geometry": {
        "geodesic": false,
        "type": "Polygon",
        "coordinates": [
          [
            [
              10.765410364888346,
              36.4981008361341
            ],
            [
              10.765859522530405,
              36.4981008361341
            ],
            [
              10.765859522530405,
              36.49899915141822
            ],
            [
              10.765410364888346,
              36.49899915141822
            ],
            [
              10.765410364888346,
              36.4981008361341
            ]
          ]
        ]
      },
      "id": "+23968+81260",
      "properties": {
        "count": 2,
        "zone": 1
      }
    },
    {
      "type": "Feature",
      "geometry": {
        "geodesic": false,
        "type": "Polygon",
        "coordinates": [
          [
            [
              10.765410364888346,
              36.716391450175145
            ],
            [
              10.765859522530405,
              36.716391450175145
            ],
            [
              10.765859522530405,
              36.716840607817204
            ],
            [
              10.765410364888346,
              36.716840607817204
            ],
            [
              10.765410364888346,
              36.716391450175145
            ]
          ]
        ]
      },
      "id": "+23968+81745",
      "properties": {
        "count": 1,
        "zone": 1
      }
    },
    {
      "type": "Feature",
      "geometry": {
        "geodesic": false,
        "type": "Polygon",
        "coordinates": [
          [
            [
              10.766308680172466,
              36.49899915141822
            ],
            [
              10.766308680172466,
              36.49765167849204
            ],
            [
              10.767206995456585,
              36.49765167849204
            ],
            [
              10.767206995456585,
              36.4981008361341
            ],
            [
              10.766757837814525,
              36.4981008361341
            ],
            [
              10.766757837814525,
              36.49899915141822
            ],
            [
              10.766308680172466,
              36.49899915141822
            ]
          ]
        ]
      },
      "id": "+23970+81260",
      "properties": {
        "count": 4,
        "zone": 1
      }
    },
    {
      "type": "Feature",
      "geometry": {
        "geodesic": false,
        "type": "Polygon",
        "coordinates": [
          [
            [
              10.766308680172466,
              36.543016600340074
            ],
            [
              10.766757837814525,
              36.543016600340074
            ],
            [
              10.766757837814525,
              36.54346575798213
            ],
            [
              10.766308680172466,
              36.54346575798213
            ],
            [
              10.766308680172466,
              36.543016600340074
            ]
          ]
        ]
      },
      "id": "+23970+81359",
      "properties": {
        "count": 1,
        "zone": 1
      }
    },
    {
      "type": "Feature",
      "geometry": {
        "geodesic": false,
        "type": "Polygon",
        "coordinates": [
          [
            [
              10.767656153098645,
              36.55918627545423
            ],
            [
              10.768105310740705,
              36.55918627545423
            ],
            [
              10.768105310740705,
              36.55963543309629
            ],
            [
              10.767656153098645,
              36.55963543309629
            ],
            [
              10.767656153098645,
              36.55918627545423
            ]
          ]
        ]
      },
      "id": "+23973+81395",
      "properties": {
        "count": 1,
        "zone": 1
      }
    },
    {
      "type": "Feature",
      "geometry": {
        "geodesic": false,
        "type": "Polygon",
        "coordinates": [
          [
            [
              10.767656153098645,
              36.69887430213481
            ],
            [
              10.768105310740705,
              36.69887430213481
            ],
            [
              10.768105310740705,
              36.69932345977687
            ],
            [
              10.767656153098645,
              36.69932345977687
            ],
            [
              10.767656153098645,
              36.69887430213481
            ]
          ]
        ]
      },
      "id": "+23973+81706",
      "properties": {
        "count": 1,
        "zone": 1
      }
    },
    {
      "type": "Feature",
      "geometry": {
        "geodesic": false,
        "type": "Polygon",
        "coordinates": [
          [
            [
              10.768105310740705,
              36.71189987375455
            ],
            [
              10.768554468382764,
              36.71189987375455
            ],
            [
              10.768554468382764,
              36.712349031396606
            ],
            [
              10.768105310740705,
              36.712349031396606
            ],
            [
              10.768105310740705,
              36.71189987375455
            ]
          ]
        ]
      },
      "id": "+23974+81735",
      "properties": {
        "count": 1,
        "zone": 1
      }
    },
    {
      "type": "Feature",
      "geometry": {
        "geodesic": false,
        "type": "Polygon",
        "coordinates": [
          [
            [
              10.767656153098645,
              36.715942292533086
            ],
            [
              10.767656153098645,
              36.71504397724897
            ],
            [
              10.768554468382764,
              36.71504397724897
            ],
            [
              10.768554468382764,
              36.71459481960691
            ],
            [
              10.769901941308945,
              36.71459481960691
            ],
            [
              10.769901941308945,
              36.71369650432278
            ],
            [
              10.770351098951004,
              36.71369650432278
            ],
            [
              10.770351098951004,
              36.713247346680724
            ],
            [
              10.771249414235124,
              36.713247346680724
            ],
            [
              10.771249414235124,
              36.71414566196484
            ],
            [
              10.770800256593063,
              36.71414566196484
            ],
            [
              10.770800256593063,
              36.71459481960691
            ],
            [
              10.770351098951004,
              36.71459481960691
            ],
            [
              10.770351098951004,
              36.71504397724897
            ],
            [
              10.769452783666884,
              36.71504397724897
            ],
            [
              10.769452783666884,
              36.71549313489103
            ],
            [
              10.768554468382764,
              36.71549313489103
            ],
            [
              10.768554468382764,
              36.715942292533086
            ],
            [
              10.767656153098645,
              36.715942292533086
            ]
          ]
        ]
      },
      "id": "+23974+81743",
      "properties": {
        "count": 17,
        "zone": 1
      }
    },
    {
      "type": "Feature",
      "geometry": {
        "geodesic": false,
        "type": "Polygon",
        "coordinates": [
          [
            [
              10.768554468382764,
              36.534931762783
            ],
            [
              10.769003626024825,
              36.534931762783
            ],
            [
              10.769003626024825,
              36.53538092042506
            ],
            [
              10.768554468382764,
              36.53538092042506
            ],
            [
              10.768554468382764,
              36.534931762783
            ]
          ]
        ]
      },
      "id": "+23975+81341",
      "properties": {
        "count": 1,
        "zone": 1
      }
    },
    {
      "type": "Feature",
      "geometry": {
        "geodesic": false,
        "type": "Polygon",
        "coordinates": [
          [
            [
              10.769003626024825,
              36.53538092042506
            ],
            [
              10.769901941308945,
              36.53538092042506
            ],
            [
              10.769901941308945,
              36.53583007806712
            ],
            [
              10.769003626024825,
              36.53583007806712
            ],
            [
              10.769003626024825,
              36.53538092042506
            ]
          ]
        ]
      },
      "id": "+23977+81342",
      "properties": {
        "count": 2,
        "zone": 1
      }
    },
    {
      "type": "Feature",
      "geometry": {
        "geodesic": false,
        "type": "Polygon",
        "coordinates": [
          [
            [
              10.769452783666884,
              36.71010324318631
            ],
            [
              10.769452783666884,
              36.709654085544244
            ],
            [
              10.769003626024825,
              36.709654085544244
            ],
            [
              10.769003626024825,
              36.708755770260126
            ],
            [
              10.769901941308945,
              36.708755770260126
            ],
            [
              10.769901941308945,
              36.709204927902185
            ],
            [
              10.770351098951004,
              36.709204927902185
            ],
            [
              10.770351098951004,
              36.71010324318631
            ],
            [
              10.769452783666884,
              36.71010324318631
            ]
          ]
        ]
      },
      "id": "+23978+81730",
      "properties": {
        "count": 7,
        "zone": 1
      }
    },
    {
      "type": "Feature",
      "geometry": {
        "geodesic": false,
        "type": "Polygon",
        "coordinates": [
          [
            [
              10.768554468382764,
              36.712798189038665
            ],
            [
              10.768554468382764,
              36.712349031396606
            ],
            [
              10.769452783666884,
              36.712349031396606
            ],
            [
              10.769452783666884,
              36.71189987375455
            ],
            [
              10.768554468382764,
              36.71189987375455
            ],
            [
              10.768554468382764,
              36.71055240082837
            ],
            [
              10.769003626024825,
              36.71055240082837
            ],
            [
              10.769003626024825,
              36.71010324318631
            ],
            [
              10.769452783666884,
              36.71010324318631
            ],
            [
              10.769452783666884,
              36.71055240082837
            ],
            [
              10.769901941308945,
              36.71055240082837
            ],
            [
              10.769901941308945,
              36.71100155847043
            ],
            [
              10.771249414235124,
              36.71100155847043
            ],
            [
              10.771249414235124,
              36.71055240082837
            ],
            [
              10.770351098951004,
              36.71055240082837
            ],
            [
              10.770351098951004,
              36.71010324318631
            ],
            [
              10.771698571877183,
              36.71010324318631
            ],
            [
              10.771698571877183,
              36.71055240082837
            ],
            [
              10.772147729519242,
              36.71055240082837
            ],
            [
              10.772147729519242,
              36.71010324318631
            ],
            [
              10.772596887161303,
              36.71010324318631
            ],
            [
              10.772596887161303,
              36.709204927902185
            ],
            [
              10.773046044803362,
              36.709204927902185
            ],
            [
              10.773046044803362,
              36.71145071611249
            ],
            [
              10.772596887161303,
              36.71145071611249
            ],
            [
              10.772596887161303,
              36.712349031396606
            ],
            [
              10.771249414235124,
              36.712349031396606
            ],
            [
              10.771249414235124,
              36.71189987375455
            ],
            [
              10.770800256593063,
              36.71189987375455
            ],
            [
              10.770800256593063,
              36.712798189038665
            ],
            [
              10.768554468382764,
              36.712798189038665
            ]
          ]
        ]
      },
      "id": "+23979+81736",
      "properties": {
        "count": 45,
        "zone": 1
      }
    },
    {
      "type": "Feature",
      "geometry": {
        "geodesic": false,
        "type": "Polygon",
        "coordinates": [
          [
            [
              10.771698571877183,
              36.712798189038665
            ],
            [
              10.772147729519242,
              36.712798189038665
            ],
            [
              10.772147729519242,
              36.713247346680724
            ],
            [
              10.771698571877183,
              36.713247346680724
            ],
            [
              10.771698571877183,
              36.712798189038665
            ]
          ]
        ]
      },
      "id": "+23982+81737",
      "properties": {
        "count": 1,
        "zone": 1
      }
    },
    {
      "type": "Feature",
      "geometry": {
        "geodesic": false,
        "type": "Polygon",
        "coordinates": [
          [
            [
              10.774842675371602,
              36.4635156976955
            ],
            [
              10.775291833013661,
              36.4635156976955
            ],
            [
              10.775291833013661,
              36.46396485533756
            ],
            [
              10.774842675371602,
              36.46396485533756
            ],
            [
              10.774842675371602,
              36.4635156976955
            ]
          ]
        ]
      },
      "id": "+23989+81182",
      "properties": {
        "count": 1,
        "zone": 1
      }
    },
    {
      "type": "Feature",
      "geometry": {
        "geodesic": false,
        "type": "Polygon",
        "coordinates": [
          [
            [
              10.780232567076318,
              36.503939885480875
            ],
            [
              10.780681724718377,
              36.503939885480875
            ],
            [
              10.780681724718377,
              36.504389043122934
            ],
            [
              10.780232567076318,
              36.504389043122934
            ],
            [
              10.780232567076318,
              36.503939885480875
            ]
          ]
        ]
      },
      "id": "+24001+81272",
      "properties": {
        "count": 1,
        "zone": 1
      }
    },
    {
      "type": "Feature",
      "geometry": {
        "geodesic": false,
        "type": "Polygon",
        "coordinates": [
          [
            [
              10.781580040002497,
              36.5785000540628
            ],
            [
              10.782478355286617,
              36.5785000540628
            ],
            [
              10.782478355286617,
              36.57984752698898
            ],
            [
              10.781580040002497,
              36.57984752698898
            ],
            [
              10.781580040002497,
              36.5785000540628
            ]
          ]
        ]
      },
      "id": "+24005+81440",
      "properties": {
        "count": 6,
        "zone": 1
      }
    },
    {
      "type": "Feature",
      "geometry": {
        "geodesic": false,
        "type": "Polygon",
        "coordinates": [
          [
            [
              10.783825828212796,
              36.52055871823709
            ],
            [
              10.784274985854855,
              36.52055871823709
            ],
            [
              10.784274985854855,
              36.52100787587915
            ],
            [
              10.783825828212796,
              36.52100787587915
            ],
            [
              10.783825828212796,
              36.52055871823709
            ]
          ]
        ]
      },
      "id": "+24009+81309",
      "properties": {
        "count": 1,
        "zone": 1
      }
    },
    {
      "type": "Feature",
      "geometry": {
        "geodesic": false,
        "type": "Polygon",
        "coordinates": [
          [
            [
              10.784724143496916,
              36.488668525650844
            ],
            [
              10.785173301138975,
              36.488668525650844
            ],
            [
              10.785173301138975,
              36.4891176832929
            ],
            [
              10.784724143496916,
              36.4891176832929
            ],
            [
              10.784724143496916,
              36.488668525650844
            ]
          ]
        ]
      },
      "id": "+24011+81238",
      "properties": {
        "count": 1,
        "zone": 1
      }
    },
    {
      "type": "Feature",
      "geometry": {
        "geodesic": false,
        "type": "Polygon",
        "coordinates": [
          [
            [
              10.792359823411932,
              36.523702821731504
            ],
            [
              10.792808981053991,
              36.523702821731504
            ],
            [
              10.792808981053991,
              36.52415197937356
            ],
            [
              10.792359823411932,
              36.52415197937356
            ],
            [
              10.792359823411932,
              36.523702821731504
            ]
          ]
        ]
      },
      "id": "+24028+81316",
      "properties": {
        "count": 1,
        "zone": 1
      }
    },
    {
      "type": "Feature",
      "geometry": {
        "geodesic": false,
        "type": "Polygon",
        "coordinates": [
          [
            [
              10.792808981053991,
              36.484626106872305
            ],
            [
              10.793258138696052,
              36.484626106872305
            ],
            [
              10.793258138696052,
              36.485075264514364
            ],
            [
              10.792808981053991,
              36.485075264514364
            ],
            [
              10.792808981053991,
              36.484626106872305
            ]
          ]
        ]
      },
      "id": "+24029+81229",
      "properties": {
        "count": 1,
        "zone": 1
      }
    },
    {
      "type": "Feature",
      "geometry": {
        "geodesic": false,
        "type": "Polygon",
        "coordinates": [
          [
            [
              10.792359823411932,
              36.54795733440273
            ],
            [
              10.793258138696052,
              36.54795733440273
            ],
            [
              10.793258138696052,
              36.54840649204479
            ],
            [
              10.792359823411932,
              36.54840649204479
            ],
            [
              10.792359823411932,
              36.54795733440273
            ]
          ]
        ]
      },
      "id": "+24029+81370",
      "properties": {
        "count": 2,
        "zone": 1
      }
    },
    {
      "type": "Feature",
      "geometry": {
        "geodesic": false,
        "type": "Polygon",
        "coordinates": [
          [
            [
              10.793258138696052,
              36.49495673263968
            ],
            [
              10.79370729633811,
              36.49495673263968
            ],
            [
              10.79370729633811,
              36.495405890281745
            ],
            [
              10.793258138696052,
              36.495405890281745
            ],
            [
              10.793258138696052,
              36.49495673263968
            ]
          ]
        ]
      },
      "id": "+24030+81252",
      "properties": {
        "count": 1,
        "zone": 1
      }
    },
    {
      "type": "Feature",
      "geometry": {
        "geodesic": false,
        "type": "Polygon",
        "coordinates": [
          [
            [
              10.798648030400768,
              36.476092111673175
            ],
            [
              10.799097188042829,
              36.476092111673175
            ],
            [
              10.799097188042829,
              36.476541269315234
            ],
            [
              10.798648030400768,
              36.476541269315234
            ],
            [
              10.798648030400768,
              36.476092111673175
            ]
          ]
        ]
      },
      "id": "+24042+81210",
      "properties": {
        "count": 1,
        "zone": 1
      }
    },
    {
      "type": "Feature",
      "geometry": {
        "geodesic": false,
        "type": "Polygon",
        "coordinates": [
          [
            [
              10.800444660969008,
              36.47788874224141
            ],
            [
              10.800893818611067,
              36.47788874224141
            ],
            [
              10.800893818611067,
              36.47833789988347
            ],
            [
              10.800444660969008,
              36.47833789988347
            ],
            [
              10.800444660969008,
              36.47788874224141
            ]
          ]
        ]
      },
      "id": "+24046+81214",
      "properties": {
        "count": 1,
        "zone": 1
      }
    },
    {
      "type": "Feature",
      "geometry": {
        "geodesic": false,
        "type": "Polygon",
        "coordinates": [
          [
            [
              10.800893818611067,
              36.61128856193316
            ],
            [
              10.801342976253126,
              36.61128856193316
            ],
            [
              10.801342976253126,
              36.61173771957522
            ],
            [
              10.800893818611067,
              36.61173771957522
            ],
            [
              10.800893818611067,
              36.61128856193316
            ]
          ]
        ]
      },
      "id": "+24047+81511",
      "properties": {
        "count": 1,
        "zone": 1
      }
    },
    {
      "type": "Feature",
      "geometry": {
        "geodesic": false,
        "type": "Polygon",
        "coordinates": [
          [
            [
              10.802690449179305,
              36.60994108900698
            ],
            [
              10.803139606821366,
              36.60994108900698
            ],
            [
              10.803139606821366,
              36.61039024664904
            ],
            [
              10.802690449179305,
              36.61039024664904
            ],
            [
              10.802690449179305,
              36.60994108900698
            ]
          ]
        ]
      },
      "id": "+24051+81508",
      "properties": {
        "count": 1,
        "zone": 1
      }
    },
    {
      "type": "Feature",
      "geometry": {
        "geodesic": false,
        "type": "Polygon",
        "coordinates": [
          [
            [
              10.807631183241964,
              36.60679698551256
            ],
            [
              10.808529498526083,
              36.60679698551256
            ],
            [
              10.808529498526083,
              36.60724614315462
            ],
            [
              10.807631183241964,
              36.60724614315462
            ],
            [
              10.807631183241964,
              36.60679698551256
            ]
          ]
        ]
      },
      "id": "+24063+81501",
      "properties": {
        "count": 2,
        "zone": 1
      }
    },
    {
      "type": "Feature",
      "geometry": {
        "geodesic": false,
        "type": "Polygon",
        "coordinates": [
          [
            [
              10.808529498526083,
              36.565474482443065
            ],
            [
              10.808529498526083,
              36.565025324801006
            ],
            [
              10.808080340884024,
              36.565025324801006
            ],
            [
              10.808080340884024,
              36.56457616715895
            ],
            [
              10.808978656168144,
              36.56457616715895
            ],
            [
              10.808978656168144,
              36.565025324801006
            ],
            [
              10.809427813810203,
              36.565025324801006
            ],
            [
              10.809427813810203,
              36.565474482443065
            ],
            [
              10.808529498526083,
              36.565474482443065
            ]
          ]
        ]
      },
      "id": "+24065+81408",
      "properties": {
        "count": 4,
        "zone": 1
      }
    },
    {
      "type": "Feature",
      "geometry": {
        "geodesic": false,
        "type": "Polygon",
        "coordinates": [
          [
            [
              10.81122444437844,
              36.5416691274139
            ],
            [
              10.81122444437844,
              36.54121996977184
            ],
            [
              10.810775286736382,
              36.54121996977184
            ],
            [
              10.810775286736382,
              36.54077081212978
            ],
            [
              10.81122444437844,
              36.54077081212978
            ],
            [
              10.81122444437844,
              36.54032165448772
            ],
            [
              10.811673602020502,
              36.54032165448772
            ],
            [
              10.811673602020502,
              36.54077081212978
            ],
            [
              10.81212275966256,
              36.54077081212978
            ],
            [
              10.81212275966256,
              36.5416691274139
            ],
            [
              10.81122444437844,
              36.5416691274139
            ]
          ]
        ]
      },
      "id": "+24071+81355",
      "properties": {
        "count": 6,
        "zone": 1
      }
    },
    {
      "type": "Feature",
      "geometry": {
        "geodesic": false,
        "type": "Polygon",
        "coordinates": [
          [
            [
              10.81302107494668,
              36.46396485533756
            ],
            [
              10.81347023258874,
              36.46396485533756
            ],
            [
              10.81347023258874,
              36.46441401297962
            ],
            [
              10.81302107494668,
              36.46441401297962
            ],
            [
              10.81302107494668,
              36.46396485533756
            ]
          ]
        ]
      },
      "id": "+24074+81183",
      "properties": {
        "count": 1,
        "zone": 1
      }
    },
    {
      "type": "Feature",
      "geometry": {
        "geodesic": false,
        "type": "Polygon",
        "coordinates": [
          [
            [
              10.81302107494668,
              36.4680072741161
            ],
            [
              10.81347023258874,
              36.4680072741161
            ],
            [
              10.81347023258874,
              36.468456431758156
            ],
            [
              10.81302107494668,
              36.468456431758156
            ],
            [
              10.81302107494668,
              36.4680072741161
            ]
          ]
        ]
      },
      "id": "+24074+81192",
      "properties": {
        "count": 1,
        "zone": 1
      }
    },
    {
      "type": "Feature",
      "geometry": {
        "geodesic": false,
        "type": "Polygon",
        "coordinates": [
          [
            [
              10.81347023258874,
              36.46621064354786
            ],
            [
              10.81347023258874,
              36.465761485905794
            ],
            [
              10.8139193902308,
              36.465761485905794
            ],
            [
              10.8139193902308,
              36.465312328263735
            ],
            [
              10.81436854787286,
              36.465312328263735
            ],
            [
              10.81436854787286,
              36.46621064354786
            ],
            [
              10.81347023258874,
              36.46621064354786
            ]
          ]
        ]
      },
      "id": "+24076+81187",
      "properties": {
        "count": 3,
        "zone": 1
      }
    },
    {
      "type": "Feature",
      "geometry": {
        "geodesic": false,
        "type": "Polygon",
        "coordinates": [
          [
            [
              10.81526686315698,
              36.58029668463104
            ],
            [
              10.815716020799039,
              36.58029668463104
            ],
            [
              10.815716020799039,
              36.580745842273096
            ],
            [
              10.81526686315698,
              36.580745842273096
            ],
            [
              10.81526686315698,
              36.58029668463104
            ]
          ]
        ]
      },
      "id": "+24079+81442",
      "properties": {
        "count": 1,
        "zone": 1
      }
    },
    {
      "type": "Feature",
      "geometry": {
        "geodesic": false,
        "type": "Polygon",
        "coordinates": [
          [
            [
              10.815716020799039,
              36.60949193136492
            ],
            [
              10.8161651784411,
              36.60949193136492
            ],
            [
              10.8161651784411,
              36.60994108900698
            ],
            [
              10.815716020799039,
              36.60994108900698
            ],
            [
              10.815716020799039,
              36.60949193136492
            ]
          ]
        ]
      },
      "id": "+24080+81507",
      "properties": {
        "count": 1,
        "zone": 1
      }
    },
    {
      "type": "Feature",
      "geometry": {
        "geodesic": false,
        "type": "Polygon",
        "coordinates": [
          [
            [
              10.8161651784411,
              36.60679698551256
            ],
            [
              10.816614336083159,
              36.60679698551256
            ],
            [
              10.816614336083159,
              36.60724614315462
            ],
            [
              10.8161651784411,
              36.60724614315462
            ],
            [
              10.8161651784411,
              36.60679698551256
            ]
          ]
        ]
      },
      "id": "+24081+81501",
      "properties": {
        "count": 1,
        "zone": 1
      }
    },
    {
      "type": "Feature",
      "geometry": {
        "geodesic": false,
        "type": "Polygon",
        "coordinates": [
          [
            [
              10.817961809009338,
              36.54077081212978
            ],
            [
              10.818410966651397,
              36.54077081212978
            ],
            [
              10.818410966651397,
              36.54121996977184
            ],
            [
              10.817961809009338,
              36.54121996977184
            ],
            [
              10.817961809009338,
              36.54077081212978
            ]
          ]
        ]
      },
      "id": "+24085+81354",
      "properties": {
        "count": 1,
        "zone": 1
      }
    },
    {
      "type": "Feature",
      "geometry": {
        "geodesic": false,
        "type": "Polygon",
        "coordinates": [
          [
            [
              10.818860124293458,
              36.476092111673175
            ],
            [
              10.819309281935517,
              36.476092111673175
            ],
            [
              10.819309281935517,
              36.476541269315234
            ],
            [
              10.818860124293458,
              36.476541269315234
            ],
            [
              10.818860124293458,
              36.476092111673175
            ]
          ]
        ]
      },
      "id": "+24087+81210",
      "properties": {
        "count": 1,
        "zone": 1
      }
    },
    {
      "type": "Feature",
      "geometry": {
        "geodesic": false,
        "type": "Polygon",
        "coordinates": [
          [
            [
              10.818860124293458,
              36.48238031866201
            ],
            [
              10.818860124293458,
              36.48193116101995
            ],
            [
              10.818410966651397,
              36.48193116101995
            ],
            [
              10.818410966651397,
              36.48103284573583
            ],
            [
              10.817961809009338,
              36.48103284573583
            ],
            [
              10.817961809009338,
              36.480583688093766
            ],
            [
              10.817063493725218,
              36.480583688093766
            ],
            [
              10.817063493725218,
              36.48013453045171
            ],
            [
              10.816614336083159,
              36.48013453045171
            ],
            [
              10.816614336083159,
              36.47968537280965
            ],
            [
              10.8161651784411,
              36.47968537280965
            ],
            [
              10.8161651784411,
              36.47923621516759
            ],
            [
              10.815716020799039,
              36.47923621516759
            ],
            [
              10.815716020799039,
              36.47699042695729
            ],
            [
              10.81526686315698,
              36.47699042695729
            ],
            [
              10.81526686315698,
              36.476541269315234
            ],
            [
              10.81436854787286,
              36.476541269315234
            ],
            [
              10.81436854787286,
              36.476092111673175
            ],
            [
              10.8139193902308,
              36.476092111673175
            ],
            [
              10.8139193902308,
              36.47564295403111
            ],
            [
              10.81347023258874,
              36.47564295403111
            ],
            [
              10.81347023258874,
              36.47519379638905
            ],
            [
              10.81302107494668,
              36.47519379638905
            ],
            [
              10.81302107494668,
              36.47429548110493
            ],
            [
              10.81347023258874,
              36.47429548110493
            ],
            [
              10.81347023258874,
              36.47384632346287
            ],
            [
              10.8139193902308,
              36.47384632346287
            ],
            [
              10.8139193902308,
              36.47339716582081
            ],
            [
              10.81347023258874,
              36.47339716582081
            ],
            [
              10.81347023258874,
              36.472948008178754
            ],
            [
              10.8139193902308,
              36.472948008178754
            ],
            [
              10.8139193902308,
              36.472049692894636
            ],
            [
              10.81347023258874,
              36.472049692894636
            ],
            [
              10.81347023258874,
              36.47160053525258
            ],
            [
              10.811673602020502,
              36.47160053525258
            ],
            [
              10.811673602020502,
              36.47025306232639
            ],
            [
              10.81212275966256,
              36.47025306232639
            ],
            [
              10.81212275966256,
              36.468905589400215
            ],
            [
              10.81302107494668,
              36.468905589400215
            ],
            [
              10.81302107494668,
              36.469354747042274
            ],
            [
              10.81347023258874,
              36.469354747042274
            ],
            [
              10.81347023258874,
              36.468905589400215
            ],
            [
              10.8139193902308,
              36.468905589400215
            ],
            [
              10.8139193902308,
              36.468456431758156
            ],
            [
              10.814817705514919,
              36.468456431758156
            ],
            [
              10.814817705514919,
              36.468905589400215
            ],
            [
              10.81526686315698,
              36.468905589400215
            ],
            [
              10.81526686315698,
              36.469354747042274
            ],
            [
              10.815716020799039,
              36.469354747042274
            ],
            [
              10.815716020799039,
              36.47070221996845
            ],
            [
              10.8161651784411,
              36.47070221996845
            ],
            [
              10.8161651784411,
              36.47115137761052
            ],
            [
              10.816614336083159,
              36.47115137761052
            ],
            [
              10.816614336083159,
              36.47160053525258
            ],
            [
              10.817512651367279,
              36.47160053525258
            ],
            [
              10.817512651367279,
              36.472049692894636
            ],
            [
              10.817063493725218,
              36.472049692894636
            ],
            [
              10.817063493725218,
              36.47339716582081
            ],
            [
              10.817512651367279,
              36.47339716582081
            ],
            [
              10.817512651367279,
              36.47429548110493
            ],
            [
              10.817961809009338,
              36.47429548110493
            ],
            [
              10.817961809009338,
              36.47699042695729
            ],
            [
              10.818410966651397,
              36.47699042695729
            ],
            [
              10.818410966651397,
              36.47743958459935
            ],
            [
              10.817961809009338,
              36.47743958459935
            ],
            [
              10.817961809009338,
              36.47833789988347
            ],
            [
              10.818410966651397,
              36.47833789988347
            ],
            [
              10.818410966651397,
              36.47878705752553
            ],
            [
              10.818860124293458,
              36.47878705752553
            ],
            [
              10.818860124293458,
              36.48013453045171
            ],
            [
              10.819309281935517,
              36.48013453045171
            ],
            [
              10.819309281935517,
              36.48103284573583
            ],
            [
              10.819758439577576,
              36.48103284573583
            ],
            [
              10.819758439577576,
              36.48193116101995
            ],
            [
              10.819309281935517,
              36.48193116101995
            ],
            [
              10.819309281935517,
              36.48238031866201
            ],
            [
              10.818860124293458,
              36.48238031866201
            ]
          ],
          [
            [
              10.818410966651397,
              36.48013453045171
            ],
            [
              10.817961809009338,
              36.48013453045171
            ],
            [
              10.817961809009338,
              36.47968537280965
            ],
            [
              10.818410966651397,
              36.47968537280965
            ],
            [
              10.818410966651397,
              36.48013453045171
            ]
          ]
        ]
      },
      "id": "+24087+81223",
      "properties": {
        "count": 211,
        "zone": 1
      }
    },
    {
      "type": "Feature",
      "geometry": {
        "geodesic": false,
        "type": "Polygon",
        "coordinates": [
          [
            [
              10.818860124293458,
              36.52055871823709
            ],
            [
              10.819758439577576,
              36.52055871823709
            ],
            [
              10.819758439577576,
              36.52100787587915
            ],
            [
              10.818860124293458,
              36.52100787587915
            ],
            [
              10.818860124293458,
              36.52055871823709
            ]
          ]
        ]
      },
      "id": "+24088+81309",
      "properties": {
        "count": 2,
        "zone": 1
      }
    },
    {
      "type": "Feature",
      "geometry": {
        "geodesic": false,
        "type": "Polygon",
        "coordinates": [
          [
            [
              10.819758439577576,
              36.52010956059503
            ],
            [
              10.820207597219637,
              36.52010956059503
            ],
            [
              10.820207597219637,
              36.52055871823709
            ],
            [
              10.819758439577576,
              36.52055871823709
            ],
            [
              10.819758439577576,
              36.52010956059503
            ]
          ]
        ]
      },
      "id": "+24089+81308",
      "properties": {
        "count": 1,
        "zone": 1
      }
    },
    {
      "type": "Feature",
      "geometry": {
        "geodesic": false,
        "type": "Polygon",
        "coordinates": [
          [
            [
              10.819758439577576,
              36.5281943981521
            ],
            [
              10.820207597219637,
              36.5281943981521
            ],
            [
              10.820207597219637,
              36.52864355579416
            ],
            [
              10.819758439577576,
              36.52864355579416
            ],
            [
              10.819758439577576,
              36.5281943981521
            ]
          ]
        ]
      },
      "id": "+24089+81326",
      "properties": {
        "count": 1,
        "zone": 1
      }
    },
    {
      "type": "Feature",
      "geometry": {
        "geodesic": false,
        "type": "Polygon",
        "coordinates": [
          [
            [
              10.819758439577576,
              36.55649132960187
            ],
            [
              10.819758439577576,
              36.55559301431775
            ],
            [
              10.820207597219637,
              36.55559301431775
            ],
            [
              10.820207597219637,
              36.55604217195981
            ],
            [
              10.820656754861696,
              36.55604217195981
            ],
            [
              10.820656754861696,
              36.55649132960187
            ],
            [
              10.819758439577576,
              36.55649132960187
            ]
          ]
        ]
      },
      "id": "+24090+81388",
      "properties": {
        "count": 3,
        "zone": 1
      }
    },
    {
      "type": "Feature",
      "geometry": {
        "geodesic": false,
        "type": "Polygon",
        "coordinates": [
          [
            [
              10.820207597219637,
              36.76804457901201
            ],
            [
              10.820656754861696,
              36.76804457901201
            ],
            [
              10.820656754861696,
              36.76849373665408
            ],
            [
              10.820207597219637,
              36.76849373665408
            ],
            [
              10.820207597219637,
              36.76804457901201
            ]
          ]
        ]
      },
      "id": "+24090+81860",
      "properties": {
        "count": 1,
        "zone": 1
      }
    },
    {
      "type": "Feature",
      "geometry": {
        "geodesic": false,
        "type": "Polygon",
        "coordinates": [
          [
            [
              10.821105912503757,
              36.47878705752553
            ],
            [
              10.821555070145816,
              36.47878705752553
            ],
            [
              10.821555070145816,
              36.47968537280965
            ],
            [
              10.821105912503757,
              36.47968537280965
            ],
            [
              10.821105912503757,
              36.47878705752553
            ]
          ]
        ]
      },
      "id": "+24092+81217",
      "properties": {
        "count": 2,
        "zone": 1
      }
    },
    {
      "type": "Feature",
      "geometry": {
        "geodesic": false,
        "type": "Polygon",
        "coordinates": [
          [
            [
              10.821105912503757,
              36.581644157557214
            ],
            [
              10.821555070145816,
              36.581644157557214
            ],
            [
              10.821555070145816,
              36.58209331519927
            ],
            [
              10.821105912503757,
              36.58209331519927
            ],
            [
              10.821105912503757,
              36.581644157557214
            ]
          ]
        ]
      },
      "id": "+24092+81445",
      "properties": {
        "count": 1,
        "zone": 1
      }
    },
    {
      "type": "Feature",
      "geometry": {
        "geodesic": false,
        "type": "Polygon",
        "coordinates": [
          [
            [
              10.821555070145816,
              36.48148200337789
            ],
            [
              10.822004227787875,
              36.48148200337789
            ],
            [
              10.822004227787875,
              36.48193116101995
            ],
            [
              10.821555070145816,
              36.48193116101995
            ],
            [
              10.821555070145816,
              36.48148200337789
            ]
          ]
        ]
      },
      "id": "+24093+81222",
      "properties": {
        "count": 1,
        "zone": 1
      }
    },
    {
      "type": "Feature",
      "geometry": {
        "geodesic": false,
        "type": "Polygon",
        "coordinates": [
          [
            [
              10.821105912503757,
              36.485075264514364
            ],
            [
              10.821105912503757,
              36.484626106872305
            ],
            [
              10.820656754861696,
              36.484626106872305
            ],
            [
              10.820656754861696,
              36.484176949230246
            ],
            [
              10.820207597219637,
              36.484176949230246
            ],
            [
              10.820207597219637,
              36.48372779158819
            ],
            [
              10.821555070145816,
              36.48372779158819
            ],
            [
              10.821555070145816,
              36.484626106872305
            ],
            [
              10.822004227787875,
              36.484626106872305
            ],
            [
              10.822004227787875,
              36.485075264514364
            ],
            [
              10.821105912503757,
              36.485075264514364
            ]
          ]
        ]
      },
      "id": "+24093+81229",
      "properties": {
        "count": 7,
        "zone": 1
      }
    },
    {
      "type": "Feature",
      "geometry": {
        "geodesic": false,
        "type": "Polygon",
        "coordinates": [
          [
            [
              10.821555070145816,
              36.522804506447386
            ],
            [
              10.821555070145816,
              36.52190619116327
            ],
            [
              10.822004227787875,
              36.52190619116327
            ],
            [
              10.822004227787875,
              36.52100787587915
            ],
            [
              10.822453385429936,
              36.52100787587915
            ],
            [
              10.822453385429936,
              36.522804506447386
            ],
            [
              10.821555070145816,
              36.522804506447386
            ]
          ]
        ]
      },
      "id": "+24094+81313",
      "properties": {
        "count": 6,
        "zone": 1
      }
    },
    {
      "type": "Feature",
      "geometry": {
        "geodesic": false,
        "type": "Polygon",
        "coordinates": [
          [
            [
              10.821555070145816,
              36.76085805673906
            ],
            [
              10.822453385429936,
              36.76085805673906
            ],
            [
              10.822453385429936,
              36.76130721438112
            ],
            [
              10.821555070145816,
              36.76130721438112
            ],
            [
              10.821555070145816,
              36.76085805673906
            ]
          ]
        ]
      },
      "id": "+24094+81844",
      "properties": {
        "count": 2,
        "zone": 1
      }
    },
    {
      "type": "Feature",
      "geometry": {
        "geodesic": false,
        "type": "Polygon",
        "coordinates": [
          [
            [
              10.822453385429936,
              36.53987249684566
            ],
            [
              10.822453385429936,
              36.538974181561535
            ],
            [
              10.823351700714055,
              36.538974181561535
            ],
            [
              10.823351700714055,
              36.5394233392036
            ],
            [
              10.822902543071995,
              36.5394233392036
            ],
            [
              10.822902543071995,
              36.53987249684566
            ],
            [
              10.822453385429936,
              36.53987249684566
            ]
          ]
        ]
      },
      "id": "+24095+81351",
      "properties": {
        "count": 3,
        "zone": 1
      }
    },
    {
      "type": "Feature",
      "geometry": {
        "geodesic": false,
        "type": "Polygon",
        "coordinates": [
          [
            [
              10.822453385429936,
              36.523702821731504
            ],
            [
              10.823351700714055,
              36.523702821731504
            ],
            [
              10.823351700714055,
              36.52415197937356
            ],
            [
              10.822453385429936,
              36.52415197937356
            ],
            [
              10.822453385429936,
              36.523702821731504
            ]
          ]
        ]
      },
      "id": "+24096+81316",
      "properties": {
        "count": 2,
        "zone": 1
      }
    },
    {
      "type": "Feature",
      "geometry": {
        "geodesic": false,
        "type": "Polygon",
        "coordinates": [
          [
            [
              10.824250015998174,
              36.48956684093496
            ],
            [
              10.824250015998174,
              36.488668525650844
            ],
            [
              10.824699173640235,
              36.488668525650844
            ],
            [
              10.824699173640235,
              36.4891176832929
            ],
            [
              10.825148331282294,
              36.4891176832929
            ],
            [
              10.825148331282294,
              36.48956684093496
            ],
            [
              10.824250015998174,
              36.48956684093496
            ]
          ]
        ]
      },
      "id": "+24100+81239",
      "properties": {
        "count": 3,
        "zone": 1
      }
    },
    {
      "type": "Feature",
      "geometry": {
        "geodesic": false,
        "type": "Polygon",
        "coordinates": [
          [
            [
              10.824699173640235,
              36.529991028720346
            ],
            [
              10.825148331282294,
              36.529991028720346
            ],
            [
              10.825148331282294,
              36.530440186362405
            ],
            [
              10.824699173640235,
              36.530440186362405
            ],
            [
              10.824699173640235,
              36.529991028720346
            ]
          ]
        ]
      },
      "id": "+24100+81330",
      "properties": {
        "count": 1,
        "zone": 1
      }
    },
    {
      "type": "Feature",
      "geometry": {
        "geodesic": false,
        "type": "Polygon",
        "coordinates": [
          [
            [
              10.826046646566414,
              36.492261786787324
            ],
            [
              10.826046646566414,
              36.491812629145265
            ],
            [
              10.825597488924354,
              36.491812629145265
            ],
            [
              10.825597488924354,
              36.491363471503206
            ],
            [
              10.826944961850533,
              36.491363471503206
            ],
            [
              10.826944961850533,
              36.492261786787324
            ],
            [
              10.826046646566414,
              36.492261786787324
            ]
          ]
        ]
      },
      "id": "+24104+81245",
      "properties": {
        "count": 5,
        "zone": 1
      }
    },
    {
      "type": "Feature",
      "geometry": {
        "geodesic": false,
        "type": "Polygon",
        "coordinates": [
          [
            [
              10.826944961850533,
              36.49001599857702
            ],
            [
              10.827394119492594,
              36.49001599857702
            ],
            [
              10.827394119492594,
              36.49091431386115
            ],
            [
              10.826944961850533,
              36.49091431386115
            ],
            [
              10.826944961850533,
              36.49001599857702
            ]
          ]
        ]
      },
      "id": "+24105+81242",
      "properties": {
        "count": 2,
        "zone": 1
      }
    },
    {
      "type": "Feature",
      "geometry": {
        "geodesic": false,
        "type": "Polygon",
        "coordinates": [
          [
            [
              10.827394119492594,
              36.491363471503206
            ],
            [
              10.827843277134653,
              36.491363471503206
            ],
            [
              10.827843277134653,
              36.492261786787324
            ],
            [
              10.827394119492594,
              36.492261786787324
            ],
            [
              10.827394119492594,
              36.491363471503206
            ]
          ]
        ]
      },
      "id": "+24106+81245",
      "properties": {
        "count": 2,
        "zone": 1
      }
    },
    {
      "type": "Feature",
      "geometry": {
        "geodesic": false,
        "type": "Polygon",
        "coordinates": [
          [
            [
              10.827843277134653,
              36.492261786787324
            ],
            [
              10.828292434776712,
              36.492261786787324
            ],
            [
              10.828292434776712,
              36.49271094442938
            ],
            [
              10.827843277134653,
              36.49271094442938
            ],
            [
              10.827843277134653,
              36.492261786787324
            ]
          ]
        ]
      },
      "id": "+24107+81246",
      "properties": {
        "count": 1,
        "zone": 1
      }
    },
    {
      "type": "Feature",
      "geometry": {
        "geodesic": false,
        "type": "Polygon",
        "coordinates": [
          [
            [
              10.827843277134653,
              36.64407706980352
            ],
            [
              10.828292434776712,
              36.64407706980352
            ],
            [
              10.828292434776712,
              36.64452622744558
            ],
            [
              10.827843277134653,
              36.64452622744558
            ],
            [
              10.827843277134653,
              36.64407706980352
            ]
          ]
        ]
      },
      "id": "+24107+81584",
      "properties": {
        "count": 1,
        "zone": 1
      }
    },
    {
      "type": "Feature",
      "geometry": {
        "geodesic": false,
        "type": "Polygon",
        "coordinates": [
          [
            [
              10.828292434776712,
              36.49271094442938
            ],
            [
              10.828741592418773,
              36.49271094442938
            ],
            [
              10.828741592418773,
              36.49316010207144
            ],
            [
              10.828292434776712,
              36.49316010207144
            ],
            [
              10.828292434776712,
              36.49271094442938
            ]
          ]
        ]
      },
      "id": "+24108+81247",
      "properties": {
        "count": 1,
        "zone": 1
      }
    },
    {
      "type": "Feature",
      "geometry": {
        "geodesic": false,
        "type": "Polygon",
        "coordinates": [
          [
            [
              10.828292434776712,
              36.49495673263968
            ],
            [
              10.828741592418773,
              36.49495673263968
            ],
            [
              10.828741592418773,
              36.495405890281745
            ],
            [
              10.828292434776712,
              36.495405890281745
            ],
            [
              10.828292434776712,
              36.49495673263968
            ]
          ]
        ]
      },
      "id": "+24108+81252",
      "properties": {
        "count": 1,
        "zone": 1
      }
    },
    {
      "type": "Feature",
      "geometry": {
        "geodesic": false,
        "type": "Polygon",
        "coordinates": [
          [
            [
              10.828741592418773,
              36.491812629145265
            ],
            [
              10.829190750060832,
              36.491812629145265
            ],
            [
              10.829190750060832,
              36.492261786787324
            ],
            [
              10.828741592418773,
              36.492261786787324
            ],
            [
              10.828741592418773,
              36.491812629145265
            ]
          ]
        ]
      },
      "id": "+24109+81245",
      "properties": {
        "count": 1,
        "zone": 1
      }
    },
    {
      "type": "Feature",
      "geometry": {
        "geodesic": false,
        "type": "Polygon",
        "coordinates": [
          [
            [
              10.829190750060832,
              36.57311016235808
            ],
            [
              10.829190750060832,
              36.57266100471602
            ],
            [
              10.828741592418773,
              36.57266100471602
            ],
            [
              10.828741592418773,
              36.57221184707396
            ],
            [
              10.829190750060832,
              36.57221184707396
            ],
            [
              10.829190750060832,
              36.5717626894319
            ],
            [
              10.829639907702893,
              36.5717626894319
            ],
            [
              10.829639907702893,
              36.57221184707396
            ],
            [
              10.830089065344952,
              36.57221184707396
            ],
            [
              10.830089065344952,
              36.57266100471602
            ],
            [
              10.829639907702893,
              36.57266100471602
            ],
            [
              10.829639907702893,
              36.57311016235808
            ],
            [
              10.829190750060832,
              36.57311016235808
            ]
          ]
        ]
      },
      "id": "+24110+81425",
      "properties": {
        "count": 5,
        "zone": 1
      }
    },
    {
      "type": "Feature",
      "geometry": {
        "geodesic": false,
        "type": "Polygon",
        "coordinates": [
          [
            [
              10.828741592418773,
              36.79589235281972
            ],
            [
              10.828741592418773,
              36.79544319517766
            ],
            [
              10.828292434776712,
              36.79544319517766
            ],
            [
              10.828292434776712,
              36.7949940375356
            ],
            [
              10.828741592418773,
              36.7949940375356
            ],
            [
              10.828741592418773,
              36.79454487989354
            ],
            [
              10.829190750060832,
              36.79454487989354
            ],
            [
              10.829190750060832,
              36.7949940375356
            ],
            [
              10.829639907702893,
              36.7949940375356
            ],
            [
              10.829639907702893,
              36.79589235281972
            ],
            [
              10.828741592418773,
              36.79589235281972
            ]
          ]
        ]
      },
      "id": "+24110+81921",
      "properties": {
        "count": 6,
        "zone": 1
      }
    },
    {
      "type": "Feature",
      "geometry": {
        "geodesic": false,
        "type": "Polygon",
        "coordinates": [
          [
            [
              10.829190750060832,
              36.49450757499762
            ],
            [
              10.830089065344952,
              36.49450757499762
            ],
            [
              10.830089065344952,
              36.49495673263968
            ],
            [
              10.829190750060832,
              36.49495673263968
            ],
            [
              10.829190750060832,
              36.49450757499762
            ]
          ]
        ]
      },
      "id": "+24111+81251",
      "properties": {
        "count": 2,
        "zone": 1
      }
    },
    {
      "type": "Feature",
      "geometry": {
        "geodesic": false,
        "type": "Polygon",
        "coordinates": [
          [
            [
              10.830089065344952,
              36.4936092597135
            ],
            [
              10.83053822298701,
              36.4936092597135
            ],
            [
              10.83053822298701,
              36.49405841735556
            ],
            [
              10.830089065344952,
              36.49405841735556
            ],
            [
              10.830089065344952,
              36.4936092597135
            ]
          ]
        ]
      },
      "id": "+24112+81249",
      "properties": {
        "count": 1,
        "zone": 1
      }
    },
    {
      "type": "Feature",
      "geometry": {
        "geodesic": false,
        "type": "Polygon",
        "coordinates": [
          [
            [
              10.83143653827113,
              36.5762542658525
            ],
            [
              10.83188569591319,
              36.5762542658525
            ],
            [
              10.83188569591319,
              36.57670342349456
            ],
            [
              10.83143653827113,
              36.57670342349456
            ],
            [
              10.83143653827113,
              36.5762542658525
            ]
          ]
        ]
      },
      "id": "+24115+81433",
      "properties": {
        "count": 1,
        "zone": 1
      }
    },
    {
      "type": "Feature",
      "geometry": {
        "geodesic": false,
        "type": "Polygon",
        "coordinates": [
          [
            [
              10.830987380629072,
              36.63194981346791
            ],
            [
              10.83188569591319,
              36.63194981346791
            ],
            [
              10.83188569591319,
              36.63239897110997
            ],
            [
              10.830987380629072,
              36.63239897110997
            ],
            [
              10.830987380629072,
              36.63194981346791
            ]
          ]
        ]
      },
      "id": "+24115+81557",
      "properties": {
        "count": 2,
        "zone": 1
      }
    },
    {
      "type": "Feature",
      "geometry": {
        "geodesic": false,
        "type": "Polygon",
        "coordinates": [
          [
            [
              10.835478957049668,
              36.83946064409952
            ],
            [
              10.835928114691729,
              36.83946064409952
            ],
            [
              10.835928114691729,
              36.83990980174158
            ],
            [
              10.835478957049668,
              36.83990980174158
            ],
            [
              10.835478957049668,
              36.83946064409952
            ]
          ]
        ]
      },
      "id": "+24124+82019",
      "properties": {
        "count": 1,
        "zone": 1
      }
    },
    {
      "type": "Feature",
      "geometry": {
        "geodesic": false,
        "type": "Polygon",
        "coordinates": [
          [
            [
              10.835928114691729,
              36.52235534880533
            ],
            [
              10.835928114691729,
              36.52190619116327
            ],
            [
              10.835478957049668,
              36.52190619116327
            ],
            [
              10.835478957049668,
              36.52145703352121
            ],
            [
              10.836377272333788,
              36.52145703352121
            ],
            [
              10.836377272333788,
              36.52235534880533
            ],
            [
              10.835928114691729,
              36.52235534880533
            ]
          ]
        ]
      },
      "id": "+24125+81312",
      "properties": {
        "count": 3,
        "zone": 1
      }
    },
    {
      "type": "Feature",
      "geometry": {
        "geodesic": false,
        "type": "Polygon",
        "coordinates": [
          [
            [
              10.835928114691729,
              36.52055871823709
            ],
            [
              10.835928114691729,
              36.52010956059503
            ],
            [
              10.836377272333788,
              36.52010956059503
            ],
            [
              10.836377272333788,
              36.51966040295297
            ],
            [
              10.837275587617908,
              36.51966040295297
            ],
            [
              10.837275587617908,
              36.52055871823709
            ],
            [
              10.835928114691729,
              36.52055871823709
            ]
          ]
        ]
      },
      "id": "+24127+81308",
      "properties": {
        "count": 5,
        "zone": 1
      }
    },
    {
      "type": "Feature",
      "geometry": {
        "geodesic": false,
        "type": "Polygon",
        "coordinates": [
          [
            [
              10.836826429975847,
              36.52549945229975
            ],
            [
              10.837275587617908,
              36.52549945229975
            ],
            [
              10.837275587617908,
              36.526397767583866
            ],
            [
              10.836826429975847,
              36.526397767583866
            ],
            [
              10.836826429975847,
              36.52549945229975
            ]
          ]
        ]
      },
      "id": "+24127+81321",
      "properties": {
        "count": 2,
        "zone": 1
      }
    },
    {
      "type": "Feature",
      "geometry": {
        "geodesic": false,
        "type": "Polygon",
        "coordinates": [
          [
            [
              10.838173902902028,
              36.59062731039841
            ],
            [
              10.838173902902028,
              36.58972899511429
            ],
            [
              10.839072218186146,
              36.58972899511429
            ],
            [
              10.839072218186146,
              36.59017815275635
            ],
            [
              10.838623060544087,
              36.59017815275635
            ],
            [
              10.838623060544087,
              36.59062731039841
            ],
            [
              10.838173902902028,
              36.59062731039841
            ]
          ]
        ]
      },
      "id": "+24130+81464",
      "properties": {
        "count": 3,
        "zone": 1
      }
    },
    {
      "type": "Feature",
      "geometry": {
        "geodesic": false,
        "type": "Polygon",
        "coordinates": [
          [
            [
              10.842665479322624,
              36.63194981346791
            ],
            [
              10.843114636964685,
              36.63194981346791
            ],
            [
              10.843114636964685,
              36.63239897110997
            ],
            [
              10.842665479322624,
              36.63239897110997
            ],
            [
              10.842665479322624,
              36.63194981346791
            ]
          ]
        ]
      },
      "id": "+24140+81557",
      "properties": {
        "count": 1,
        "zone": 1
      }
    },
    {
      "type": "Feature",
      "geometry": {
        "geodesic": false,
        "type": "Polygon",
        "coordinates": [
          [
            [
              10.843563794606744,
              36.59556804446107
            ],
            [
              10.844012952248804,
              36.59556804446107
            ],
            [
              10.844012952248804,
              36.59601720210313
            ],
            [
              10.843563794606744,
              36.59601720210313
            ],
            [
              10.843563794606744,
              36.59556804446107
            ]
          ]
        ]
      },
      "id": "+24142+81476",
      "properties": {
        "count": 1,
        "zone": 1
      }
    },
    {
      "type": "Feature",
      "geometry": {
        "geodesic": false,
        "type": "Polygon",
        "coordinates": [
          [
            [
              10.843563794606744,
              36.64452622744558
            ],
            [
              10.844012952248804,
              36.64452622744558
            ],
            [
              10.844012952248804,
              36.64497538508764
            ],
            [
              10.843563794606744,
              36.64497538508764
            ],
            [
              10.843563794606744,
              36.64452622744558
            ]
          ]
        ]
      },
      "id": "+24142+81585",
      "properties": {
        "count": 1,
        "zone": 1
      }
    },
    {
      "type": "Feature",
      "geometry": {
        "geodesic": false,
        "type": "Polygon",
        "coordinates": [
          [
            [
              10.844012952248804,
              36.59826299031343
            ],
            [
              10.844462109890864,
              36.59826299031343
            ],
            [
              10.844462109890864,
              36.59871214795549
            ],
            [
              10.844012952248804,
              36.59871214795549
            ],
            [
              10.844012952248804,
              36.59826299031343
            ]
          ]
        ]
      },
      "id": "+24143+81482",
      "properties": {
        "count": 1,
        "zone": 1
      }
    },
    {
      "type": "Feature",
      "geometry": {
        "geodesic": false,
        "type": "Polygon",
        "coordinates": [
          [
            [
              10.844462109890864,
              36.530440186362405
            ],
            [
              10.844911267532924,
              36.530440186362405
            ],
            [
              10.844911267532924,
              36.530889344004464
            ],
            [
              10.844462109890864,
              36.530889344004464
            ],
            [
              10.844462109890864,
              36.530440186362405
            ]
          ]
        ]
      },
      "id": "+24144+81331",
      "properties": {
        "count": 1,
        "zone": 1
      }
    },
    {
      "type": "Feature",
      "geometry": {
        "geodesic": false,
        "type": "Polygon",
        "coordinates": [
          [
            [
              10.844911267532924,
              36.53133850164652
            ],
            [
              10.845360425174983,
              36.53133850164652
            ],
            [
              10.845360425174983,
              36.53178765928858
            ],
            [
              10.844911267532924,
              36.53178765928858
            ],
            [
              10.844911267532924,
              36.53133850164652
            ]
          ]
        ]
      },
      "id": "+24145+81333",
      "properties": {
        "count": 1,
        "zone": 1
      }
    },
    {
      "type": "Feature",
      "geometry": {
        "geodesic": false,
        "type": "Polygon",
        "coordinates": [
          [
            [
              10.845809582817044,
              36.658000956707376
            ],
            [
              10.846258740459103,
              36.658000956707376
            ],
            [
              10.846258740459103,
              36.658450114349435
            ],
            [
              10.845809582817044,
              36.658450114349435
            ],
            [
              10.845809582817044,
              36.658000956707376
            ]
          ]
        ]
      },
      "id": "+24147+81615",
      "properties": {
        "count": 1,
        "zone": 1
      }
    },
    {
      "type": "Feature",
      "geometry": {
        "geodesic": false,
        "type": "Polygon",
        "coordinates": [
          [
            [
              10.846258740459103,
              36.673721474179466
            ],
            [
              10.846707898101164,
              36.673721474179466
            ],
            [
              10.846707898101164,
              36.674170631821525
            ],
            [
              10.846258740459103,
              36.674170631821525
            ],
            [
              10.846258740459103,
              36.673721474179466
            ]
          ]
        ]
      },
      "id": "+24148+81650",
      "properties": {
        "count": 1,
        "zone": 1
      }
    },
    {
      "type": "Feature",
      "geometry": {
        "geodesic": false,
        "type": "Polygon",
        "coordinates": [
          [
            [
              10.846707898101164,
              36.561432063664526
            ],
            [
              10.847606213385282,
              36.561432063664526
            ],
            [
              10.847606213385282,
              36.562330378948644
            ],
            [
              10.846707898101164,
              36.562330378948644
            ],
            [
              10.846707898101164,
              36.561432063664526
            ]
          ]
        ]
      },
      "id": "+24150+81401",
      "properties": {
        "count": 4,
        "zone": 1
      }
    },
    {
      "type": "Feature",
      "geometry": {
        "geodesic": false,
        "type": "Polygon",
        "coordinates": [
          [
            [
              10.847157055743223,
              36.72627291830046
            ],
            [
              10.847606213385282,
              36.72627291830046
            ],
            [
              10.847606213385282,
              36.72672207594252
            ],
            [
              10.847157055743223,
              36.72672207594252
            ],
            [
              10.847157055743223,
              36.72627291830046
            ]
          ]
        ]
      },
      "id": "+24150+81767",
      "properties": {
        "count": 1,
        "zone": 1
      }
    },
    {
      "type": "Feature",
      "geometry": {
        "geodesic": false,
        "type": "Polygon",
        "coordinates": [
          [
            [
              10.848504528669402,
              36.538525023919476
            ],
            [
              10.84895368631146,
              36.538525023919476
            ],
            [
              10.84895368631146,
              36.538974181561535
            ],
            [
              10.848504528669402,
              36.538974181561535
            ],
            [
              10.848504528669402,
              36.538525023919476
            ]
          ]
        ]
      },
      "id": "+24153+81349",
      "properties": {
        "count": 1,
        "zone": 1
      }
    },
    {
      "type": "Feature",
      "geometry": {
        "geodesic": false,
        "type": "Polygon",
        "coordinates": [
          [
            [
              10.84895368631146,
              36.53762670863536
            ],
            [
              10.849402843953522,
              36.53762670863536
            ],
            [
              10.849402843953522,
              36.53807586627742
            ],
            [
              10.84895368631146,
              36.53807586627742
            ],
            [
              10.84895368631146,
              36.53762670863536
            ]
          ]
        ]
      },
      "id": "+24154+81347",
      "properties": {
        "count": 1,
        "zone": 1
      }
    },
    {
      "type": "Feature",
      "geometry": {
        "geodesic": false,
        "type": "Polygon",
        "coordinates": [
          [
            [
              10.84895368631146,
              36.6889928340095
            ],
            [
              10.849402843953522,
              36.6889928340095
            ],
            [
              10.849402843953522,
              36.689441991651556
            ],
            [
              10.84895368631146,
              36.689441991651556
            ],
            [
              10.84895368631146,
              36.6889928340095
            ]
          ]
        ]
      },
      "id": "+24154+81684",
      "properties": {
        "count": 1,
        "zone": 1
      }
    },
    {
      "type": "Feature",
      "geometry": {
        "geodesic": false,
        "type": "Polygon",
        "coordinates": [
          [
            [
              10.84895368631146,
              36.69977261741893
            ],
            [
              10.849402843953522,
              36.69977261741893
            ],
            [
              10.849402843953522,
              36.700221775060996
            ],
            [
              10.84895368631146,
              36.700221775060996
            ],
            [
              10.84895368631146,
              36.69977261741893
            ]
          ]
        ]
      },
      "id": "+24154+81708",
      "properties": {
        "count": 1,
        "zone": 1
      }
    },
    {
      "type": "Feature",
      "geometry": {
        "geodesic": false,
        "type": "Polygon",
        "coordinates": [
          [
            [
              10.85119947452176,
              36.57535595056838
            ],
            [
              10.85164863216382,
              36.57535595056838
            ],
            [
              10.85164863216382,
              36.57580510821044
            ],
            [
              10.85119947452176,
              36.57580510821044
            ],
            [
              10.85119947452176,
              36.57535595056838
            ]
          ]
        ]
      },
      "id": "+24159+81431",
      "properties": {
        "count": 1,
        "zone": 1
      }
    },
    {
      "type": "Feature",
      "geometry": {
        "geodesic": false,
        "type": "Polygon",
        "coordinates": [
          [
            [
              10.85299610509,
              36.709654085544244
            ],
            [
              10.85299610509,
              36.709204927902185
            ],
            [
              10.852546947447939,
              36.709204927902185
            ],
            [
              10.852546947447939,
              36.708755770260126
            ],
            [
              10.853445262732059,
              36.708755770260126
            ],
            [
              10.853445262732059,
              36.709654085544244
            ],
            [
              10.85299610509,
              36.709654085544244
            ]
          ]
        ]
      },
      "id": "+24163+81729",
      "properties": {
        "count": 3,
        "zone": 1
      }
    },
    {
      "type": "Feature",
      "geometry": {
        "geodesic": false,
        "type": "Polygon",
        "coordinates": [
          [
            [
              10.854792735658238,
              36.55559301431775
            ],
            [
              10.855241893300299,
              36.55559301431775
            ],
            [
              10.855241893300299,
              36.55604217195981
            ],
            [
              10.854792735658238,
              36.55604217195981
            ],
            [
              10.854792735658238,
              36.55559301431775
            ]
          ]
        ]
      },
      "id": "+24167+81387",
      "properties": {
        "count": 1,
        "zone": 1
      }
    },
    {
      "type": "Feature",
      "geometry": {
        "geodesic": false,
        "type": "Polygon",
        "coordinates": [
          [
            [
              10.854792735658238,
              36.71010324318631
            ],
            [
              10.855241893300299,
              36.71010324318631
            ],
            [
              10.855241893300299,
              36.71055240082837
            ],
            [
              10.854792735658238,
              36.71055240082837
            ],
            [
              10.854792735658238,
              36.71010324318631
            ]
          ]
        ]
      },
      "id": "+24167+81731",
      "properties": {
        "count": 1,
        "zone": 1
      }
    },
    {
      "type": "Feature",
      "geometry": {
        "geodesic": false,
        "type": "Polygon",
        "coordinates": [
          [
            [
              10.855691050942358,
              36.55649132960187
            ],
            [
              10.856140208584417,
              36.55649132960187
            ],
            [
              10.856140208584417,
              36.55694048724393
            ],
            [
              10.855691050942358,
              36.55694048724393
            ],
            [
              10.855691050942358,
              36.55649132960187
            ]
          ]
        ]
      },
      "id": "+24169+81389",
      "properties": {
        "count": 1,
        "zone": 1
      }
    },
    {
      "type": "Feature",
      "geometry": {
        "geodesic": false,
        "type": "Polygon",
        "coordinates": [
          [
            [
              10.856140208584417,
              36.63284812875203
            ],
            [
              10.856589366226478,
              36.63284812875203
            ],
            [
              10.856589366226478,
              36.63329728639409
            ],
            [
              10.856140208584417,
              36.63329728639409
            ],
            [
              10.856140208584417,
              36.63284812875203
            ]
          ]
        ]
      },
      "id": "+24170+81559",
      "properties": {
        "count": 1,
        "zone": 1
      }
    },
    {
      "type": "Feature",
      "geometry": {
        "geodesic": false,
        "type": "Polygon",
        "coordinates": [
          [
            [
              10.856140208584417,
              36.67147568596917
            ],
            [
              10.856589366226478,
              36.67147568596917
            ],
            [
              10.856589366226478,
              36.67192484361123
            ],
            [
              10.856140208584417,
              36.67192484361123
            ],
            [
              10.856140208584417,
              36.67147568596917
            ]
          ]
        ]
      },
      "id": "+24170+81645",
      "properties": {
        "count": 1,
        "zone": 1
      }
    },
    {
      "type": "Feature",
      "geometry": {
        "geodesic": false,
        "type": "Polygon",
        "coordinates": [
          [
            [
              10.857487681510596,
              36.67102652832711
            ],
            [
              10.858385996794716,
              36.67102652832711
            ],
            [
              10.858385996794716,
              36.67147568596917
            ],
            [
              10.857487681510596,
              36.67147568596917
            ],
            [
              10.857487681510596,
              36.67102652832711
            ]
          ]
        ]
      },
      "id": "+24174+81644",
      "properties": {
        "count": 2,
        "zone": 1
      }
    },
    {
      "type": "Feature",
      "geometry": {
        "geodesic": false,
        "type": "Polygon",
        "coordinates": [
          [
            [
              10.858385996794716,
              36.925249753732935
            ],
            [
              10.858835154436777,
              36.925249753732935
            ],
            [
              10.858835154436777,
              36.925698911374994
            ],
            [
              10.858385996794716,
              36.925698911374994
            ],
            [
              10.858385996794716,
              36.925249753732935
            ]
          ]
        ]
      },
      "id": "+24175+82210",
      "properties": {
        "count": 1,
        "zone": 1
      }
    },
    {
      "type": "Feature",
      "geometry": {
        "geodesic": false,
        "type": "Polygon",
        "coordinates": [
          [
            [
              10.858835154436777,
              36.696628513924516
            ],
            [
              10.859733469720895,
              36.696628513924516
            ],
            [
              10.859733469720895,
              36.697077671566575
            ],
            [
              10.858835154436777,
              36.697077671566575
            ],
            [
              10.858835154436777,
              36.696628513924516
            ]
          ]
        ]
      },
      "id": "+24177+81701",
      "properties": {
        "count": 2,
        "zone": 1
      }
    },
    {
      "type": "Feature",
      "geometry": {
        "geodesic": false,
        "type": "Polygon",
        "coordinates": [
          [
            [
              10.860182627362956,
              36.565923640085124
            ],
            [
              10.860182627362956,
              36.565025324801006
            ],
            [
              10.858835154436777,
              36.565025324801006
            ],
            [
              10.858835154436777,
              36.56457616715895
            ],
            [
              10.858385996794716,
              36.56457616715895
            ],
            [
              10.858385996794716,
              36.56412700951689
            ],
            [
              10.858835154436777,
              36.56412700951689
            ],
            [
              10.858835154436777,
              36.56367785187483
            ],
            [
              10.860182627362956,
              36.56367785187483
            ],
            [
              10.860182627362956,
              36.56412700951689
            ],
            [
              10.860631785005015,
              36.56412700951689
            ],
            [
              10.860631785005015,
              36.56457616715895
            ],
            [
              10.861080942647074,
              36.56457616715895
            ],
            [
              10.861080942647074,
              36.565474482443065
            ],
            [
              10.861530100289135,
              36.565474482443065
            ],
            [
              10.861530100289135,
              36.565923640085124
            ],
            [
              10.860182627362956,
              36.565923640085124
            ]
          ]
        ]
      },
      "id": "+24181+81409",
      "properties": {
        "count": 18,
        "zone": 1
      }
    },
    {
      "type": "Feature",
      "geometry": {
        "geodesic": false,
        "type": "Polygon",
        "coordinates": [
          [
            [
              10.862877573215314,
              36.585237418693694
            ],
            [
              10.863326730857374,
              36.585237418693694
            ],
            [
              10.863326730857374,
              36.58568657633575
            ],
            [
              10.862877573215314,
              36.58568657633575
            ],
            [
              10.862877573215314,
              36.585237418693694
            ]
          ]
        ]
      },
      "id": "+24185+81453",
      "properties": {
        "count": 1,
        "zone": 1
      }
    },
    {
      "type": "Feature",
      "geometry": {
        "geodesic": false,
        "type": "Polygon",
        "coordinates": [
          [
            [
              10.864225046141494,
              36.70740829733395
            ],
            [
              10.865123361425614,
              36.70740829733395
            ],
            [
              10.865123361425614,
              36.70830661261807
            ],
            [
              10.864225046141494,
              36.70830661261807
            ],
            [
              10.864225046141494,
              36.70740829733395
            ]
          ]
        ]
      },
      "id": "+24189+81726",
      "properties": {
        "count": 4,
        "zone": 1
      }
    },
    {
      "type": "Feature",
      "geometry": {
        "geodesic": false,
        "type": "Polygon",
        "coordinates": [
          [
            [
              10.865123361425614,
              36.70695913969189
            ],
            [
              10.865572519067673,
              36.70695913969189
            ],
            [
              10.865572519067673,
              36.70740829733395
            ],
            [
              10.865123361425614,
              36.70740829733395
            ],
            [
              10.865123361425614,
              36.70695913969189
            ]
          ]
        ]
      },
      "id": "+24190+81724",
      "properties": {
        "count": 1,
        "zone": 1
      }
    },
    {
      "type": "Feature",
      "geometry": {
        "geodesic": false,
        "type": "Polygon",
        "coordinates": [
          [
            [
              10.87006409548827,
              36.58748320690399
            ],
            [
              10.87006409548827,
              36.58658489161987
            ],
            [
              10.86961493784621,
              36.58658489161987
            ],
            [
              10.86961493784621,
              36.58613573397781
            ],
            [
              10.86916578020415,
              36.58613573397781
            ],
            [
              10.86916578020415,
              36.58568657633575
            ],
            [
              10.868716622562092,
              36.58568657633575
            ],
            [
              10.868716622562092,
              36.584339103409576
            ],
            [
              10.86916578020415,
              36.584339103409576
            ],
            [
              10.86916578020415,
              36.58388994576752
            ],
            [
              10.868716622562092,
              36.58388994576752
            ],
            [
              10.868716622562092,
              36.58344078812546
            ],
            [
              10.86826746492003,
              36.58344078812546
            ],
            [
              10.86826746492003,
              36.58254247284133
            ],
            [
              10.867818307277972,
              36.58254247284133
            ],
            [
              10.867818307277972,
              36.581644157557214
            ],
            [
              10.867369149635913,
              36.581644157557214
            ],
            [
              10.867369149635913,
              36.581194999915155
            ],
            [
              10.867818307277972,
              36.581194999915155
            ],
            [
              10.867818307277972,
              36.580745842273096
            ],
            [
              10.86916578020415,
              36.580745842273096
            ],
            [
              10.86916578020415,
              36.58029668463104
            ],
            [
              10.87006409548827,
              36.58029668463104
            ],
            [
              10.87006409548827,
              36.580745842273096
            ],
            [
              10.87051325313033,
              36.580745842273096
            ],
            [
              10.87051325313033,
              36.581194999915155
            ],
            [
              10.870962410772389,
              36.581194999915155
            ],
            [
              10.870962410772389,
              36.581644157557214
            ],
            [
              10.87141156841445,
              36.581644157557214
            ],
            [
              10.87141156841445,
              36.58209331519927
            ],
            [
              10.87051325313033,
              36.58209331519927
            ],
            [
              10.87051325313033,
              36.581644157557214
            ],
            [
              10.87006409548827,
              36.581644157557214
            ],
            [
              10.87006409548827,
              36.581194999915155
            ],
            [
              10.86826746492003,
              36.581194999915155
            ],
            [
              10.86826746492003,
              36.581644157557214
            ],
            [
              10.868716622562092,
              36.581644157557214
            ],
            [
              10.868716622562092,
              36.58254247284133
            ],
            [
              10.86916578020415,
              36.58254247284133
            ],
            [
              10.86916578020415,
              36.58344078812546
            ],
            [
              10.87006409548827,
              36.58344078812546
            ],
            [
              10.87006409548827,
              36.584788261051635
            ],
            [
              10.87051325313033,
              36.584788261051635
            ],
            [
              10.87051325313033,
              36.585237418693694
            ],
            [
              10.870962410772389,
              36.585237418693694
            ],
            [
              10.870962410772389,
              36.58613573397781
            ],
            [
              10.87141156841445,
              36.58613573397781
            ],
            [
              10.87141156841445,
              36.58658489161987
            ],
            [
              10.871860726056509,
              36.58658489161987
            ],
            [
              10.871860726056509,
              36.58703404926193
            ],
            [
              10.87051325313033,
              36.58703404926193
            ],
            [
              10.87051325313033,
              36.58748320690399
            ],
            [
              10.87006409548827,
              36.58748320690399
            ]
          ]
        ]
      },
      "id": "+24201+81457",
      "properties": {
        "count": 52,
        "zone": 1
      }
    },
    {
      "type": "Feature",
      "geometry": {
        "geodesic": false,
        "type": "Polygon",
        "coordinates": [
          [
            [
              10.87051325313033,
              36.58927983747223
            ],
            [
              10.870962410772389,
              36.58927983747223
            ],
            [
              10.870962410772389,
              36.58972899511429
            ],
            [
              10.87051325313033,
              36.58972899511429
            ],
            [
              10.87051325313033,
              36.58927983747223
            ]
          ]
        ]
      },
      "id": "+24202+81462",
      "properties": {
        "count": 1,
        "zone": 1
      }
    },
    {
      "type": "Feature",
      "geometry": {
        "geodesic": false,
        "type": "Polygon",
        "coordinates": [
          [
            [
              10.870962410772389,
              36.58972899511429
            ],
            [
              10.87141156841445,
              36.58972899511429
            ],
            [
              10.87141156841445,
              36.59017815275635
            ],
            [
              10.870962410772389,
              36.59017815275635
            ],
            [
              10.870962410772389,
              36.58972899511429
            ]
          ]
        ]
      },
      "id": "+24203+81463",
      "properties": {
        "count": 1,
        "zone": 1
      }
    },
    {
      "type": "Feature",
      "geometry": {
        "geodesic": false,
        "type": "Polygon",
        "coordinates": [
          [
            [
              10.87141156841445,
              36.58209331519927
            ],
            [
              10.871860726056509,
              36.58209331519927
            ],
            [
              10.871860726056509,
              36.58254247284133
            ],
            [
              10.87141156841445,
              36.58254247284133
            ],
            [
              10.87141156841445,
              36.58209331519927
            ]
          ]
        ]
      },
      "id": "+24204+81446",
      "properties": {
        "count": 1,
        "zone": 1
      }
    },
    {
      "type": "Feature",
      "geometry": {
        "geodesic": false,
        "type": "Polygon",
        "coordinates": [
          [
            [
              10.871860726056509,
              36.58254247284133
            ],
            [
              10.87230988369857,
              36.58254247284133
            ],
            [
              10.87230988369857,
              36.58299163048339
            ],
            [
              10.871860726056509,
              36.58299163048339
            ],
            [
              10.871860726056509,
              36.58254247284133
            ]
          ]
        ]
      },
      "id": "+24205+81447",
      "properties": {
        "count": 1,
        "zone": 1
      }
    },
    {
      "type": "Feature",
      "geometry": {
        "geodesic": false,
        "type": "Polygon",
        "coordinates": [
          [
            [
              10.87230988369857,
              36.584339103409576
            ],
            [
              10.872759041340629,
              36.584339103409576
            ],
            [
              10.872759041340629,
              36.584788261051635
            ],
            [
              10.87230988369857,
              36.584788261051635
            ],
            [
              10.87230988369857,
              36.584339103409576
            ]
          ]
        ]
      },
      "id": "+24206+81451",
      "properties": {
        "count": 1,
        "zone": 1
      }
    },
    {
      "type": "Feature",
      "geometry": {
        "geodesic": false,
        "type": "Polygon",
        "coordinates": [
          [
            [
              10.872759041340629,
              36.59242394096665
            ],
            [
              10.873208198982688,
              36.59242394096665
            ],
            [
              10.873208198982688,
              36.59287309860871
            ],
            [
              10.872759041340629,
              36.59287309860871
            ],
            [
              10.872759041340629,
              36.59242394096665
            ]
          ]
        ]
      },
      "id": "+24207+81469",
      "properties": {
        "count": 1,
        "zone": 1
      }
    },
    {
      "type": "Feature",
      "geometry": {
        "geodesic": false,
        "type": "Polygon",
        "coordinates": [
          [
            [
              10.873208198982688,
              36.58613573397781
            ],
            [
              10.873657356624749,
              36.58613573397781
            ],
            [
              10.873657356624749,
              36.58658489161987
            ],
            [
              10.873208198982688,
              36.58658489161987
            ],
            [
              10.873208198982688,
              36.58613573397781
            ]
          ]
        ]
      },
      "id": "+24208+81455",
      "properties": {
        "count": 1,
        "zone": 1
      }
    },
    {
      "type": "Feature",
      "geometry": {
        "geodesic": false,
        "type": "Polygon",
        "coordinates": [
          [
            [
              10.873657356624749,
              36.58658489161987
            ],
            [
              10.874106514266808,
              36.58658489161987
            ],
            [
              10.874106514266808,
              36.58703404926193
            ],
            [
              10.873657356624749,
              36.58703404926193
            ],
            [
              10.873657356624749,
              36.58658489161987
            ]
          ]
        ]
      },
      "id": "+24209+81456",
      "properties": {
        "count": 1,
        "zone": 1
      }
    },
    {
      "type": "Feature",
      "geometry": {
        "geodesic": false,
        "type": "Polygon",
        "coordinates": [
          [
            [
              10.874555671908867,
              36.588381522188115
            ],
            [
              10.875004829550928,
              36.588381522188115
            ],
            [
              10.875004829550928,
              36.588830679830174
            ],
            [
              10.874555671908867,
              36.588830679830174
            ],
            [
              10.874555671908867,
              36.588381522188115
            ]
          ]
        ]
      },
      "id": "+24211+81460",
      "properties": {
        "count": 1,
        "zone": 1
      }
    },
    {
      "type": "Feature",
      "geometry": {
        "geodesic": false,
        "type": "Polygon",
        "coordinates": [
          [
            [
              10.874555671908867,
              36.97780119785393
            ],
            [
              10.875004829550928,
              36.97780119785393
            ],
            [
              10.875004829550928,
              36.97825035549599
            ],
            [
              10.874555671908867,
              36.97825035549599
            ],
            [
              10.874555671908867,
              36.97780119785393
            ]
          ]
        ]
      },
      "id": "+24211+82327",
      "properties": {
        "count": 1,
        "zone": 1
      }
    },
    {
      "type": "Feature",
      "geometry": {
        "geodesic": false,
        "type": "Polygon",
        "coordinates": [
          [
            [
              10.875004829550928,
              36.59511888681901
            ],
            [
              10.875004829550928,
              36.59466972917695
            ],
            [
              10.874555671908867,
              36.59466972917695
            ],
            [
              10.874555671908867,
              36.59287309860871
            ],
            [
              10.874106514266808,
              36.59287309860871
            ],
            [
              10.874106514266808,
              36.59242394096665
            ],
            [
              10.873657356624749,
              36.59242394096665
            ],
            [
              10.873657356624749,
              36.59197478332459
            ],
            [
              10.873208198982688,
              36.59197478332459
            ],
            [
              10.873208198982688,
              36.59152562568253
            ],
            [
              10.872759041340629,
              36.59152562568253
            ],
            [
              10.872759041340629,
              36.59107646804047
            ],
            [
              10.87230988369857,
              36.59107646804047
            ],
            [
              10.87230988369857,
              36.59017815275635
            ],
            [
              10.871860726056509,
              36.59017815275635
            ],
            [
              10.871860726056509,
              36.58972899511429
            ],
            [
              10.87141156841445,
              36.58972899511429
            ],
            [
              10.87141156841445,
              36.588830679830174
            ],
            [
              10.870962410772389,
              36.588830679830174
            ],
            [
              10.870962410772389,
              36.588381522188115
            ],
            [
              10.87051325313033,
              36.588381522188115
            ],
            [
              10.87051325313033,
              36.58748320690399
            ],
            [
              10.870962410772389,
              36.58748320690399
            ],
            [
              10.870962410772389,
              36.587932364546056
            ],
            [
              10.87141156841445,
              36.587932364546056
            ],
            [
              10.87141156841445,
              36.588381522188115
            ],
            [
              10.871860726056509,
              36.588381522188115
            ],
            [
              10.871860726056509,
              36.588830679830174
            ],
            [
              10.87230988369857,
              36.588830679830174
            ],
            [
              10.87230988369857,
              36.58927983747223
            ],
            [
              10.872759041340629,
              36.58927983747223
            ],
            [
              10.872759041340629,
              36.58972899511429
            ],
            [
              10.873208198982688,
              36.58972899511429
            ],
            [
              10.873208198982688,
              36.59062731039841
            ],
            [
              10.873657356624749,
              36.59062731039841
            ],
            [
              10.873657356624749,
              36.59107646804047
            ],
            [
              10.874106514266808,
              36.59107646804047
            ],
            [
              10.874106514266808,
              36.59197478332459
            ],
            [
              10.875004829550928,
              36.59197478332459
            ],
            [
              10.875004829550928,
              36.59287309860871
            ],
            [
              10.875453987192987,
              36.59287309860871
            ],
            [
              10.875453987192987,
              36.59332225625077
            ],
            [
              10.875004829550928,
              36.59332225625077
            ],
            [
              10.875004829550928,
              36.59377141389283
            ],
            [
              10.875453987192987,
              36.59377141389283
            ],
            [
              10.875453987192987,
              36.59511888681901
            ],
            [
              10.875004829550928,
              36.59511888681901
            ]
          ]
        ]
      },
      "id": "+24212+81474",
      "properties": {
        "count": 36,
        "zone": 1
      }
    },
    {
      "type": "Feature",
      "geometry": {
        "geodesic": false,
        "type": "Polygon",
        "coordinates": [
          [
            [
              10.874555671908867,
              36.677763892958005
            ],
            [
              10.875453987192987,
              36.677763892958005
            ],
            [
              10.875453987192987,
              36.678213050600064
            ],
            [
              10.874555671908867,
              36.678213050600064
            ],
            [
              10.874555671908867,
              36.677763892958005
            ]
          ]
        ]
      },
      "id": "+24212+81659",
      "properties": {
        "count": 2,
        "zone": 1
      }
    },
    {
      "type": "Feature",
      "geometry": {
        "geodesic": false,
        "type": "Polygon",
        "coordinates": [
          [
            [
              10.875004829550928,
              36.71459481960691
            ],
            [
              10.875453987192987,
              36.71459481960691
            ],
            [
              10.875453987192987,
              36.71504397724897
            ],
            [
              10.875004829550928,
              36.71504397724897
            ],
            [
              10.875004829550928,
              36.71459481960691
            ]
          ]
        ]
      },
      "id": "+24212+81741",
      "properties": {
        "count": 1,
        "zone": 1
      }
    },
    {
      "type": "Feature",
      "geometry": {
        "geodesic": false,
        "type": "Polygon",
        "coordinates": [
          [
            [
              10.875453987192987,
              36.58972899511429
            ],
            [
              10.875903144835048,
              36.58972899511429
            ],
            [
              10.875903144835048,
              36.59017815275635
            ],
            [
              10.875453987192987,
              36.59017815275635
            ],
            [
              10.875453987192987,
              36.58972899511429
            ]
          ]
        ]
      },
      "id": "+24213+81463",
      "properties": {
        "count": 1,
        "zone": 1
      }
    },
    {
      "type": "Feature",
      "geometry": {
        "geodesic": false,
        "type": "Polygon",
        "coordinates": [
          [
            [
              10.875453987192987,
              36.59511888681901
            ],
            [
              10.875903144835048,
              36.59511888681901
            ],
            [
              10.875903144835048,
              36.59556804446107
            ],
            [
              10.875453987192987,
              36.59556804446107
            ],
            [
              10.875453987192987,
              36.59511888681901
            ]
          ]
        ]
      },
      "id": "+24213+81475",
      "properties": {
        "count": 1,
        "zone": 1
      }
    },
    {
      "type": "Feature",
      "geometry": {
        "geodesic": false,
        "type": "Polygon",
        "coordinates": [
          [
            [
              10.875453987192987,
              36.678213050600064
            ],
            [
              10.875903144835048,
              36.678213050600064
            ],
            [
              10.875903144835048,
              36.67866220824212
            ],
            [
              10.875453987192987,
              36.67866220824212
            ],
            [
              10.875453987192987,
              36.678213050600064
            ]
          ]
        ]
      },
      "id": "+24213+81660",
      "properties": {
        "count": 1,
        "zone": 1
      }
    },
    {
      "type": "Feature",
      "geometry": {
        "geodesic": false,
        "type": "Polygon",
        "coordinates": [
          [
            [
              10.875903144835048,
              36.607695300796685
            ],
            [
              10.876352302477107,
              36.607695300796685
            ],
            [
              10.876352302477107,
              36.608144458438744
            ],
            [
              10.875903144835048,
              36.608144458438744
            ],
            [
              10.875903144835048,
              36.607695300796685
            ]
          ]
        ]
      },
      "id": "+24214+81503",
      "properties": {
        "count": 1,
        "zone": 1
      }
    },
    {
      "type": "Feature",
      "geometry": {
        "geodesic": false,
        "type": "Polygon",
        "coordinates": [
          [
            [
              10.876352302477107,
              36.596915517387245
            ],
            [
              10.876352302477107,
              36.596466359745186
            ],
            [
              10.875903144835048,
              36.596466359745186
            ],
            [
              10.875903144835048,
              36.59556804446107
            ],
            [
              10.876352302477107,
              36.59556804446107
            ],
            [
              10.876352302477107,
              36.59601720210313
            ],
            [
              10.876801460119166,
              36.59601720210313
            ],
            [
              10.876801460119166,
              36.596915517387245
            ],
            [
              10.876352302477107,
              36.596915517387245
            ]
          ]
        ]
      },
      "id": "+24215+81478",
      "properties": {
        "count": 4,
        "zone": 1
      }
    },
    {
      "type": "Feature",
      "geometry": {
        "geodesic": false,
        "type": "Polygon",
        "coordinates": [
          [
            [
              10.876801460119166,
              36.60679698551256
            ],
            [
              10.877250617761227,
              36.60679698551256
            ],
            [
              10.877250617761227,
              36.60724614315462
            ],
            [
              10.876801460119166,
              36.60724614315462
            ],
            [
              10.876801460119166,
              36.60679698551256
            ]
          ]
        ]
      },
      "id": "+24216+81501",
      "properties": {
        "count": 1,
        "zone": 1
      }
    },
    {
      "type": "Feature",
      "geometry": {
        "geodesic": false,
        "type": "Polygon",
        "coordinates": [
          [
            [
              10.877250617761227,
              36.59871214795549
            ],
            [
              10.877250617761227,
              36.59826299031343
            ],
            [
              10.876801460119166,
              36.59826299031343
            ],
            [
              10.876801460119166,
              36.597364675029304
            ],
            [
              10.877250617761227,
              36.597364675029304
            ],
            [
              10.877250617761227,
              36.59781383267137
            ],
            [
              10.877699775403286,
              36.59781383267137
            ],
            [
              10.877699775403286,
              36.59871214795549
            ],
            [
              10.877250617761227,
              36.59871214795549
            ]
          ]
        ]
      },
      "id": "+24217+81482",
      "properties": {
        "count": 4,
        "zone": 1
      }
    },
    {
      "type": "Feature",
      "geometry": {
        "geodesic": false,
        "type": "Polygon",
        "coordinates": [
          [
            [
              10.876352302477107,
              36.59377141389283
            ],
            [
              10.876352302477107,
              36.59242394096665
            ],
            [
              10.876801460119166,
              36.59242394096665
            ],
            [
              10.876801460119166,
              36.59287309860871
            ],
            [
              10.877699775403286,
              36.59287309860871
            ],
            [
              10.877699775403286,
              36.59332225625077
            ],
            [
              10.878148933045345,
              36.59332225625077
            ],
            [
              10.878148933045345,
              36.59377141389283
            ],
            [
              10.876352302477107,
              36.59377141389283
            ]
          ]
        ]
      },
      "id": "+24218+81471",
      "properties": {
        "count": 8,
        "zone": 1
      }
    },
    {
      "type": "Feature",
      "geometry": {
        "geodesic": false,
        "type": "Polygon",
        "coordinates": [
          [
            [
              10.877699775403286,
              36.59916130559755
            ],
            [
              10.878148933045345,
              36.59916130559755
            ],
            [
              10.878148933045345,
              36.59961046323961
            ],
            [
              10.877699775403286,
              36.59961046323961
            ],
            [
              10.877699775403286,
              36.59916130559755
            ]
          ]
        ]
      },
      "id": "+24218+81484",
      "properties": {
        "count": 1,
        "zone": 1
      }
    },
    {
      "type": "Feature",
      "geometry": {
        "geodesic": false,
        "type": "Polygon",
        "coordinates": [
          [
            [
              10.878148933045345,
              36.59377141389283
            ],
            [
              10.878598090687406,
              36.59377141389283
            ],
            [
              10.878598090687406,
              36.59422057153489
            ],
            [
              10.878148933045345,
              36.59422057153489
            ],
            [
              10.878148933045345,
              36.59377141389283
            ]
          ]
        ]
      },
      "id": "+24219+81472",
      "properties": {
        "count": 1,
        "zone": 1
      }
    },
    {
      "type": "Feature",
      "geometry": {
        "geodesic": false,
        "type": "Polygon",
        "coordinates": [
          [
            [
              10.878148933045345,
              36.59826299031343
            ],
            [
              10.878598090687406,
              36.59826299031343
            ],
            [
              10.878598090687406,
              36.59871214795549
            ],
            [
              10.878148933045345,
              36.59871214795549
            ],
            [
              10.878148933045345,
              36.59826299031343
            ]
          ]
        ]
      },
      "id": "+24219+81482",
      "properties": {
        "count": 1,
        "zone": 1
      }
    },
    {
      "type": "Feature",
      "geometry": {
        "geodesic": false,
        "type": "Polygon",
        "coordinates": [
          [
            [
              10.878148933045345,
              36.59961046323961
            ],
            [
              10.878598090687406,
              36.59961046323961
            ],
            [
              10.878598090687406,
              36.600508778523725
            ],
            [
              10.878148933045345,
              36.600508778523725
            ],
            [
              10.878148933045345,
              36.59961046323961
            ]
          ]
        ]
      },
      "id": "+24219+81486",
      "properties": {
        "count": 2,
        "zone": 1
      }
    },
    {
      "type": "Feature",
      "geometry": {
        "geodesic": false,
        "type": "Polygon",
        "coordinates": [
          [
            [
              10.878598090687406,
              36.59422057153489
            ],
            [
              10.879047248329465,
              36.59422057153489
            ],
            [
              10.879047248329465,
              36.59466972917695
            ],
            [
              10.878598090687406,
              36.59466972917695
            ],
            [
              10.878598090687406,
              36.59422057153489
            ]
          ]
        ]
      },
      "id": "+24220+81473",
      "properties": {
        "count": 1,
        "zone": 1
      }
    },
    {
      "type": "Feature",
      "geometry": {
        "geodesic": false,
        "type": "Polygon",
        "coordinates": [
          [
            [
              10.878148933045345,
              36.6755181047477
            ],
            [
              10.878148933045345,
              36.67506894710564
            ],
            [
              10.877250617761227,
              36.67506894710564
            ],
            [
              10.877250617761227,
              36.674170631821525
            ],
            [
              10.878148933045345,
              36.674170631821525
            ],
            [
              10.878148933045345,
              36.674619789463584
            ],
            [
              10.878598090687406,
              36.674619789463584
            ],
            [
              10.878598090687406,
              36.67506894710564
            ],
            [
              10.879047248329465,
              36.67506894710564
            ],
            [
              10.879047248329465,
              36.6755181047477
            ],
            [
              10.878148933045345,
              36.6755181047477
            ]
          ]
        ]
      },
      "id": "+24220+81653",
      "properties": {
        "count": 7,
        "zone": 1
      }
    },
    {
      "type": "Feature",
      "geometry": {
        "geodesic": false,
        "type": "Polygon",
        "coordinates": [
          [
            [
              10.879047248329465,
              36.59466972917695
            ],
            [
              10.879496405971524,
              36.59466972917695
            ],
            [
              10.879496405971524,
              36.59511888681901
            ],
            [
              10.879047248329465,
              36.59511888681901
            ],
            [
              10.879047248329465,
              36.59466972917695
            ]
          ]
        ]
      },
      "id": "+24221+81474",
      "properties": {
        "count": 1,
        "zone": 1
      }
    },
    {
      "type": "Feature",
      "geometry": {
        "geodesic": false,
        "type": "Polygon",
        "coordinates": [
          [
            [
              10.879047248329465,
              36.6018562514499
            ],
            [
              10.879047248329465,
              36.600957936165784
            ],
            [
              10.878598090687406,
              36.600957936165784
            ],
            [
              10.878598090687406,
              36.600508778523725
            ],
            [
              10.879496405971524,
              36.600508778523725
            ],
            [
              10.879496405971524,
              36.6018562514499
            ],
            [
              10.879047248329465,
              36.6018562514499
            ]
          ]
        ]
      },
      "id": "+24221+81489",
      "properties": {
        "count": 4,
        "zone": 1
      }
    },
    {
      "type": "Feature",
      "geometry": {
        "geodesic": false,
        "type": "Polygon",
        "coordinates": [
          [
            [
              10.879496405971524,
              36.59511888681901
            ],
            [
              10.879945563613585,
              36.59511888681901
            ],
            [
              10.879945563613585,
              36.59556804446107
            ],
            [
              10.879496405971524,
              36.59556804446107
            ],
            [
              10.879496405971524,
              36.59511888681901
            ]
          ]
        ]
      },
      "id": "+24222+81475",
      "properties": {
        "count": 1,
        "zone": 1
      }
    },
    {
      "type": "Feature",
      "geometry": {
        "geodesic": false,
        "type": "Polygon",
        "coordinates": [
          [
            [
              10.879496405971524,
              36.60230540909196
            ],
            [
              10.879945563613585,
              36.60230540909196
            ],
            [
              10.879945563613585,
              36.60275456673403
            ],
            [
              10.879496405971524,
              36.60275456673403
            ],
            [
              10.879496405971524,
              36.60230540909196
            ]
          ]
        ]
      },
      "id": "+24222+81491",
      "properties": {
        "count": 1,
        "zone": 1
      }
    },
    {
      "type": "Feature",
      "geometry": {
        "geodesic": false,
        "type": "Polygon",
        "coordinates": [
          [
            [
              10.879496405971524,
              36.67147568596917
            ],
            [
              10.879945563613585,
              36.67147568596917
            ],
            [
              10.879945563613585,
              36.67192484361123
            ],
            [
              10.879496405971524,
              36.67192484361123
            ],
            [
              10.879496405971524,
              36.67147568596917
            ]
          ]
        ]
      },
      "id": "+24222+81645",
      "properties": {
        "count": 1,
        "zone": 1
      }
    },
    {
      "type": "Feature",
      "geometry": {
        "geodesic": false,
        "type": "Polygon",
        "coordinates": [
          [
            [
              10.879945563613585,
              36.59601720210313
            ],
            [
              10.880394721255644,
              36.59601720210313
            ],
            [
              10.880394721255644,
              36.596915517387245
            ],
            [
              10.879945563613585,
              36.596915517387245
            ],
            [
              10.879945563613585,
              36.59601720210313
            ]
          ]
        ]
      },
      "id": "+24223+81478",
      "properties": {
        "count": 2,
        "zone": 1
      }
    },
    {
      "type": "Feature",
      "geometry": {
        "geodesic": false,
        "type": "Polygon",
        "coordinates": [
          [
            [
              10.879945563613585,
              36.60320372437609
            ],
            [
              10.880394721255644,
              36.60320372437609
            ],
            [
              10.880394721255644,
              36.603652882018146
            ],
            [
              10.879945563613585,
              36.603652882018146
            ],
            [
              10.879945563613585,
              36.60320372437609
            ]
          ]
        ]
      },
      "id": "+24223+81493",
      "properties": {
        "count": 1,
        "zone": 1
      }
    },
    {
      "type": "Feature",
      "geometry": {
        "geodesic": false,
        "type": "Polygon",
        "coordinates": [
          [
            [
              10.879496405971524,
              36.69797598685069
            ],
            [
              10.879496405971524,
              36.697526829208634
            ],
            [
              10.879047248329465,
              36.697526829208634
            ],
            [
              10.879047248329465,
              36.697077671566575
            ],
            [
              10.880394721255644,
              36.697077671566575
            ],
            [
              10.880394721255644,
              36.69797598685069
            ],
            [
              10.879496405971524,
              36.69797598685069
            ]
          ]
        ]
      },
      "id": "+24223+81703",
      "properties": {
        "count": 5,
        "zone": 1
      }
    },
    {
      "type": "Feature",
      "geometry": {
        "geodesic": false,
        "type": "Polygon",
        "coordinates": [
          [
            [
              10.880394721255644,
              36.597364675029304
            ],
            [
              10.880843878897705,
              36.597364675029304
            ],
            [
              10.880843878897705,
              36.59781383267137
            ],
            [
              10.880394721255644,
              36.59781383267137
            ],
            [
              10.880394721255644,
              36.597364675029304
            ]
          ]
        ]
      },
      "id": "+24224+81480",
      "properties": {
        "count": 1,
        "zone": 1
      }
    },
    {
      "type": "Feature",
      "geometry": {
        "geodesic": false,
        "type": "Polygon",
        "coordinates": [
          [
            [
              10.880394721255644,
              36.603652882018146
            ],
            [
              10.880843878897705,
              36.603652882018146
            ],
            [
              10.880843878897705,
              36.604102039660205
            ],
            [
              10.880394721255644,
              36.604102039660205
            ],
            [
              10.880394721255644,
              36.603652882018146
            ]
          ]
        ]
      },
      "id": "+24224+81494",
      "properties": {
        "count": 1,
        "zone": 1
      }
    },
    {
      "type": "Feature",
      "geometry": {
        "geodesic": false,
        "type": "Polygon",
        "coordinates": [
          [
            [
              10.880843878897705,
              36.604102039660205
            ],
            [
              10.881293036539764,
              36.604102039660205
            ],
            [
              10.881293036539764,
              36.604551197302264
            ],
            [
              10.880843878897705,
              36.604551197302264
            ],
            [
              10.880843878897705,
              36.604102039660205
            ]
          ]
        ]
      },
      "id": "+24225+81495",
      "properties": {
        "count": 1,
        "zone": 1
      }
    },
    {
      "type": "Feature",
      "geometry": {
        "geodesic": false,
        "type": "Polygon",
        "coordinates": [
          [
            [
              10.881293036539764,
              36.60500035494432
            ],
            [
              10.881742194181824,
              36.60500035494432
            ],
            [
              10.881742194181824,
              36.60544951258638
            ],
            [
              10.881293036539764,
              36.60544951258638
            ],
            [
              10.881293036539764,
              36.60500035494432
            ]
          ]
        ]
      },
      "id": "+24226+81497",
      "properties": {
        "count": 1,
        "zone": 1
      }
    },
    {
      "type": "Feature",
      "geometry": {
        "geodesic": false,
        "type": "Polygon",
        "coordinates": [
          [
            [
              10.881293036539764,
              36.59961046323961
            ],
            [
              10.881293036539764,
              36.59871214795549
            ],
            [
              10.881742194181824,
              36.59871214795549
            ],
            [
              10.881742194181824,
              36.59916130559755
            ],
            [
              10.882191351823884,
              36.59916130559755
            ],
            [
              10.882191351823884,
              36.59961046323961
            ],
            [
              10.881293036539764,
              36.59961046323961
            ]
          ]
        ]
      },
      "id": "+24227+81484",
      "properties": {
        "count": 3,
        "zone": 1
      }
    },
    {
      "type": "Feature",
      "geometry": {
        "geodesic": false,
        "type": "Polygon",
        "coordinates": [
          [
            [
              10.881742194181824,
              36.60544951258638
            ],
            [
              10.882191351823884,
              36.60544951258638
            ],
            [
              10.882191351823884,
              36.6063478278705
            ],
            [
              10.881742194181824,
              36.6063478278705
            ],
            [
              10.881742194181824,
              36.60544951258638
            ]
          ]
        ]
      },
      "id": "+24227+81499",
      "properties": {
        "count": 2,
        "zone": 1
      }
    },
    {
      "type": "Feature",
      "geometry": {
        "geodesic": false,
        "type": "Polygon",
        "coordinates": [
          [
            [
              10.881293036539764,
              36.67147568596917
            ],
            [
              10.881293036539764,
              36.670128213042986
            ],
            [
              10.882191351823884,
              36.670128213042986
            ],
            [
              10.882191351823884,
              36.670577370685045
            ],
            [
              10.881742194181824,
              36.670577370685045
            ],
            [
              10.881742194181824,
              36.67102652832711
            ],
            [
              10.882191351823884,
              36.67102652832711
            ],
            [
              10.882191351823884,
              36.67147568596917
            ],
            [
              10.881293036539764,
              36.67147568596917
            ]
          ]
        ]
      },
      "id": "+24227+81644",
      "properties": {
        "count": 5,
        "zone": 1
      }
    },
    {
      "type": "Feature",
      "geometry": {
        "geodesic": false,
        "type": "Polygon",
        "coordinates": [
          [
            [
              10.881742194181824,
              36.70471335148159
            ],
            [
              10.882191351823884,
              36.70471335148159
            ],
            [
              10.882191351823884,
              36.70516250912365
            ],
            [
              10.881742194181824,
              36.70516250912365
            ],
            [
              10.881742194181824,
              36.70471335148159
            ]
          ]
        ]
      },
      "id": "+24227+81719",
      "properties": {
        "count": 1,
        "zone": 1
      }
    },
    {
      "type": "Feature",
      "geometry": {
        "geodesic": false,
        "type": "Polygon",
        "coordinates": [
          [
            [
              10.882191351823884,
              36.6063478278705
            ],
            [
              10.882640509465944,
              36.6063478278705
            ],
            [
              10.882640509465944,
              36.60679698551256
            ],
            [
              10.882191351823884,
              36.60679698551256
            ],
            [
              10.882191351823884,
              36.6063478278705
            ]
          ]
        ]
      },
      "id": "+24228+81500",
      "properties": {
        "count": 1,
        "zone": 1
      }
    },
    {
      "type": "Feature",
      "geometry": {
        "geodesic": false,
        "type": "Polygon",
        "coordinates": [
          [
            [
              10.883089667108003,
              36.608144458438744
            ],
            [
              10.883538824750064,
              36.608144458438744
            ],
            [
              10.883538824750064,
              36.6085936160808
            ],
            [
              10.883089667108003,
              36.6085936160808
            ],
            [
              10.883089667108003,
              36.608144458438744
            ]
          ]
        ]
      },
      "id": "+24230+81504",
      "properties": {
        "count": 1,
        "zone": 1
      }
    },
    {
      "type": "Feature",
      "geometry": {
        "geodesic": false,
        "type": "Polygon",
        "coordinates": [
          [
            [
              10.883538824750064,
              36.6085936160808
            ],
            [
              10.883987982392123,
              36.6085936160808
            ],
            [
              10.883987982392123,
              36.60904277372286
            ],
            [
              10.883538824750064,
              36.60904277372286
            ],
            [
              10.883538824750064,
              36.6085936160808
            ]
          ]
        ]
      },
      "id": "+24231+81505",
      "properties": {
        "count": 1,
        "zone": 1
      }
    },
    {
      "type": "Feature",
      "geometry": {
        "geodesic": false,
        "type": "Polygon",
        "coordinates": [
          [
            [
              10.882640509465944,
              36.603652882018146
            ],
            [
              10.882640509465944,
              36.60275456673403
            ],
            [
              10.883538824750064,
              36.60275456673403
            ],
            [
              10.883538824750064,
              36.60320372437609
            ],
            [
              10.884437140034183,
              36.60320372437609
            ],
            [
              10.884437140034183,
              36.603652882018146
            ],
            [
              10.882640509465944,
              36.603652882018146
            ]
          ]
        ]
      },
      "id": "+24232+81493",
      "properties": {
        "count": 6,
        "zone": 1
      }
    },
    {
      "type": "Feature",
      "geometry": {
        "geodesic": false,
        "type": "Polygon",
        "coordinates": [
          [
            [
              10.884437140034183,
              36.603652882018146
            ],
            [
              10.884886297676243,
              36.603652882018146
            ],
            [
              10.884886297676243,
              36.604102039660205
            ],
            [
              10.884437140034183,
              36.604102039660205
            ],
            [
              10.884437140034183,
              36.603652882018146
            ]
          ]
        ]
      },
      "id": "+24233+81494",
      "properties": {
        "count": 1,
        "zone": 1
      }
    },
    {
      "type": "Feature",
      "geometry": {
        "geodesic": false,
        "type": "Polygon",
        "coordinates": [
          [
            [
              10.884437140034183,
              36.67327231653741
            ],
            [
              10.884886297676243,
              36.67327231653741
            ],
            [
              10.884886297676243,
              36.674170631821525
            ],
            [
              10.884437140034183,
              36.674170631821525
            ],
            [
              10.884437140034183,
              36.67327231653741
            ]
          ]
        ]
      },
      "id": "+24233+81650",
      "properties": {
        "count": 2,
        "zone": 1
      }
    },
    {
      "type": "Feature",
      "geometry": {
        "geodesic": false,
        "type": "Polygon",
        "coordinates": [
          [
            [
              10.884886297676243,
              36.6108394042911
            ],
            [
              10.884886297676243,
              36.60994108900698
            ],
            [
              10.885335455318302,
              36.60994108900698
            ],
            [
              10.885335455318302,
              36.61039024664904
            ],
            [
              10.885784612960363,
              36.61039024664904
            ],
            [
              10.885784612960363,
              36.6108394042911
            ],
            [
              10.884886297676243,
              36.6108394042911
            ]
          ]
        ]
      },
      "id": "+24235+81509",
      "properties": {
        "count": 3,
        "zone": 1
      }
    },
    {
      "type": "Feature",
      "geometry": {
        "geodesic": false,
        "type": "Polygon",
        "coordinates": [
          [
            [
              10.885335455318302,
              36.67327231653741
            ],
            [
              10.885335455318302,
              36.67237400125329
            ],
            [
              10.885784612960363,
              36.67237400125329
            ],
            [
              10.885784612960363,
              36.67102652832711
            ],
            [
              10.886233770602422,
              36.67102652832711
            ],
            [
              10.886233770602422,
              36.67147568596917
            ],
            [
              10.88668292824448,
              36.67147568596917
            ],
            [
              10.88668292824448,
              36.67237400125329
            ],
            [
              10.886233770602422,
              36.67237400125329
            ],
            [
              10.886233770602422,
              36.67282315889535
            ],
            [
              10.885784612960363,
              36.67282315889535
            ],
            [
              10.885784612960363,
              36.67327231653741
            ],
            [
              10.885335455318302,
              36.67327231653741
            ]
          ]
        ]
      },
      "id": "+24235+81648",
      "properties": {
        "count": 8,
        "zone": 1
      }
    },
    {
      "type": "Feature",
      "geometry": {
        "geodesic": false,
        "type": "Polygon",
        "coordinates": [
          [
            [
              10.885335455318302,
              36.925698911374994
            ],
            [
              10.885784612960363,
              36.925698911374994
            ],
            [
              10.885784612960363,
              36.92614806901705
            ],
            [
              10.885335455318302,
              36.92614806901705
            ],
            [
              10.885335455318302,
              36.925698911374994
            ]
          ]
        ]
      },
      "id": "+24235+82211",
      "properties": {
        "count": 1,
        "zone": 1
      }
    },
    {
      "type": "Feature",
      "geometry": {
        "geodesic": false,
        "type": "Polygon",
        "coordinates": [
          [
            [
              10.885784612960363,
              36.60544951258638
            ],
            [
              10.886233770602422,
              36.60544951258638
            ],
            [
              10.886233770602422,
              36.60589867022844
            ],
            [
              10.885784612960363,
              36.60589867022844
            ],
            [
              10.885784612960363,
              36.60544951258638
            ]
          ]
        ]
      },
      "id": "+24236+81498",
      "properties": {
        "count": 1,
        "zone": 1
      }
    },
    {
      "type": "Feature",
      "geometry": {
        "geodesic": false,
        "type": "Polygon",
        "coordinates": [
          [
            [
              10.886233770602422,
              36.61173771957522
            ],
            [
              10.88668292824448,
              36.61173771957522
            ],
            [
              10.88668292824448,
              36.612186877217276
            ],
            [
              10.886233770602422,
              36.612186877217276
            ],
            [
              10.886233770602422,
              36.61173771957522
            ]
          ]
        ]
      },
      "id": "+24237+81512",
      "properties": {
        "count": 1,
        "zone": 1
      }
    },
    {
      "type": "Feature",
      "geometry": {
        "geodesic": false,
        "type": "Polygon",
        "coordinates": [
          [
            [
              10.886233770602422,
              36.66967905540093
            ],
            [
              10.88668292824448,
              36.66967905540093
            ],
            [
              10.88668292824448,
              36.670128213042986
            ],
            [
              10.886233770602422,
              36.670128213042986
            ],
            [
              10.886233770602422,
              36.66967905540093
            ]
          ]
        ]
      },
      "id": "+24237+81641",
      "properties": {
        "count": 1,
        "zone": 1
      }
    },
    {
      "type": "Feature",
      "geometry": {
        "geodesic": false,
        "type": "Polygon",
        "coordinates": [
          [
            [
              10.88668292824448,
              36.612186877217276
            ],
            [
              10.887132085886542,
              36.612186877217276
            ],
            [
              10.887132085886542,
              36.6130851925014
            ],
            [
              10.88668292824448,
              36.6130851925014
            ],
            [
              10.88668292824448,
              36.612186877217276
            ]
          ]
        ]
      },
      "id": "+24238+81514",
      "properties": {
        "count": 2,
        "zone": 1
      }
    },
    {
      "type": "Feature",
      "geometry": {
        "geodesic": false,
        "type": "Polygon",
        "coordinates": [
          [
            [
              10.88668292824448,
              36.66922989775887
            ],
            [
              10.8875812435286,
              36.66922989775887
            ],
            [
              10.8875812435286,
              36.66967905540093
            ],
            [
              10.88668292824448,
              36.66967905540093
            ],
            [
              10.88668292824448,
              36.66922989775887
            ]
          ]
        ]
      },
      "id": "+24239+81640",
      "properties": {
        "count": 2,
        "zone": 1
      }
    },
    {
      "type": "Feature",
      "geometry": {
        "geodesic": false,
        "type": "Polygon",
        "coordinates": [
          [
            [
              10.888030401170662,
              36.615780138353756
            ],
            [
              10.888030401170662,
              36.61443266542758
            ],
            [
              10.8875812435286,
              36.61443266542758
            ],
            [
              10.8875812435286,
              36.61398350778552
            ],
            [
              10.887132085886542,
              36.61398350778552
            ],
            [
              10.887132085886542,
              36.6130851925014
            ],
            [
              10.888030401170662,
              36.6130851925014
            ],
            [
              10.888030401170662,
              36.61353435014346
            ],
            [
              10.88847955881272,
              36.61353435014346
            ],
            [
              10.88847955881272,
              36.615780138353756
            ],
            [
              10.888030401170662,
              36.615780138353756
            ]
          ]
        ]
      },
      "id": "+24241+81520",
      "properties": {
        "count": 10,
        "zone": 1
      }
    },
    {
      "type": "Feature",
      "geometry": {
        "geodesic": false,
        "type": "Polygon",
        "coordinates": [
          [
            [
              10.88847955881272,
              36.61263603485934
            ],
            [
              10.88847955881272,
              36.61173771957522
            ],
            [
              10.88892871645478,
              36.61173771957522
            ],
            [
              10.88892871645478,
              36.612186877217276
            ],
            [
              10.8898270317389,
              36.612186877217276
            ],
            [
              10.8898270317389,
              36.61263603485934
            ],
            [
              10.88847955881272,
              36.61263603485934
            ]
          ]
        ]
      },
      "id": "+24244+81513",
      "properties": {
        "count": 4,
        "zone": 1
      }
    },
    {
      "type": "Feature",
      "geometry": {
        "geodesic": false,
        "type": "Polygon",
        "coordinates": [
          [
            [
              10.88847955881272,
              36.697526829208634
            ],
            [
              10.88847955881272,
              36.697077671566575
            ],
            [
              10.88937787409684,
              36.697077671566575
            ],
            [
              10.88937787409684,
              36.696628513924516
            ],
            [
              10.8898270317389,
              36.696628513924516
            ],
            [
              10.8898270317389,
              36.697526829208634
            ],
            [
              10.88847955881272,
              36.697526829208634
            ]
          ]
        ]
      },
      "id": "+24244+81702",
      "properties": {
        "count": 4,
        "zone": 1
      }
    },
    {
      "type": "Feature",
      "geometry": {
        "geodesic": false,
        "type": "Polygon",
        "coordinates": [
          [
            [
              10.8898270317389,
              36.6800096811683
            ],
            [
              10.890276189380959,
              36.6800096811683
            ],
            [
              10.890276189380959,
              36.68045883881036
            ],
            [
              10.8898270317389,
              36.68045883881036
            ],
            [
              10.8898270317389,
              36.6800096811683
            ]
          ]
        ]
      },
      "id": "+24245+81664",
      "properties": {
        "count": 1,
        "zone": 1
      }
    },
    {
      "type": "Feature",
      "geometry": {
        "geodesic": false,
        "type": "Polygon",
        "coordinates": [
          [
            [
              10.8898270317389,
              36.69258609514598
            ],
            [
              10.890276189380959,
              36.69258609514598
            ],
            [
              10.890276189380959,
              36.693035252788036
            ],
            [
              10.8898270317389,
              36.693035252788036
            ],
            [
              10.8898270317389,
              36.69258609514598
            ]
          ]
        ]
      },
      "id": "+24245+81692",
      "properties": {
        "count": 1,
        "zone": 1
      }
    },
    {
      "type": "Feature",
      "geometry": {
        "geodesic": false,
        "type": "Polygon",
        "coordinates": [
          [
            [
              10.8898270317389,
              36.617576768922
            ],
            [
              10.8898270317389,
              36.61712761127994
            ],
            [
              10.88892871645478,
              36.61712761127994
            ],
            [
              10.88892871645478,
              36.615780138353756
            ],
            [
              10.8898270317389,
              36.615780138353756
            ],
            [
              10.8898270317389,
              36.616678453637874
            ],
            [
              10.890276189380959,
              36.616678453637874
            ],
            [
              10.890276189380959,
              36.61712761127994
            ],
            [
              10.89072534702302,
              36.61712761127994
            ],
            [
              10.89072534702302,
              36.617576768922
            ],
            [
              10.8898270317389,
              36.617576768922
            ]
          ]
        ]
      },
      "id": "+24246+81524",
      "properties": {
        "count": 9,
        "zone": 1
      }
    },
    {
      "type": "Feature",
      "geometry": {
        "geodesic": false,
        "type": "Polygon",
        "coordinates": [
          [
            [
              10.890276189380959,
              36.69213693750392
            ],
            [
              10.89072534702302,
              36.69213693750392
            ],
            [
              10.89072534702302,
              36.69258609514598
            ],
            [
              10.890276189380959,
              36.69258609514598
            ],
            [
              10.890276189380959,
              36.69213693750392
            ]
          ]
        ]
      },
      "id": "+24246+81691",
      "properties": {
        "count": 1,
        "zone": 1
      }
    },
    {
      "type": "Feature",
      "geometry": {
        "geodesic": false,
        "type": "Polygon",
        "coordinates": [
          [
            [
              10.89072534702302,
              36.61353435014346
            ],
            [
              10.891174504665079,
              36.61353435014346
            ],
            [
              10.891174504665079,
              36.61398350778552
            ],
            [
              10.89072534702302,
              36.61398350778552
            ],
            [
              10.89072534702302,
              36.61353435014346
            ]
          ]
        ]
      },
      "id": "+24247+81516",
      "properties": {
        "count": 1,
        "zone": 1
      }
    },
    {
      "type": "Feature",
      "geometry": {
        "geodesic": false,
        "type": "Polygon",
        "coordinates": [
          [
            [
              10.89072534702302,
              36.61892424184818
            ],
            [
              10.891174504665079,
              36.61892424184818
            ],
            [
              10.891174504665079,
              36.619373399490236
            ],
            [
              10.89072534702302,
              36.619373399490236
            ],
            [
              10.89072534702302,
              36.61892424184818
            ]
          ]
        ]
      },
      "id": "+24247+81528",
      "properties": {
        "count": 1,
        "zone": 1
      }
    },
    {
      "type": "Feature",
      "geometry": {
        "geodesic": false,
        "type": "Polygon",
        "coordinates": [
          [
            [
              10.89072534702302,
              36.62251750298466
            ],
            [
              10.891174504665079,
              36.62251750298466
            ],
            [
              10.891174504665079,
              36.622966660626716
            ],
            [
              10.89072534702302,
              36.622966660626716
            ],
            [
              10.89072534702302,
              36.62251750298466
            ]
          ]
        ]
      },
      "id": "+24247+81536",
      "properties": {
        "count": 1,
        "zone": 1
      }
    },
    {
      "type": "Feature",
      "geometry": {
        "geodesic": false,
        "type": "Polygon",
        "coordinates": [
          [
            [
              10.891623662307138,
              36.62072087241641
            ],
            [
              10.892072819949199,
              36.62072087241641
            ],
            [
              10.892072819949199,
              36.62117003005847
            ],
            [
              10.891623662307138,
              36.62117003005847
            ],
            [
              10.891623662307138,
              36.62072087241641
            ]
          ]
        ]
      },
      "id": "+24249+81532",
      "properties": {
        "count": 1,
        "zone": 1
      }
    },
    {
      "type": "Feature",
      "geometry": {
        "geodesic": false,
        "type": "Polygon",
        "coordinates": [
          [
            [
              10.891623662307138,
              36.674170631821525
            ],
            [
              10.892072819949199,
              36.674170631821525
            ],
            [
              10.892072819949199,
              36.674619789463584
            ],
            [
              10.891623662307138,
              36.674619789463584
            ],
            [
              10.891623662307138,
              36.674170631821525
            ]
          ]
        ]
      },
      "id": "+24249+81651",
      "properties": {
        "count": 1,
        "zone": 1
      }
    },
    {
      "type": "Feature",
      "geometry": {
        "geodesic": false,
        "type": "Polygon",
        "coordinates": [
          [
            [
              10.892521977591258,
              36.616229295995815
            ],
            [
              10.892971135233319,
              36.616229295995815
            ],
            [
              10.892971135233319,
              36.616678453637874
            ],
            [
              10.892521977591258,
              36.616678453637874
            ],
            [
              10.892521977591258,
              36.616229295995815
            ]
          ]
        ]
      },
      "id": "+24251+81522",
      "properties": {
        "count": 1,
        "zone": 1
      }
    },
    {
      "type": "Feature",
      "geometry": {
        "geodesic": false,
        "type": "Polygon",
        "coordinates": [
          [
            [
              10.892521977591258,
              36.6220683453426
            ],
            [
              10.892971135233319,
              36.6220683453426
            ],
            [
              10.892971135233319,
              36.62251750298466
            ],
            [
              10.892521977591258,
              36.62251750298466
            ],
            [
              10.892521977591258,
              36.6220683453426
            ]
          ]
        ]
      },
      "id": "+24251+81535",
      "properties": {
        "count": 1,
        "zone": 1
      }
    },
    {
      "type": "Feature",
      "geometry": {
        "geodesic": false,
        "type": "Polygon",
        "coordinates": [
          [
            [
              10.892521977591258,
              36.681806311736544
            ],
            [
              10.892971135233319,
              36.681806311736544
            ],
            [
              10.892971135233319,
              36.6822554693786
            ],
            [
              10.892521977591258,
              36.6822554693786
            ],
            [
              10.892521977591258,
              36.681806311736544
            ]
          ]
        ]
      },
      "id": "+24251+81668",
      "properties": {
        "count": 1,
        "zone": 1
      }
    },
    {
      "type": "Feature",
      "geometry": {
        "geodesic": false,
        "type": "Polygon",
        "coordinates": [
          [
            [
              10.892072819949199,
              36.61847508420612
            ],
            [
              10.892072819949199,
              36.61802592656406
            ],
            [
              10.892521977591258,
              36.61802592656406
            ],
            [
              10.892521977591258,
              36.617576768922
            ],
            [
              10.893869450517437,
              36.617576768922
            ],
            [
              10.893869450517437,
              36.61847508420612
            ],
            [
              10.892072819949199,
              36.61847508420612
            ]
          ]
        ]
      },
      "id": "+24253+81526",
      "properties": {
        "count": 7,
        "zone": 1
      }
    },
    {
      "type": "Feature",
      "geometry": {
        "geodesic": false,
        "type": "Polygon",
        "coordinates": [
          [
            [
              10.893420292875378,
              36.715942292533086
            ],
            [
              10.893420292875378,
              36.71549313489103
            ],
            [
              10.893869450517437,
              36.71549313489103
            ],
            [
              10.893869450517437,
              36.71504397724897
            ],
            [
              10.894318608159498,
              36.71504397724897
            ],
            [
              10.894318608159498,
              36.715942292533086
            ],
            [
              10.893420292875378,
              36.715942292533086
            ]
          ]
        ]
      },
      "id": "+24254+81743",
      "properties": {
        "count": 3,
        "zone": 1
      }
    },
    {
      "type": "Feature",
      "geometry": {
        "geodesic": false,
        "type": "Polygon",
        "coordinates": [
          [
            [
              10.894318608159498,
              36.61892424184818
            ],
            [
              10.894767765801557,
              36.61892424184818
            ],
            [
              10.894767765801557,
              36.619373399490236
            ],
            [
              10.894318608159498,
              36.619373399490236
            ],
            [
              10.894318608159498,
              36.61892424184818
            ]
          ]
        ]
      },
      "id": "+24255+81528",
      "properties": {
        "count": 1,
        "zone": 1
      }
    },
    {
      "type": "Feature",
      "geometry": {
        "geodesic": false,
        "type": "Polygon",
        "coordinates": [
          [
            [
              10.895666081085677,
              36.62117003005847
            ],
            [
              10.896115238727736,
              36.62117003005847
            ],
            [
              10.896115238727736,
              36.62161918770053
            ],
            [
              10.895666081085677,
              36.62161918770053
            ],
            [
              10.895666081085677,
              36.62117003005847
            ]
          ]
        ]
      },
      "id": "+24258+81533",
      "properties": {
        "count": 1,
        "zone": 1
      }
    },
    {
      "type": "Feature",
      "geometry": {
        "geodesic": false,
        "type": "Polygon",
        "coordinates": [
          [
            [
              10.895666081085677,
              36.68495041523096
            ],
            [
              10.896115238727736,
              36.68495041523096
            ],
            [
              10.896115238727736,
              36.68584873051508
            ],
            [
              10.895666081085677,
              36.68584873051508
            ],
            [
              10.895666081085677,
              36.68495041523096
            ]
          ]
        ]
      },
      "id": "+24258+81676",
      "properties": {
        "count": 2,
        "zone": 1
      }
    },
    {
      "type": "Feature",
      "geometry": {
        "geodesic": false,
        "type": "Polygon",
        "coordinates": [
          [
            [
              10.895666081085677,
              36.99801329174662
            ],
            [
              10.896564396369797,
              36.99801329174662
            ],
            [
              10.896564396369797,
              36.998462449388676
            ],
            [
              10.895666081085677,
              36.998462449388676
            ],
            [
              10.895666081085677,
              36.99801329174662
            ]
          ]
        ]
      },
      "id": "+24259+82372",
      "properties": {
        "count": 2,
        "zone": 1
      }
    },
    {
      "type": "Feature",
      "geometry": {
        "geodesic": false,
        "type": "Polygon",
        "coordinates": [
          [
            [
              10.896115238727736,
              36.62566160647907
            ],
            [
              10.896115238727736,
              36.62521244883701
            ],
            [
              10.895666081085677,
              36.62521244883701
            ],
            [
              10.895666081085677,
              36.623415818268775
            ],
            [
              10.896564396369797,
              36.623415818268775
            ],
            [
              10.896564396369797,
              36.62476329119495
            ],
            [
              10.897013554011856,
              36.62476329119495
            ],
            [
              10.897013554011856,
              36.62566160647907
            ],
            [
              10.896115238727736,
              36.62566160647907
            ]
          ]
        ]
      },
      "id": "+24260+81542",
      "properties": {
        "count": 11,
        "zone": 1
      }
    },
    {
      "type": "Feature",
      "geometry": {
        "geodesic": false,
        "type": "Polygon",
        "coordinates": [
          [
            [
              10.896115238727736,
              36.62790739468937
            ],
            [
              10.896115238727736,
              36.627009079405255
            ],
            [
              10.895666081085677,
              36.627009079405255
            ],
            [
              10.895666081085677,
              36.62655992176319
            ],
            [
              10.895216923443616,
              36.62655992176319
            ],
            [
              10.895216923443616,
              36.62611076412113
            ],
            [
              10.894767765801557,
              36.62611076412113
            ],
            [
              10.894767765801557,
              36.62521244883701
            ],
            [
              10.894318608159498,
              36.62521244883701
            ],
            [
              10.894318608159498,
              36.62476329119495
            ],
            [
              10.893869450517437,
              36.62476329119495
            ],
            [
              10.893869450517437,
              36.62431413355289
            ],
            [
              10.893420292875378,
              36.62431413355289
            ],
            [
              10.893420292875378,
              36.623415818268775
            ],
            [
              10.893869450517437,
              36.623415818268775
            ],
            [
              10.893869450517437,
              36.623864975910834
            ],
            [
              10.894318608159498,
              36.623864975910834
            ],
            [
              10.894318608159498,
              36.62431413355289
            ],
            [
              10.894767765801557,
              36.62431413355289
            ],
            [
              10.894767765801557,
              36.62476329119495
            ],
            [
              10.895216923443616,
              36.62476329119495
            ],
            [
              10.895216923443616,
              36.62566160647907
            ],
            [
              10.895666081085677,
              36.62566160647907
            ],
            [
              10.895666081085677,
              36.62611076412113
            ],
            [
              10.896115238727736,
              36.62611076412113
            ],
            [
              10.896115238727736,
              36.62655992176319
            ],
            [
              10.896564396369797,
              36.62655992176319
            ],
            [
              10.896564396369797,
              36.627458237047314
            ],
            [
              10.897462711653915,
              36.627458237047314
            ],
            [
              10.897462711653915,
              36.62790739468937
            ],
            [
              10.896115238727736,
              36.62790739468937
            ]
          ]
        ]
      },
      "id": "+24261+81547",
      "properties": {
        "count": 18,
        "zone": 1
      }
    },
    {
      "type": "Feature",
      "geometry": {
        "geodesic": false,
        "type": "Polygon",
        "coordinates": [
          [
            [
              10.897013554011856,
              36.680907996452426
            ],
            [
              10.897013554011856,
              36.6800096811683
            ],
            [
              10.897462711653915,
              36.6800096811683
            ],
            [
              10.897462711653915,
              36.67956052352624
            ],
            [
              10.897911869295976,
              36.67956052352624
            ],
            [
              10.897911869295976,
              36.68045883881036
            ],
            [
              10.897462711653915,
              36.68045883881036
            ],
            [
              10.897462711653915,
              36.680907996452426
            ],
            [
              10.897013554011856,
              36.680907996452426
            ]
          ]
        ]
      },
      "id": "+24261+81665",
      "properties": {
        "count": 4,
        "zone": 1
      }
    },
    {
      "type": "Feature",
      "geometry": {
        "geodesic": false,
        "type": "Polygon",
        "coordinates": [
          [
            [
              10.897013554011856,
              36.80801960915534
            ],
            [
              10.897462711653915,
              36.80801960915534
            ],
            [
              10.897462711653915,
              36.8084687667974
            ],
            [
              10.897013554011856,
              36.8084687667974
            ],
            [
              10.897013554011856,
              36.80801960915534
            ]
          ]
        ]
      },
      "id": "+24261+81949",
      "properties": {
        "count": 1,
        "zone": 1
      }
    },
    {
      "type": "Feature",
      "geometry": {
        "geodesic": false,
        "type": "Polygon",
        "coordinates": [
          [
            [
              10.898810184580094,
              36.73840017463607
            ],
            [
              10.899259342222155,
              36.73840017463607
            ],
            [
              10.899259342222155,
              36.73884933227813
            ],
            [
              10.898810184580094,
              36.73884933227813
            ],
            [
              10.898810184580094,
              36.73840017463607
            ]
          ]
        ]
      },
      "id": "+24265+81794",
      "properties": {
        "count": 1,
        "zone": 1
      }
    },
    {
      "type": "Feature",
      "geometry": {
        "geodesic": false,
        "type": "Polygon",
        "coordinates": [
          [
            [
              10.899259342222155,
              36.63105149818379
            ],
            [
              10.899708499864214,
              36.63105149818379
            ],
            [
              10.899708499864214,
              36.631500655825846
            ],
            [
              10.899259342222155,
              36.631500655825846
            ],
            [
              10.899259342222155,
              36.63105149818379
            ]
          ]
        ]
      },
      "id": "+24266+81555",
      "properties": {
        "count": 1,
        "zone": 1
      }
    },
    {
      "type": "Feature",
      "geometry": {
        "geodesic": false,
        "type": "Polygon",
        "coordinates": [
          [
            [
              10.899708499864214,
              36.68764536108332
            ],
            [
              10.900157657506274,
              36.68764536108332
            ],
            [
              10.900157657506274,
              36.68809451872538
            ],
            [
              10.899708499864214,
              36.68809451872538
            ],
            [
              10.899708499864214,
              36.68764536108332
            ]
          ]
        ]
      },
      "id": "+24267+81681",
      "properties": {
        "count": 1,
        "zone": 1
      }
    },
    {
      "type": "Feature",
      "geometry": {
        "geodesic": false,
        "type": "Polygon",
        "coordinates": [
          [
            [
              10.899708499864214,
              36.69034030693568
            ],
            [
              10.900157657506274,
              36.69034030693568
            ],
            [
              10.900157657506274,
              36.69078946457774
            ],
            [
              10.899708499864214,
              36.69078946457774
            ],
            [
              10.899708499864214,
              36.69034030693568
            ]
          ]
        ]
      },
      "id": "+24267+81687",
      "properties": {
        "count": 1,
        "zone": 1
      }
    },
    {
      "type": "Feature",
      "geometry": {
        "geodesic": false,
        "type": "Polygon",
        "coordinates": [
          [
            [
              10.900157657506274,
              36.69528104099834
            ],
            [
              10.900606815148334,
              36.69528104099834
            ],
            [
              10.900606815148334,
              36.69617935628246
            ],
            [
              10.900157657506274,
              36.69617935628246
            ],
            [
              10.900157657506274,
              36.69528104099834
            ]
          ]
        ]
      },
      "id": "+24268+81699",
      "properties": {
        "count": 2,
        "zone": 1
      }
    },
    {
      "type": "Feature",
      "geometry": {
        "geodesic": false,
        "type": "Polygon",
        "coordinates": [
          [
            [
              10.900157657506274,
              36.73884933227813
            ],
            [
              10.900606815148334,
              36.73884933227813
            ],
            [
              10.900606815148334,
              36.739298489920195
            ],
            [
              10.900157657506274,
              36.739298489920195
            ],
            [
              10.900157657506274,
              36.73884933227813
            ]
          ]
        ]
      },
      "id": "+24268+81795",
      "properties": {
        "count": 1,
        "zone": 1
      }
    },
    {
      "type": "Feature",
      "geometry": {
        "geodesic": false,
        "type": "Polygon",
        "coordinates": [
          [
            [
              10.900157657506274,
              36.63239897110997
            ],
            [
              10.901055972790394,
              36.63239897110997
            ],
            [
              10.901055972790394,
              36.63284812875203
            ],
            [
              10.900157657506274,
              36.63284812875203
            ],
            [
              10.900157657506274,
              36.63239897110997
            ]
          ]
        ]
      },
      "id": "+24269+81558",
      "properties": {
        "count": 2,
        "zone": 1
      }
    },
    {
      "type": "Feature",
      "geometry": {
        "geodesic": false,
        "type": "Polygon",
        "coordinates": [
          [
            [
              10.900606815148334,
              36.73750185935195
            ],
            [
              10.901055972790394,
              36.73750185935195
            ],
            [
              10.901055972790394,
              36.73795101699401
            ],
            [
              10.900606815148334,
              36.73795101699401
            ],
            [
              10.900606815148334,
              36.73750185935195
            ]
          ]
        ]
      },
      "id": "+24269+81792",
      "properties": {
        "count": 1,
        "zone": 1
      }
    },
    {
      "type": "Feature",
      "geometry": {
        "geodesic": false,
        "type": "Polygon",
        "coordinates": [
          [
            [
              10.900606815148334,
              36.71100155847043
            ],
            [
              10.901505130432454,
              36.71100155847043
            ],
            [
              10.901505130432454,
              36.71145071611249
            ],
            [
              10.900606815148334,
              36.71145071611249
            ],
            [
              10.900606815148334,
              36.71100155847043
            ]
          ]
        ]
      },
      "id": "+24270+81733",
      "properties": {
        "count": 2,
        "zone": 1
      }
    },
    {
      "type": "Feature",
      "geometry": {
        "geodesic": false,
        "type": "Polygon",
        "coordinates": [
          [
            [
              10.900606815148334,
              36.73884933227813
            ],
            [
              10.900606815148334,
              36.73840017463607
            ],
            [
              10.901055972790394,
              36.73840017463607
            ],
            [
              10.901055972790394,
              36.73795101699401
            ],
            [
              10.901505130432454,
              36.73795101699401
            ],
            [
              10.901505130432454,
              36.73884933227813
            ],
            [
              10.900606815148334,
              36.73884933227813
            ]
          ]
        ]
      },
      "id": "+24270+81794",
      "properties": {
        "count": 3,
        "zone": 1
      }
    },
    {
      "type": "Feature",
      "geometry": {
        "geodesic": false,
        "type": "Polygon",
        "coordinates": [
          [
            [
              10.901505130432454,
              36.63419560167821
            ],
            [
              10.901505130432454,
              36.63374644403615
            ],
            [
              10.901055972790394,
              36.63374644403615
            ],
            [
              10.901055972790394,
              36.63284812875203
            ],
            [
              10.901505130432454,
              36.63284812875203
            ],
            [
              10.901505130432454,
              36.63329728639409
            ],
            [
              10.901954288074513,
              36.63329728639409
            ],
            [
              10.901954288074513,
              36.63419560167821
            ],
            [
              10.901505130432454,
              36.63419560167821
            ]
          ]
        ]
      },
      "id": "+24271+81561",
      "properties": {
        "count": 4,
        "zone": 1
      }
    },
    {
      "type": "Feature",
      "geometry": {
        "geodesic": false,
        "type": "Polygon",
        "coordinates": [
          [
            [
              10.901055972790394,
              36.739298489920195
            ],
            [
              10.901954288074513,
              36.739298489920195
            ],
            [
              10.901954288074513,
              36.739747647562254
            ],
            [
              10.901055972790394,
              36.739747647562254
            ],
            [
              10.901055972790394,
              36.739298489920195
            ]
          ]
        ]
      },
      "id": "+24271+81796",
      "properties": {
        "count": 2,
        "zone": 1
      }
    },
    {
      "type": "Feature",
      "geometry": {
        "geodesic": false,
        "type": "Polygon",
        "coordinates": [
          [
            [
              10.901954288074513,
              36.73884933227813
            ],
            [
              10.902403445716573,
              36.73884933227813
            ],
            [
              10.902403445716573,
              36.739298489920195
            ],
            [
              10.901954288074513,
              36.739298489920195
            ],
            [
              10.901954288074513,
              36.73884933227813
            ]
          ]
        ]
      },
      "id": "+24272+81795",
      "properties": {
        "count": 1,
        "zone": 1
      }
    },
    {
      "type": "Feature",
      "geometry": {
        "geodesic": false,
        "type": "Polygon",
        "coordinates": [
          [
            [
              10.902403445716573,
              36.998462449388676
            ],
            [
              10.902852603358633,
              36.998462449388676
            ],
            [
              10.902852603358633,
              36.998911607030735
            ],
            [
              10.902403445716573,
              36.998911607030735
            ],
            [
              10.902403445716573,
              36.998462449388676
            ]
          ]
        ]
      },
      "id": "+24273+82373",
      "properties": {
        "count": 1,
        "zone": 1
      }
    },
    {
      "type": "Feature",
      "geometry": {
        "geodesic": false,
        "type": "Polygon",
        "coordinates": [
          [
            [
              10.902852603358633,
              36.71010324318631
            ],
            [
              10.903301761000693,
              36.71010324318631
            ],
            [
              10.903301761000693,
              36.71055240082837
            ],
            [
              10.902852603358633,
              36.71055240082837
            ],
            [
              10.902852603358633,
              36.71010324318631
            ]
          ]
        ]
      },
      "id": "+24274+81731",
      "properties": {
        "count": 1,
        "zone": 1
      }
    },
    {
      "type": "Feature",
      "geometry": {
        "geodesic": false,
        "type": "Polygon",
        "coordinates": [
          [
            [
              10.902403445716573,
              36.739747647562254
            ],
            [
              10.902403445716573,
              36.739298489920195
            ],
            [
              10.902852603358633,
              36.739298489920195
            ],
            [
              10.902852603358633,
              36.73884933227813
            ],
            [
              10.903301761000693,
              36.73884933227813
            ],
            [
              10.903301761000693,
              36.739747647562254
            ],
            [
              10.902403445716573,
              36.739747647562254
            ]
          ]
        ]
      },
      "id": "+24274+81796",
      "properties": {
        "count": 3,
        "zone": 1
      }
    },
    {
      "type": "Feature",
      "geometry": {
        "geodesic": false,
        "type": "Polygon",
        "coordinates": [
          [
            [
              10.902403445716573,
              36.75951058381288
            ],
            [
              10.903301761000693,
              36.75951058381288
            ],
            [
              10.903301761000693,
              36.760408899097
            ],
            [
              10.902403445716573,
              36.760408899097
            ],
            [
              10.902403445716573,
              36.75951058381288
            ]
          ]
        ]
      },
      "id": "+24274+81842",
      "properties": {
        "count": 4,
        "zone": 1
      }
    },
    {
      "type": "Feature",
      "geometry": {
        "geodesic": false,
        "type": "Polygon",
        "coordinates": [
          [
            [
              10.903301761000693,
              36.76085805673906
            ],
            [
              10.903750918642752,
              36.76085805673906
            ],
            [
              10.903750918642752,
              36.76220552966524
            ],
            [
              10.903301761000693,
              36.76220552966524
            ],
            [
              10.903301761000693,
              36.76085805673906
            ]
          ]
        ]
      },
      "id": "+24275+81846",
      "properties": {
        "count": 3,
        "zone": 1
      }
    },
    {
      "type": "Feature",
      "geometry": {
        "geodesic": false,
        "type": "Polygon",
        "coordinates": [
          [
            [
              10.903750918642752,
              36.63689054753057
            ],
            [
              10.903750918642752,
              36.6364413898885
            ],
            [
              10.902852603358633,
              36.6364413898885
            ],
            [
              10.902852603358633,
              36.635992232246444
            ],
            [
              10.902403445716573,
              36.635992232246444
            ],
            [
              10.902403445716573,
              36.635093916962326
            ],
            [
              10.901954288074513,
              36.635093916962326
            ],
            [
              10.901954288074513,
              36.63419560167821
            ],
            [
              10.902852603358633,
              36.63419560167821
            ],
            [
              10.902852603358633,
              36.635093916962326
            ],
            [
              10.903301761000693,
              36.635093916962326
            ],
            [
              10.903301761000693,
              36.635543074604385
            ],
            [
              10.903750918642752,
              36.635543074604385
            ],
            [
              10.903750918642752,
              36.635992232246444
            ],
            [
              10.904200076284813,
              36.635992232246444
            ],
            [
              10.904200076284813,
              36.63689054753057
            ],
            [
              10.903750918642752,
              36.63689054753057
            ]
          ]
        ]
      },
      "id": "+24276+81567",
      "properties": {
        "count": 13,
        "zone": 1
      }
    },
    {
      "type": "Feature",
      "geometry": {
        "geodesic": false,
        "type": "Polygon",
        "coordinates": [
          [
            [
              10.903750918642752,
              36.739298489920195
            ],
            [
              10.904200076284813,
              36.739298489920195
            ],
            [
              10.904200076284813,
              36.739747647562254
            ],
            [
              10.903750918642752,
              36.739747647562254
            ],
            [
              10.903750918642752,
              36.739298489920195
            ]
          ]
        ]
      },
      "id": "+24276+81796",
      "properties": {
        "count": 1,
        "zone": 1
      }
    },
    {
      "type": "Feature",
      "geometry": {
        "geodesic": false,
        "type": "Polygon",
        "coordinates": [
          [
            [
              10.903750918642752,
              36.75995974145494
            ],
            [
              10.904200076284813,
              36.75995974145494
            ],
            [
              10.904200076284813,
              36.760408899097
            ],
            [
              10.903750918642752,
              36.760408899097
            ],
            [
              10.903750918642752,
              36.75995974145494
            ]
          ]
        ]
      },
      "id": "+24276+81842",
      "properties": {
        "count": 1,
        "zone": 1
      }
    },
    {
      "type": "Feature",
      "geometry": {
        "geodesic": false,
        "type": "Polygon",
        "coordinates": [
          [
            [
              10.903750918642752,
              36.736154386425774
            ],
            [
              10.903750918642752,
              36.735705228783715
            ],
            [
              10.904200076284813,
              36.735705228783715
            ],
            [
              10.904200076284813,
              36.735256071141656
            ],
            [
              10.904649233926872,
              36.735256071141656
            ],
            [
              10.904649233926872,
              36.736154386425774
            ],
            [
              10.903750918642752,
              36.736154386425774
            ]
          ]
        ]
      },
      "id": "+24277+81788",
      "properties": {
        "count": 3,
        "zone": 1
      }
    },
    {
      "type": "Feature",
      "geometry": {
        "geodesic": false,
        "type": "Polygon",
        "coordinates": [
          [
            [
              10.904200076284813,
              36.75367153446611
            ],
            [
              10.904649233926872,
              36.75367153446611
            ],
            [
              10.904649233926872,
              36.75412069210817
            ],
            [
              10.904200076284813,
              36.75412069210817
            ],
            [
              10.904200076284813,
              36.75367153446611
            ]
          ]
        ]
      },
      "id": "+24277+81828",
      "properties": {
        "count": 1,
        "zone": 1
      }
    },
    {
      "type": "Feature",
      "geometry": {
        "geodesic": false,
        "type": "Polygon",
        "coordinates": [
          [
            [
              10.904649233926872,
              36.63823802045675
            ],
            [
              10.905098391568933,
              36.63823802045675
            ],
            [
              10.905098391568933,
              36.638687178098806
            ],
            [
              10.904649233926872,
              36.638687178098806
            ],
            [
              10.904649233926872,
              36.63823802045675
            ]
          ]
        ]
      },
      "id": "+24278+81571",
      "properties": {
        "count": 1,
        "zone": 1
      }
    },
    {
      "type": "Feature",
      "geometry": {
        "geodesic": false,
        "type": "Polygon",
        "coordinates": [
          [
            [
              10.904649233926872,
              36.754569849750226
            ],
            [
              10.905547549210992,
              36.754569849750226
            ],
            [
              10.905547549210992,
              36.755019007392285
            ],
            [
              10.904649233926872,
              36.755019007392285
            ],
            [
              10.904649233926872,
              36.754569849750226
            ]
          ]
        ]
      },
      "id": "+24279+81830",
      "properties": {
        "count": 2,
        "zone": 1
      }
    },
    {
      "type": "Feature",
      "geometry": {
        "geodesic": false,
        "type": "Polygon",
        "coordinates": [
          [
            [
              10.904649233926872,
              36.63464475932027
            ],
            [
              10.90599670685305,
              36.63464475932027
            ],
            [
              10.90599670685305,
              36.635093916962326
            ],
            [
              10.904649233926872,
              36.635093916962326
            ],
            [
              10.904649233926872,
              36.63464475932027
            ]
          ]
        ]
      },
      "id": "+24280+81563",
      "properties": {
        "count": 3,
        "zone": 1
      }
    },
    {
      "type": "Feature",
      "geometry": {
        "geodesic": false,
        "type": "Polygon",
        "coordinates": [
          [
            [
              10.90599670685305,
              36.75052743097169
            ],
            [
              10.906445864495112,
              36.75052743097169
            ],
            [
              10.906445864495112,
              36.750976588613746
            ],
            [
              10.90599670685305,
              36.750976588613746
            ],
            [
              10.90599670685305,
              36.75052743097169
            ]
          ]
        ]
      },
      "id": "+24281+81821",
      "properties": {
        "count": 1,
        "zone": 1
      }
    },
    {
      "type": "Feature",
      "geometry": {
        "geodesic": false,
        "type": "Polygon",
        "coordinates": [
          [
            [
              10.90599670685305,
              36.7559173226764
            ],
            [
              10.906445864495112,
              36.7559173226764
            ],
            [
              10.906445864495112,
              36.75636648031846
            ],
            [
              10.90599670685305,
              36.75636648031846
            ],
            [
              10.90599670685305,
              36.7559173226764
            ]
          ]
        ]
      },
      "id": "+24281+81833",
      "properties": {
        "count": 1,
        "zone": 1
      }
    },
    {
      "type": "Feature",
      "geometry": {
        "geodesic": false,
        "type": "Polygon",
        "coordinates": [
          [
            [
              10.90599670685305,
              36.80083308688238
            ],
            [
              10.906445864495112,
              36.80083308688238
            ],
            [
              10.906445864495112,
              36.80128224452444
            ],
            [
              10.90599670685305,
              36.80128224452444
            ],
            [
              10.90599670685305,
              36.80083308688238
            ]
          ]
        ]
      },
      "id": "+24281+81933",
      "properties": {
        "count": 1,
        "zone": 1
      }
    },
    {
      "type": "Feature",
      "geometry": {
        "geodesic": false,
        "type": "Polygon",
        "coordinates": [
          [
            [
              10.906445864495112,
              36.75636648031846
            ],
            [
              10.90689502213717,
              36.75636648031846
            ],
            [
              10.90689502213717,
              36.75681563796052
            ],
            [
              10.906445864495112,
              36.75681563796052
            ],
            [
              10.906445864495112,
              36.75636648031846
            ]
          ]
        ]
      },
      "id": "+24282+81834",
      "properties": {
        "count": 1,
        "zone": 1
      }
    },
    {
      "type": "Feature",
      "geometry": {
        "geodesic": false,
        "type": "Polygon",
        "coordinates": [
          [
            [
              10.906445864495112,
              36.64003465102498
            ],
            [
              10.906445864495112,
              36.639585493382924
            ],
            [
              10.905098391568933,
              36.639585493382924
            ],
            [
              10.905098391568933,
              36.638687178098806
            ],
            [
              10.905547549210992,
              36.638687178098806
            ],
            [
              10.905547549210992,
              36.639136335740865
            ],
            [
              10.90599670685305,
              36.639136335740865
            ],
            [
              10.90599670685305,
              36.63823802045675
            ],
            [
              10.905547549210992,
              36.63823802045675
            ],
            [
              10.905547549210992,
              36.63778886281469
            ],
            [
              10.904200076284813,
              36.63778886281469
            ],
            [
              10.904200076284813,
              36.63689054753057
            ],
            [
              10.905547549210992,
              36.63689054753057
            ],
            [
              10.905547549210992,
              36.63733970517263
            ],
            [
              10.90599670685305,
              36.63733970517263
            ],
            [
              10.90599670685305,
              36.63778886281469
            ],
            [
              10.906445864495112,
              36.63778886281469
            ],
            [
              10.906445864495112,
              36.638687178098806
            ],
            [
              10.90689502213717,
              36.638687178098806
            ],
            [
              10.90689502213717,
              36.639585493382924
            ],
            [
              10.90734417977923,
              36.639585493382924
            ],
            [
              10.90734417977923,
              36.64003465102498
            ],
            [
              10.906445864495112,
              36.64003465102498
            ]
          ]
        ]
      },
      "id": "+24283+81574",
      "properties": {
        "count": 19,
        "zone": 1
      }
    },
    {
      "type": "Feature",
      "geometry": {
        "geodesic": false,
        "type": "Polygon",
        "coordinates": [
          [
            [
              10.90734417977923,
              36.73390859821547
            ],
            [
              10.90779333742129,
              36.73390859821547
            ],
            [
              10.90779333742129,
              36.73435775585754
            ],
            [
              10.90734417977923,
              36.73435775585754
            ],
            [
              10.90734417977923,
              36.73390859821547
            ]
          ]
        ]
      },
      "id": "+24284+81784",
      "properties": {
        "count": 1,
        "zone": 1
      }
    },
    {
      "type": "Feature",
      "geometry": {
        "geodesic": false,
        "type": "Polygon",
        "coordinates": [
          [
            [
              10.90734417977923,
              36.73840017463607
            ],
            [
              10.90779333742129,
              36.73840017463607
            ],
            [
              10.90779333742129,
              36.73884933227813
            ],
            [
              10.90734417977923,
              36.73884933227813
            ],
            [
              10.90734417977923,
              36.73840017463607
            ]
          ]
        ]
      },
      "id": "+24284+81794",
      "properties": {
        "count": 1,
        "zone": 1
      }
    },
    {
      "type": "Feature",
      "geometry": {
        "geodesic": false,
        "type": "Polygon",
        "coordinates": [
          [
            [
              10.90779333742129,
              36.74962911568757
            ],
            [
              10.90824249506335,
              36.74962911568757
            ],
            [
              10.90824249506335,
              36.75007827332963
            ],
            [
              10.90779333742129,
              36.75007827332963
            ],
            [
              10.90779333742129,
              36.74962911568757
            ]
          ]
        ]
      },
      "id": "+24285+81819",
      "properties": {
        "count": 1,
        "zone": 1
      }
    },
    {
      "type": "Feature",
      "geometry": {
        "geodesic": false,
        "type": "Polygon",
        "coordinates": [
          [
            [
              10.90824249506335,
              36.74558669690903
            ],
            [
              10.908691652705409,
              36.74558669690903
            ],
            [
              10.908691652705409,
              36.74603585455109
            ],
            [
              10.90824249506335,
              36.74603585455109
            ],
            [
              10.90824249506335,
              36.74558669690903
            ]
          ]
        ]
      },
      "id": "+24286+81810",
      "properties": {
        "count": 1,
        "zone": 1
      }
    },
    {
      "type": "Feature",
      "geometry": {
        "geodesic": false,
        "type": "Polygon",
        "coordinates": [
          [
            [
              10.90824249506335,
              36.74693416983521
            ],
            [
              10.908691652705409,
              36.74693416983521
            ],
            [
              10.908691652705409,
              36.748281642761384
            ],
            [
              10.90824249506335,
              36.748281642761384
            ],
            [
              10.90824249506335,
              36.74693416983521
            ]
          ]
        ]
      },
      "id": "+24286+81815",
      "properties": {
        "count": 3,
        "zone": 1
      }
    },
    {
      "type": "Feature",
      "geometry": {
        "geodesic": false,
        "type": "Polygon",
        "coordinates": [
          [
            [
              10.90824249506335,
              36.74917995804551
            ],
            [
              10.908691652705409,
              36.74917995804551
            ],
            [
              10.908691652705409,
              36.74962911568757
            ],
            [
              10.90824249506335,
              36.74962911568757
            ],
            [
              10.90824249506335,
              36.74917995804551
            ]
          ]
        ]
      },
      "id": "+24286+81818",
      "properties": {
        "count": 1,
        "zone": 1
      }
    },
    {
      "type": "Feature",
      "geometry": {
        "geodesic": false,
        "type": "Polygon",
        "coordinates": [
          [
            [
              10.908691652705409,
              36.751874903897864
            ],
            [
              10.90914081034747,
              36.751874903897864
            ],
            [
              10.90914081034747,
              36.75232406153992
            ],
            [
              10.908691652705409,
              36.75232406153992
            ],
            [
              10.908691652705409,
              36.751874903897864
            ]
          ]
        ]
      },
      "id": "+24287+81824",
      "properties": {
        "count": 1,
        "zone": 1
      }
    },
    {
      "type": "Feature",
      "geometry": {
        "geodesic": false,
        "type": "Polygon",
        "coordinates": [
          [
            [
              10.90779333742129,
              36.73795101699401
            ],
            [
              10.909589967989529,
              36.73795101699401
            ],
            [
              10.909589967989529,
              36.73840017463607
            ],
            [
              10.90779333742129,
              36.73840017463607
            ],
            [
              10.90779333742129,
              36.73795101699401
            ]
          ]
        ]
      },
      "id": "+24288+81793",
      "properties": {
        "count": 4,
        "zone": 1
      }
    },
    {
      "type": "Feature",
      "geometry": {
        "geodesic": false,
        "type": "Polygon",
        "coordinates": [
          [
            [
              10.90914081034747,
              36.74873080040345
            ],
            [
              10.909589967989529,
              36.74873080040345
            ],
            [
              10.909589967989529,
              36.74917995804551
            ],
            [
              10.90914081034747,
              36.74917995804551
            ],
            [
              10.90914081034747,
              36.74873080040345
            ]
          ]
        ]
      },
      "id": "+24288+81817",
      "properties": {
        "count": 1,
        "zone": 1
      }
    },
    {
      "type": "Feature",
      "geometry": {
        "geodesic": false,
        "type": "Polygon",
        "coordinates": [
          [
            [
              10.90914081034747,
              36.75007827332963
            ],
            [
              10.909589967989529,
              36.75007827332963
            ],
            [
              10.909589967989529,
              36.751425746255805
            ],
            [
              10.90914081034747,
              36.751425746255805
            ],
            [
              10.90914081034747,
              36.75007827332963
            ]
          ]
        ]
      },
      "id": "+24288+81822",
      "properties": {
        "count": 3,
        "zone": 1
      }
    },
    {
      "type": "Feature",
      "geometry": {
        "geodesic": false,
        "type": "Polygon",
        "coordinates": [
          [
            [
              10.908691652705409,
              36.64407706980352
            ],
            [
              10.908691652705409,
              36.64362791216146
            ],
            [
              10.90824249506335,
              36.64362791216146
            ],
            [
              10.90824249506335,
              36.643178754519404
            ],
            [
              10.90779333742129,
              36.643178754519404
            ],
            [
              10.90779333742129,
              36.642280439235286
            ],
            [
              10.90824249506335,
              36.642280439235286
            ],
            [
              10.90824249506335,
              36.642729596877345
            ],
            [
              10.908691652705409,
              36.642729596877345
            ],
            [
              10.908691652705409,
              36.643178754519404
            ],
            [
              10.90914081034747,
              36.643178754519404
            ],
            [
              10.90914081034747,
              36.642729596877345
            ],
            [
              10.908691652705409,
              36.642729596877345
            ],
            [
              10.908691652705409,
              36.642280439235286
            ],
            [
              10.90824249506335,
              36.642280439235286
            ],
            [
              10.90824249506335,
              36.64138212395116
            ],
            [
              10.90779333742129,
              36.64138212395116
            ],
            [
              10.90779333742129,
              36.6409329663091
            ],
            [
              10.90734417977923,
              36.6409329663091
            ],
            [
              10.90734417977923,
              36.64003465102498
            ],
            [
              10.90779333742129,
              36.64003465102498
            ],
            [
              10.90779333742129,
              36.64048380866704
            ],
            [
              10.90824249506335,
              36.64048380866704
            ],
            [
              10.90824249506335,
              36.6409329663091
            ],
            [
              10.908691652705409,
              36.6409329663091
            ],
            [
              10.908691652705409,
              36.64138212395116
            ],
            [
              10.90914081034747,
              36.64138212395116
            ],
            [
              10.90914081034747,
              36.642280439235286
            ],
            [
              10.91003912563159,
              36.642280439235286
            ],
            [
              10.91003912563159,
              36.642729596877345
            ],
            [
              10.910488283273649,
              36.642729596877345
            ],
            [
              10.910488283273649,
              36.64362791216146
            ],
            [
              10.91003912563159,
              36.64362791216146
            ],
            [
              10.91003912563159,
              36.64407706980352
            ],
            [
              10.908691652705409,
              36.64407706980352
            ]
          ]
        ]
      },
      "id": "+24289+81583",
      "properties": {
        "count": 26,
        "zone": 1
      }
    },
    {
      "type": "Feature",
      "geometry": {
        "geodesic": false,
        "type": "Polygon",
        "coordinates": [
          [
            [
              10.908691652705409,
              36.70336587855541
            ],
            [
              10.908691652705409,
              36.70291672091335
            ],
            [
              10.90914081034747,
              36.70291672091335
            ],
            [
              10.90914081034747,
              36.70246756327129
            ],
            [
              10.909589967989529,
              36.70246756327129
            ],
            [
              10.909589967989529,
              36.70291672091335
            ],
            [
              10.91003912563159,
              36.70291672091335
            ],
            [
              10.91003912563159,
              36.70336587855541
            ],
            [
              10.908691652705409,
              36.70336587855541
            ]
          ]
        ]
      },
      "id": "+24289+81715",
      "properties": {
        "count": 4,
        "zone": 1
      }
    },
    {
      "type": "Feature",
      "geometry": {
        "geodesic": false,
        "type": "Polygon",
        "coordinates": [
          [
            [
              10.91003912563159,
              36.74917995804551
            ],
            [
              10.910488283273649,
              36.74917995804551
            ],
            [
              10.910488283273649,
              36.74962911568757
            ],
            [
              10.91003912563159,
              36.74962911568757
            ],
            [
              10.91003912563159,
              36.74917995804551
            ]
          ]
        ]
      },
      "id": "+24290+81818",
      "properties": {
        "count": 1,
        "zone": 1
      }
    },
    {
      "type": "Feature",
      "geometry": {
        "geodesic": false,
        "type": "Polygon",
        "coordinates": [
          [
            [
              10.910488283273649,
              36.64632285801382
            ],
            [
              10.910937440915708,
              36.64632285801382
            ],
            [
              10.910937440915708,
              36.646772015655884
            ],
            [
              10.910488283273649,
              36.646772015655884
            ],
            [
              10.910488283273649,
              36.64632285801382
            ]
          ]
        ]
      },
      "id": "+24291+81589",
      "properties": {
        "count": 1,
        "zone": 1
      }
    },
    {
      "type": "Feature",
      "geometry": {
        "geodesic": false,
        "type": "Polygon",
        "coordinates": [
          [
            [
              10.91003912563159,
              36.70291672091335
            ],
            [
              10.91003912563159,
              36.70246756327129
            ],
            [
              10.910488283273649,
              36.70246756327129
            ],
            [
              10.910488283273649,
              36.70201840562923
            ],
            [
              10.911386598557769,
              36.70201840562923
            ],
            [
              10.911386598557769,
              36.70291672091335
            ],
            [
              10.91003912563159,
              36.70291672091335
            ]
          ]
        ]
      },
      "id": "+24292+81714",
      "properties": {
        "count": 5,
        "zone": 1
      }
    },
    {
      "type": "Feature",
      "geometry": {
        "geodesic": false,
        "type": "Polygon",
        "coordinates": [
          [
            [
              10.91003912563159,
              36.73840017463607
            ],
            [
              10.91003912563159,
              36.73795101699401
            ],
            [
              10.910488283273649,
              36.73795101699401
            ],
            [
              10.910488283273649,
              36.73750185935195
            ],
            [
              10.910937440915708,
              36.73750185935195
            ],
            [
              10.910937440915708,
              36.73795101699401
            ],
            [
              10.911386598557769,
              36.73795101699401
            ],
            [
              10.911386598557769,
              36.73840017463607
            ],
            [
              10.91003912563159,
              36.73840017463607
            ]
          ]
        ]
      },
      "id": "+24292+81793",
      "properties": {
        "count": 4,
        "zone": 1
      }
    },
    {
      "type": "Feature",
      "geometry": {
        "geodesic": false,
        "type": "Polygon",
        "coordinates": [
          [
            [
              10.910937440915708,
              36.74064596284637
            ],
            [
              10.911386598557769,
              36.74064596284637
            ],
            [
              10.911386598557769,
              36.74109512048843
            ],
            [
              10.910937440915708,
              36.74109512048843
            ],
            [
              10.910937440915708,
              36.74064596284637
            ]
          ]
        ]
      },
      "id": "+24292+81799",
      "properties": {
        "count": 1,
        "zone": 1
      }
    },
    {
      "type": "Feature",
      "geometry": {
        "geodesic": false,
        "type": "Polygon",
        "coordinates": [
          [
            [
              10.910937440915708,
              36.74468838162491
            ],
            [
              10.910937440915708,
              36.74423922398285
            ],
            [
              10.910488283273649,
              36.74423922398285
            ],
            [
              10.910488283273649,
              36.743790066340786
            ],
            [
              10.911386598557769,
              36.743790066340786
            ],
            [
              10.911386598557769,
              36.74468838162491
            ],
            [
              10.910937440915708,
              36.74468838162491
            ]
          ]
        ]
      },
      "id": "+24292+81807",
      "properties": {
        "count": 3,
        "zone": 1
      }
    },
    {
      "type": "Feature",
      "geometry": {
        "geodesic": false,
        "type": "Polygon",
        "coordinates": [
          [
            [
              10.910937440915708,
              36.74873080040345
            ],
            [
              10.911386598557769,
              36.74873080040345
            ],
            [
              10.911386598557769,
              36.74917995804551
            ],
            [
              10.910937440915708,
              36.74917995804551
            ],
            [
              10.910937440915708,
              36.74873080040345
            ]
          ]
        ]
      },
      "id": "+24292+81817",
      "properties": {
        "count": 1,
        "zone": 1
      }
    },
    {
      "type": "Feature",
      "geometry": {
        "geodesic": false,
        "type": "Polygon",
        "coordinates": [
          [
            [
              10.910937440915708,
              36.75052743097169
            ],
            [
              10.911386598557769,
              36.75052743097169
            ],
            [
              10.911386598557769,
              36.750976588613746
            ],
            [
              10.910937440915708,
              36.750976588613746
            ],
            [
              10.910937440915708,
              36.75052743097169
            ]
          ]
        ]
      },
      "id": "+24292+81821",
      "properties": {
        "count": 1,
        "zone": 1
      }
    },
    {
      "type": "Feature",
      "geometry": {
        "geodesic": false,
        "type": "Polygon",
        "coordinates": [
          [
            [
              10.911386598557769,
              36.74019680520431
            ],
            [
              10.911835756199828,
              36.74019680520431
            ],
            [
              10.911835756199828,
              36.74064596284637
            ],
            [
              10.911386598557769,
              36.74064596284637
            ],
            [
              10.911386598557769,
              36.74019680520431
            ]
          ]
        ]
      },
      "id": "+24293+81798",
      "properties": {
        "count": 1,
        "zone": 1
      }
    },
    {
      "type": "Feature",
      "geometry": {
        "geodesic": false,
        "type": "Polygon",
        "coordinates": [
          [
            [
              10.911835756199828,
              36.74064596284637
            ],
            [
              10.912284913841887,
              36.74064596284637
            ],
            [
              10.912284913841887,
              36.74109512048843
            ],
            [
              10.911835756199828,
              36.74109512048843
            ],
            [
              10.911835756199828,
              36.74064596284637
            ]
          ]
        ]
      },
      "id": "+24294+81799",
      "properties": {
        "count": 1,
        "zone": 1
      }
    },
    {
      "type": "Feature",
      "geometry": {
        "geodesic": false,
        "type": "Polygon",
        "coordinates": [
          [
            [
              10.911386598557769,
              36.75052743097169
            ],
            [
              10.911386598557769,
              36.75007827332963
            ],
            [
              10.911835756199828,
              36.75007827332963
            ],
            [
              10.911835756199828,
              36.74962911568757
            ],
            [
              10.912284913841887,
              36.74962911568757
            ],
            [
              10.912284913841887,
              36.75052743097169
            ],
            [
              10.911386598557769,
              36.75052743097169
            ]
          ]
        ]
      },
      "id": "+24294+81820",
      "properties": {
        "count": 3,
        "zone": 1
      }
    },
    {
      "type": "Feature",
      "geometry": {
        "geodesic": false,
        "type": "Polygon",
        "coordinates": [
          [
            [
              10.912284913841887,
              36.74109512048843
            ],
            [
              10.912734071483948,
              36.74109512048843
            ],
            [
              10.912734071483948,
              36.74154427813049
            ],
            [
              10.912284913841887,
              36.74154427813049
            ],
            [
              10.912284913841887,
              36.74109512048843
            ]
          ]
        ]
      },
      "id": "+24295+81800",
      "properties": {
        "count": 1,
        "zone": 1
      }
    },
    {
      "type": "Feature",
      "geometry": {
        "geodesic": false,
        "type": "Polygon",
        "coordinates": [
          [
            [
              10.912284913841887,
              36.74917995804551
            ],
            [
              10.912284913841887,
              36.74873080040345
            ],
            [
              10.911835756199828,
              36.74873080040345
            ],
            [
              10.911835756199828,
              36.748281642761384
            ],
            [
              10.912284913841887,
              36.748281642761384
            ],
            [
              10.912284913841887,
              36.747383327477266
            ],
            [
              10.912734071483948,
              36.747383327477266
            ],
            [
              10.912734071483948,
              36.74917995804551
            ],
            [
              10.912284913841887,
              36.74917995804551
            ]
          ]
        ]
      },
      "id": "+24295+81817",
      "properties": {
        "count": 5,
        "zone": 1
      }
    },
    {
      "type": "Feature",
      "geometry": {
        "geodesic": false,
        "type": "Polygon",
        "coordinates": [
          [
            [
              10.912734071483948,
              36.74154427813049
            ],
            [
              10.913183229126007,
              36.74154427813049
            ],
            [
              10.913183229126007,
              36.74199343577255
            ],
            [
              10.912734071483948,
              36.74199343577255
            ],
            [
              10.912734071483948,
              36.74154427813049
            ]
          ]
        ]
      },
      "id": "+24296+81801",
      "properties": {
        "count": 1,
        "zone": 1
      }
    },
    {
      "type": "Feature",
      "geometry": {
        "geodesic": false,
        "type": "Polygon",
        "coordinates": [
          [
            [
              10.912734071483948,
              36.74244259341461
            ],
            [
              10.913183229126007,
              36.74244259341461
            ],
            [
              10.913183229126007,
              36.74289175105667
            ],
            [
              10.912734071483948,
              36.74289175105667
            ],
            [
              10.912734071483948,
              36.74244259341461
            ]
          ]
        ]
      },
      "id": "+24296+81803",
      "properties": {
        "count": 1,
        "zone": 1
      }
    },
    {
      "type": "Feature",
      "geometry": {
        "geodesic": false,
        "type": "Polygon",
        "coordinates": [
          [
            [
              10.912734071483948,
              36.743790066340786
            ],
            [
              10.913183229126007,
              36.743790066340786
            ],
            [
              10.913183229126007,
              36.74423922398285
            ],
            [
              10.912734071483948,
              36.74423922398285
            ],
            [
              10.912734071483948,
              36.743790066340786
            ]
          ]
        ]
      },
      "id": "+24296+81806",
      "properties": {
        "count": 1,
        "zone": 1
      }
    },
    {
      "type": "Feature",
      "geometry": {
        "geodesic": false,
        "type": "Polygon",
        "coordinates": [
          [
            [
              10.912734071483948,
              36.74558669690903
            ],
            [
              10.913183229126007,
              36.74558669690903
            ],
            [
              10.913183229126007,
              36.74603585455109
            ],
            [
              10.912734071483948,
              36.74603585455109
            ],
            [
              10.912734071483948,
              36.74558669690903
            ]
          ]
        ]
      },
      "id": "+24296+81810",
      "properties": {
        "count": 1,
        "zone": 1
      }
    },
    {
      "type": "Feature",
      "geometry": {
        "geodesic": false,
        "type": "Polygon",
        "coordinates": [
          [
            [
              10.913183229126007,
              36.73884933227813
            ],
            [
              10.913632386768068,
              36.73884933227813
            ],
            [
              10.913632386768068,
              36.739298489920195
            ],
            [
              10.913183229126007,
              36.739298489920195
            ],
            [
              10.913183229126007,
              36.73884933227813
            ]
          ]
        ]
      },
      "id": "+24297+81795",
      "properties": {
        "count": 1,
        "zone": 1
      }
    },
    {
      "type": "Feature",
      "geometry": {
        "geodesic": false,
        "type": "Polygon",
        "coordinates": [
          [
            [
              10.913183229126007,
              36.74334090869873
            ],
            [
              10.913632386768068,
              36.74334090869873
            ],
            [
              10.913632386768068,
              36.743790066340786
            ],
            [
              10.913183229126007,
              36.743790066340786
            ],
            [
              10.913183229126007,
              36.74334090869873
            ]
          ]
        ]
      },
      "id": "+24297+81805",
      "properties": {
        "count": 1,
        "zone": 1
      }
    },
    {
      "type": "Feature",
      "geometry": {
        "geodesic": false,
        "type": "Polygon",
        "coordinates": [
          [
            [
              10.913183229126007,
              36.74468838162491
            ],
            [
              10.913632386768068,
              36.74468838162491
            ],
            [
              10.913632386768068,
              36.74513753926697
            ],
            [
              10.913183229126007,
              36.74513753926697
            ],
            [
              10.913183229126007,
              36.74468838162491
            ]
          ]
        ]
      },
      "id": "+24297+81808",
      "properties": {
        "count": 1,
        "zone": 1
      }
    },
    {
      "type": "Feature",
      "geometry": {
        "geodesic": false,
        "type": "Polygon",
        "coordinates": [
          [
            [
              10.914081544410127,
              36.74334090869873
            ],
            [
              10.914081544410127,
              36.74244259341461
            ],
            [
              10.913632386768068,
              36.74244259341461
            ],
            [
              10.913632386768068,
              36.74199343577255
            ],
            [
              10.914530702052186,
              36.74199343577255
            ],
            [
              10.914530702052186,
              36.74334090869873
            ],
            [
              10.914081544410127,
              36.74334090869873
            ]
          ]
        ]
      },
      "id": "+24299+81804",
      "properties": {
        "count": 4,
        "zone": 1
      }
    },
    {
      "type": "Feature",
      "geometry": {
        "geodesic": false,
        "type": "Polygon",
        "coordinates": [
          [
            [
              10.914530702052186,
              36.73435775585754
            ],
            [
              10.914979859694247,
              36.73435775585754
            ],
            [
              10.914979859694247,
              36.7348069134996
            ],
            [
              10.914530702052186,
              36.7348069134996
            ],
            [
              10.914530702052186,
              36.73435775585754
            ]
          ]
        ]
      },
      "id": "+24300+81785",
      "properties": {
        "count": 1,
        "zone": 1
      }
    },
    {
      "type": "Feature",
      "geometry": {
        "geodesic": false,
        "type": "Polygon",
        "coordinates": [
          [
            [
              10.914979859694247,
              36.74334090869873
            ],
            [
              10.915429017336306,
              36.74334090869873
            ],
            [
              10.915429017336306,
              36.743790066340786
            ],
            [
              10.914979859694247,
              36.743790066340786
            ],
            [
              10.914979859694247,
              36.74334090869873
            ]
          ]
        ]
      },
      "id": "+24301+81805",
      "properties": {
        "count": 1,
        "zone": 1
      }
    },
    {
      "type": "Feature",
      "geometry": {
        "geodesic": false,
        "type": "Polygon",
        "coordinates": [
          [
            [
              10.915429017336306,
              36.743790066340786
            ],
            [
              10.915878174978365,
              36.743790066340786
            ],
            [
              10.915878174978365,
              36.74423922398285
            ],
            [
              10.915429017336306,
              36.74423922398285
            ],
            [
              10.915429017336306,
              36.743790066340786
            ]
          ]
        ]
      },
      "id": "+24302+81806",
      "properties": {
        "count": 1,
        "zone": 1
      }
    },
    {
      "type": "Feature",
      "geometry": {
        "geodesic": false,
        "type": "Polygon",
        "coordinates": [
          [
            [
              10.915878174978365,
              36.74109512048843
            ],
            [
              10.916327332620426,
              36.74109512048843
            ],
            [
              10.916327332620426,
              36.74154427813049
            ],
            [
              10.915878174978365,
              36.74154427813049
            ],
            [
              10.915878174978365,
              36.74109512048843
            ]
          ]
        ]
      },
      "id": "+24303+81800",
      "properties": {
        "count": 1,
        "zone": 1
      }
    },
    {
      "type": "Feature",
      "geometry": {
        "geodesic": false,
        "type": "Polygon",
        "coordinates": [
          [
            [
              10.915878174978365,
              36.65395853792884
            ],
            [
              10.915878174978365,
              36.65350938028678
            ],
            [
              10.916327332620426,
              36.65350938028678
            ],
            [
              10.916327332620426,
              36.65306022264472
            ],
            [
              10.917225647904544,
              36.65306022264472
            ],
            [
              10.917225647904544,
              36.65350938028678
            ],
            [
              10.916776490262485,
              36.65350938028678
            ],
            [
              10.916776490262485,
              36.65395853792884
            ],
            [
              10.915878174978365,
              36.65395853792884
            ]
          ]
        ]
      },
      "id": "+24304+81605",
      "properties": {
        "count": 4,
        "zone": 1
      }
    },
    {
      "type": "Feature",
      "geometry": {
        "geodesic": false,
        "type": "Polygon",
        "coordinates": [
          [
            [
              10.916327332620426,
              36.71010324318631
            ],
            [
              10.916776490262485,
              36.71010324318631
            ],
            [
              10.916776490262485,
              36.71055240082837
            ],
            [
              10.916327332620426,
              36.71055240082837
            ],
            [
              10.916327332620426,
              36.71010324318631
            ]
          ]
        ]
      },
      "id": "+24304+81731",
      "properties": {
        "count": 1,
        "zone": 1
      }
    },
    {
      "type": "Feature",
      "geometry": {
        "geodesic": false,
        "type": "Polygon",
        "coordinates": [
          [
            [
              10.916327332620426,
              36.74244259341461
            ],
            [
              10.916776490262485,
              36.74244259341461
            ],
            [
              10.916776490262485,
              36.74289175105667
            ],
            [
              10.916327332620426,
              36.74289175105667
            ],
            [
              10.916327332620426,
              36.74244259341461
            ]
          ]
        ]
      },
      "id": "+24304+81803",
      "properties": {
        "count": 1,
        "zone": 1
      }
    },
    {
      "type": "Feature",
      "geometry": {
        "geodesic": false,
        "type": "Polygon",
        "coordinates": [
          [
            [
              10.917674805546605,
              36.64946696150824
            ],
            [
              10.918123963188664,
              36.64946696150824
            ],
            [
              10.918123963188664,
              36.6499161191503
            ],
            [
              10.917674805546605,
              36.6499161191503
            ],
            [
              10.917674805546605,
              36.64946696150824
            ]
          ]
        ]
      },
      "id": "+24307+81596",
      "properties": {
        "count": 1,
        "zone": 1
      }
    },
    {
      "type": "Feature",
      "geometry": {
        "geodesic": false,
        "type": "Polygon",
        "coordinates": [
          [
            [
              10.918123963188664,
              36.74154427813049
            ],
            [
              10.918573120830725,
              36.74154427813049
            ],
            [
              10.918573120830725,
              36.74244259341461
            ],
            [
              10.918123963188664,
              36.74244259341461
            ],
            [
              10.918123963188664,
              36.74154427813049
            ]
          ]
        ]
      },
      "id": "+24308+81802",
      "properties": {
        "count": 2,
        "zone": 1
      }
    },
    {
      "type": "Feature",
      "geometry": {
        "geodesic": false,
        "type": "Polygon",
        "coordinates": [
          [
            [
              10.918573120830725,
              36.74109512048843
            ],
            [
              10.919022278472784,
              36.74109512048843
            ],
            [
              10.919022278472784,
              36.74154427813049
            ],
            [
              10.918573120830725,
              36.74154427813049
            ],
            [
              10.918573120830725,
              36.74109512048843
            ]
          ]
        ]
      },
      "id": "+24309+81800",
      "properties": {
        "count": 1,
        "zone": 1
      }
    },
    {
      "type": "Feature",
      "geometry": {
        "geodesic": false,
        "type": "Polygon",
        "coordinates": [
          [
            [
              10.919022278472784,
              36.96567394151831
            ],
            [
              10.919471436114843,
              36.96567394151831
            ],
            [
              10.919471436114843,
              36.96612309916037
            ],
            [
              10.919022278472784,
              36.96612309916037
            ],
            [
              10.919022278472784,
              36.96567394151831
            ]
          ]
        ]
      },
      "id": "+24310+82300",
      "properties": {
        "count": 1,
        "zone": 1
      }
    },
    {
      "type": "Feature",
      "geometry": {
        "geodesic": false,
        "type": "Polygon",
        "coordinates": [
          [
            [
              10.919920593756904,
              36.65710264142326
            ],
            [
              10.920369751398963,
              36.65710264142326
            ],
            [
              10.920369751398963,
              36.65755179906532
            ],
            [
              10.919920593756904,
              36.65755179906532
            ],
            [
              10.919920593756904,
              36.65710264142326
            ]
          ]
        ]
      },
      "id": "+24312+81613",
      "properties": {
        "count": 1,
        "zone": 1
      }
    },
    {
      "type": "Feature",
      "geometry": {
        "geodesic": false,
        "type": "Polygon",
        "coordinates": [
          [
            [
              10.920369751398963,
              36.73660354406783
            ],
            [
              10.920818909041023,
              36.73660354406783
            ],
            [
              10.920818909041023,
              36.73705270170989
            ],
            [
              10.920369751398963,
              36.73705270170989
            ],
            [
              10.920369751398963,
              36.73660354406783
            ]
          ]
        ]
      },
      "id": "+24313+81790",
      "properties": {
        "count": 1,
        "zone": 1
      }
    },
    {
      "type": "Feature",
      "geometry": {
        "geodesic": false,
        "type": "Polygon",
        "coordinates": [
          [
            [
              10.920369751398963,
              36.739298489920195
            ],
            [
              10.920818909041023,
              36.739298489920195
            ],
            [
              10.920818909041023,
              36.739747647562254
            ],
            [
              10.920369751398963,
              36.739747647562254
            ],
            [
              10.920369751398963,
              36.739298489920195
            ]
          ]
        ]
      },
      "id": "+24313+81796",
      "properties": {
        "count": 1,
        "zone": 1
      }
    },
    {
      "type": "Feature",
      "geometry": {
        "geodesic": false,
        "type": "Polygon",
        "coordinates": [
          [
            [
              10.920369751398963,
              36.74019680520431
            ],
            [
              10.920818909041023,
              36.74019680520431
            ],
            [
              10.920818909041023,
              36.74064596284637
            ],
            [
              10.920369751398963,
              36.74064596284637
            ],
            [
              10.920369751398963,
              36.74019680520431
            ]
          ]
        ]
      },
      "id": "+24313+81798",
      "properties": {
        "count": 1,
        "zone": 1
      }
    },
    {
      "type": "Feature",
      "geometry": {
        "geodesic": false,
        "type": "Polygon",
        "coordinates": [
          [
            [
              10.919920593756904,
              36.74109512048843
            ],
            [
              10.920818909041023,
              36.74109512048843
            ],
            [
              10.920818909041023,
              36.74154427813049
            ],
            [
              10.919920593756904,
              36.74154427813049
            ],
            [
              10.919920593756904,
              36.74109512048843
            ]
          ]
        ]
      },
      "id": "+24313+81800",
      "properties": {
        "count": 2,
        "zone": 1
      }
    },
    {
      "type": "Feature",
      "geometry": {
        "geodesic": false,
        "type": "Polygon",
        "coordinates": [
          [
            [
              10.920818909041023,
              36.700670932703055
            ],
            [
              10.921268066683083,
              36.700670932703055
            ],
            [
              10.921268066683083,
              36.701120090345114
            ],
            [
              10.920818909041023,
              36.701120090345114
            ],
            [
              10.920818909041023,
              36.700670932703055
            ]
          ]
        ]
      },
      "id": "+24314+81710",
      "properties": {
        "count": 1,
        "zone": 1
      }
    },
    {
      "type": "Feature",
      "geometry": {
        "geodesic": false,
        "type": "Polygon",
        "coordinates": [
          [
            [
              10.920818909041023,
              36.658450114349435
            ],
            [
              10.920818909041023,
              36.65755179906532
            ],
            [
              10.921268066683083,
              36.65755179906532
            ],
            [
              10.921268066683083,
              36.658000956707376
            ],
            [
              10.921717224325143,
              36.658000956707376
            ],
            [
              10.921717224325143,
              36.658450114349435
            ],
            [
              10.920818909041023,
              36.658450114349435
            ]
          ]
        ]
      },
      "id": "+24315+81615",
      "properties": {
        "count": 3,
        "zone": 1
      }
    },
    {
      "type": "Feature",
      "geometry": {
        "geodesic": false,
        "type": "Polygon",
        "coordinates": [
          [
            [
              10.921268066683083,
              36.73705270170989
            ],
            [
              10.921717224325143,
              36.73705270170989
            ],
            [
              10.921717224325143,
              36.73750185935195
            ],
            [
              10.921268066683083,
              36.73750185935195
            ],
            [
              10.921268066683083,
              36.73705270170989
            ]
          ]
        ]
      },
      "id": "+24315+81791",
      "properties": {
        "count": 1,
        "zone": 1
      }
    },
    {
      "type": "Feature",
      "geometry": {
        "geodesic": false,
        "type": "Polygon",
        "coordinates": [
          [
            [
              10.921717224325143,
              36.6611450602018
            ],
            [
              10.922166381967203,
              36.6611450602018
            ],
            [
              10.922166381967203,
              36.661594217843856
            ],
            [
              10.921717224325143,
              36.661594217843856
            ],
            [
              10.921717224325143,
              36.6611450602018
            ]
          ]
        ]
      },
      "id": "+24316+81622",
      "properties": {
        "count": 1,
        "zone": 1
      }
    },
    {
      "type": "Feature",
      "geometry": {
        "geodesic": false,
        "type": "Polygon",
        "coordinates": [
          [
            [
              10.922166381967203,
              36.739747647562254
            ],
            [
              10.922615539609263,
              36.739747647562254
            ],
            [
              10.922615539609263,
              36.74064596284637
            ],
            [
              10.922166381967203,
              36.74064596284637
            ],
            [
              10.922166381967203,
              36.739747647562254
            ]
          ]
        ]
      },
      "id": "+24317+81798",
      "properties": {
        "count": 2,
        "zone": 1
      }
    },
    {
      "type": "Feature",
      "geometry": {
        "geodesic": false,
        "type": "Polygon",
        "coordinates": [
          [
            [
              10.923513854893383,
              36.66294169077003
            ],
            [
              10.923963012535442,
              36.66294169077003
            ],
            [
              10.923963012535442,
              36.66339084841209
            ],
            [
              10.923513854893383,
              36.66339084841209
            ],
            [
              10.923513854893383,
              36.66294169077003
            ]
          ]
        ]
      },
      "id": "+24320+81626",
      "properties": {
        "count": 1,
        "zone": 1
      }
    },
    {
      "type": "Feature",
      "geometry": {
        "geodesic": false,
        "type": "Polygon",
        "coordinates": [
          [
            [
              10.923513854893383,
              36.97016551793891
            ],
            [
              10.923963012535442,
              36.97016551793891
            ],
            [
              10.923963012535442,
              36.97061467558097
            ],
            [
              10.923513854893383,
              36.97061467558097
            ],
            [
              10.923513854893383,
              36.97016551793891
            ]
          ]
        ]
      },
      "id": "+24320+82310",
      "properties": {
        "count": 1,
        "zone": 1
      }
    },
    {
      "type": "Feature",
      "geometry": {
        "geodesic": false,
        "type": "Polygon",
        "coordinates": [
          [
            [
              10.923963012535442,
              36.97061467558097
            ],
            [
              10.9244121701775,
              36.97061467558097
            ],
            [
              10.9244121701775,
              36.97106383322303
            ],
            [
              10.923963012535442,
              36.97106383322303
            ],
            [
              10.923963012535442,
              36.97061467558097
            ]
          ]
        ]
      },
      "id": "+24321+82311",
      "properties": {
        "count": 1,
        "zone": 1
      }
    },
    {
      "type": "Feature",
      "geometry": {
        "geodesic": false,
        "type": "Polygon",
        "coordinates": [
          [
            [
              10.924861327819562,
              36.66563663662239
            ],
            [
              10.924861327819562,
              36.66428916369621
            ],
            [
              10.92531048546162,
              36.66428916369621
            ],
            [
              10.92531048546162,
              36.66473832133827
            ],
            [
              10.92575964310368,
              36.66473832133827
            ],
            [
              10.92575964310368,
              36.66563663662239
            ],
            [
              10.924861327819562,
              36.66563663662239
            ]
          ]
        ]
      },
      "id": "+24324+81631",
      "properties": {
        "count": 5,
        "zone": 1
      }
    },
    {
      "type": "Feature",
      "geometry": {
        "geodesic": false,
        "type": "Polygon",
        "coordinates": [
          [
            [
              10.92575964310368,
              36.66563663662239
            ],
            [
              10.92620880074574,
              36.66563663662239
            ],
            [
              10.92620880074574,
              36.666085794264454
            ],
            [
              10.92575964310368,
              36.666085794264454
            ],
            [
              10.92575964310368,
              36.66563663662239
            ]
          ]
        ]
      },
      "id": "+24325+81632",
      "properties": {
        "count": 1,
        "zone": 1
      }
    },
    {
      "type": "Feature",
      "geometry": {
        "geodesic": false,
        "type": "Polygon",
        "coordinates": [
          [
            [
              10.92710711602986,
              36.66922989775887
            ],
            [
              10.92755627367192,
              36.66922989775887
            ],
            [
              10.92755627367192,
              36.66967905540093
            ],
            [
              10.92710711602986,
              36.66967905540093
            ],
            [
              10.92710711602986,
              36.66922989775887
            ]
          ]
        ]
      },
      "id": "+24328+81640",
      "properties": {
        "count": 1,
        "zone": 1
      }
    },
    {
      "type": "Feature",
      "geometry": {
        "geodesic": false,
        "type": "Polygon",
        "coordinates": [
          [
            [
              10.92710711602986,
              36.96836888737067
            ],
            [
              10.92755627367192,
              36.96836888737067
            ],
            [
              10.92755627367192,
              36.96881804501273
            ],
            [
              10.92710711602986,
              36.96881804501273
            ],
            [
              10.92710711602986,
              36.96836888737067
            ]
          ]
        ]
      },
      "id": "+24328+82306",
      "properties": {
        "count": 1,
        "zone": 1
      }
    },
    {
      "type": "Feature",
      "geometry": {
        "geodesic": false,
        "type": "Polygon",
        "coordinates": [
          [
            [
              10.928005431313979,
              36.69797598685069
            ],
            [
              10.92845458895604,
              36.69797598685069
            ],
            [
              10.92845458895604,
              36.69842514449275
            ],
            [
              10.928005431313979,
              36.69842514449275
            ],
            [
              10.928005431313979,
              36.69797598685069
            ]
          ]
        ]
      },
      "id": "+24330+81704",
      "properties": {
        "count": 1,
        "zone": 1
      }
    },
    {
      "type": "Feature",
      "geometry": {
        "geodesic": false,
        "type": "Polygon",
        "coordinates": [
          [
            [
              10.928005431313979,
              36.70516250912365
            ],
            [
              10.92845458895604,
              36.70516250912365
            ],
            [
              10.92845458895604,
              36.70561166676571
            ],
            [
              10.928005431313979,
              36.70561166676571
            ],
            [
              10.928005431313979,
              36.70516250912365
            ]
          ]
        ]
      },
      "id": "+24330+81720",
      "properties": {
        "count": 1,
        "zone": 1
      }
    },
    {
      "type": "Feature",
      "geometry": {
        "geodesic": false,
        "type": "Polygon",
        "coordinates": [
          [
            [
              10.931149534808398,
              36.673721474179466
            ],
            [
              10.931598692450457,
              36.673721474179466
            ],
            [
              10.931598692450457,
              36.674170631821525
            ],
            [
              10.931149534808398,
              36.674170631821525
            ],
            [
              10.931149534808398,
              36.673721474179466
            ]
          ]
        ]
      },
      "id": "+24337+81650",
      "properties": {
        "count": 1,
        "zone": 1
      }
    },
    {
      "type": "Feature",
      "geometry": {
        "geodesic": false,
        "type": "Polygon",
        "coordinates": [
          [
            [
              10.932497007734577,
              36.963877310950075
            ],
            [
              10.932946165376636,
              36.963877310950075
            ],
            [
              10.932946165376636,
              36.964326468592134
            ],
            [
              10.932497007734577,
              36.964326468592134
            ],
            [
              10.932497007734577,
              36.963877310950075
            ]
          ]
        ]
      },
      "id": "+24340+82296",
      "properties": {
        "count": 1,
        "zone": 1
      }
    },
    {
      "type": "Feature",
      "geometry": {
        "geodesic": false,
        "type": "Polygon",
        "coordinates": [
          [
            [
              10.932497007734577,
              36.67596726238977
            ],
            [
              10.933395323018697,
              36.67596726238977
            ],
            [
              10.933395323018697,
              36.67641642003183
            ],
            [
              10.932497007734577,
              36.67641642003183
            ],
            [
              10.932497007734577,
              36.67596726238977
            ]
          ]
        ]
      },
      "id": "+24341+81655",
      "properties": {
        "count": 2,
        "zone": 1
      }
    },
    {
      "type": "Feature",
      "geometry": {
        "geodesic": false,
        "type": "Polygon",
        "coordinates": [
          [
            [
              10.933395323018697,
              36.99082676947366
            ],
            [
              10.933844480660756,
              36.99082676947366
            ],
            [
              10.933844480660756,
              36.991275927115716
            ],
            [
              10.933395323018697,
              36.991275927115716
            ],
            [
              10.933395323018697,
              36.99082676947366
            ]
          ]
        ]
      },
      "id": "+24342+82356",
      "properties": {
        "count": 1,
        "zone": 1
      }
    },
    {
      "type": "Feature",
      "geometry": {
        "geodesic": false,
        "type": "Polygon",
        "coordinates": [
          [
            [
              10.933844480660756,
              36.677314735315946
            ],
            [
              10.934293638302815,
              36.677314735315946
            ],
            [
              10.934293638302815,
              36.677763892958005
            ],
            [
              10.933844480660756,
              36.677763892958005
            ],
            [
              10.933844480660756,
              36.677314735315946
            ]
          ]
        ]
      },
      "id": "+24343+81658",
      "properties": {
        "count": 1,
        "zone": 1
      }
    },
    {
      "type": "Feature",
      "geometry": {
        "geodesic": false,
        "type": "Polygon",
        "coordinates": [
          [
            [
              10.934293638302815,
              36.85877442270809
            ],
            [
              10.935191953586935,
              36.85877442270809
            ],
            [
              10.935191953586935,
              36.85922358035015
            ],
            [
              10.934293638302815,
              36.85922358035015
            ],
            [
              10.934293638302815,
              36.85877442270809
            ]
          ]
        ]
      },
      "id": "+24345+82062",
      "properties": {
        "count": 2,
        "zone": 1
      }
    },
    {
      "type": "Feature",
      "geometry": {
        "geodesic": false,
        "type": "Polygon",
        "coordinates": [
          [
            [
              10.935191953586935,
              36.85832526506603
            ],
            [
              10.935641111228996,
              36.85832526506603
            ],
            [
              10.935641111228996,
              36.85877442270809
            ],
            [
              10.935191953586935,
              36.85877442270809
            ],
            [
              10.935191953586935,
              36.85832526506603
            ]
          ]
        ]
      },
      "id": "+24346+82061",
      "properties": {
        "count": 1,
        "zone": 1
      }
    },
    {
      "type": "Feature",
      "geometry": {
        "geodesic": false,
        "type": "Polygon",
        "coordinates": [
          [
            [
              10.936090268871055,
              36.85922358035015
            ],
            [
              10.936988584155175,
              36.85922358035015
            ],
            [
              10.936988584155175,
              36.859672737992206
            ],
            [
              10.936090268871055,
              36.859672737992206
            ],
            [
              10.936090268871055,
              36.85922358035015
            ]
          ]
        ]
      },
      "id": "+24349+82063",
      "properties": {
        "count": 2,
        "zone": 1
      }
    },
    {
      "type": "Feature",
      "geometry": {
        "geodesic": false,
        "type": "Polygon",
        "coordinates": [
          [
            [
              10.936988584155175,
              36.86146936856045
            ],
            [
              10.937437741797234,
              36.86146936856045
            ],
            [
              10.937437741797234,
              36.86191852620251
            ],
            [
              10.936988584155175,
              36.86191852620251
            ],
            [
              10.936988584155175,
              36.86146936856045
            ]
          ]
        ]
      },
      "id": "+24350+82068",
      "properties": {
        "count": 1,
        "zone": 1
      }
    },
    {
      "type": "Feature",
      "geometry": {
        "geodesic": false,
        "type": "Polygon",
        "coordinates": [
          [
            [
              10.938785214723413,
              36.98453856248482
            ],
            [
              10.939234372365474,
              36.98453856248482
            ],
            [
              10.939234372365474,
              36.98498772012688
            ],
            [
              10.938785214723413,
              36.98498772012688
            ],
            [
              10.938785214723413,
              36.98453856248482
            ]
          ]
        ]
      },
      "id": "+24354+82342",
      "properties": {
        "count": 1,
        "zone": 1
      }
    },
    {
      "type": "Feature",
      "geometry": {
        "geodesic": false,
        "type": "Polygon",
        "coordinates": [
          [
            [
              10.938785214723413,
              36.9903776118316
            ],
            [
              10.939234372365474,
              36.9903776118316
            ],
            [
              10.939234372365474,
              36.99082676947366
            ],
            [
              10.938785214723413,
              36.99082676947366
            ],
            [
              10.938785214723413,
              36.9903776118316
            ]
          ]
        ]
      },
      "id": "+24354+82355",
      "properties": {
        "count": 1,
        "zone": 1
      }
    },
    {
      "type": "Feature",
      "geometry": {
        "geodesic": false,
        "type": "Polygon",
        "coordinates": [
          [
            [
              10.941929318217833,
              37.00789475987193
            ],
            [
              10.942378475859892,
              37.00789475987193
            ],
            [
              10.942378475859892,
              37.00834391751399
            ],
            [
              10.941929318217833,
              37.00834391751399
            ],
            [
              10.941929318217833,
              37.00789475987193
            ]
          ]
        ]
      },
      "id": "+24361+82394",
      "properties": {
        "count": 1,
        "zone": 1
      }
    },
    {
      "type": "Feature",
      "geometry": {
        "geodesic": false,
        "type": "Polygon",
        "coordinates": [
          [
            [
              10.94282763350195,
              36.999360764672794
            ],
            [
              10.943276791144012,
              36.999360764672794
            ],
            [
              10.943276791144012,
              36.99980992231485
            ],
            [
              10.94282763350195,
              36.99980992231485
            ],
            [
              10.94282763350195,
              36.999360764672794
            ]
          ]
        ]
      },
      "id": "+24363+82375",
      "properties": {
        "count": 1,
        "zone": 1
      }
    },
    {
      "type": "Feature",
      "geometry": {
        "geodesic": false,
        "type": "Polygon",
        "coordinates": [
          [
            [
              10.94462426407019,
              36.9813944589904
            ],
            [
              10.94507342171225,
              36.9813944589904
            ],
            [
              10.94507342171225,
              36.98184361663246
            ],
            [
              10.94462426407019,
              36.98184361663246
            ],
            [
              10.94462426407019,
              36.9813944589904
            ]
          ]
        ]
      },
      "id": "+24367+82335",
      "properties": {
        "count": 1,
        "zone": 1
      }
    },
    {
      "type": "Feature",
      "geometry": {
        "geodesic": false,
        "type": "Polygon",
        "coordinates": [
          [
            [
              10.94552257935431,
              36.97780119785393
            ],
            [
              10.94597173699637,
              36.97780119785393
            ],
            [
              10.94597173699637,
              36.97825035549599
            ],
            [
              10.94552257935431,
              36.97825035549599
            ],
            [
              10.94552257935431,
              36.97780119785393
            ]
          ]
        ]
      },
      "id": "+24369+82327",
      "properties": {
        "count": 1,
        "zone": 1
      }
    },
    {
      "type": "Feature",
      "geometry": {
        "geodesic": false,
        "type": "Polygon",
        "coordinates": [
          [
            [
              10.946420894638429,
              36.995767503536314
            ],
            [
              10.94687005228049,
              36.995767503536314
            ],
            [
              10.94687005228049,
              36.99621666117837
            ],
            [
              10.946420894638429,
              36.99621666117837
            ],
            [
              10.946420894638429,
              36.995767503536314
            ]
          ]
        ]
      },
      "id": "+24371+82367",
      "properties": {
        "count": 1,
        "zone": 1
      }
    },
    {
      "type": "Feature",
      "geometry": {
        "geodesic": false,
        "type": "Polygon",
        "coordinates": [
          [
            [
              10.947319209922549,
              36.99666581882043
            ],
            [
              10.94776836756461,
              36.99666581882043
            ],
            [
              10.94776836756461,
              36.99711497646249
            ],
            [
              10.947319209922549,
              36.99711497646249
            ],
            [
              10.947319209922549,
              36.99666581882043
            ]
          ]
        ]
      },
      "id": "+24373+82369",
      "properties": {
        "count": 1,
        "zone": 1
      }
    },
    {
      "type": "Feature",
      "geometry": {
        "geodesic": false,
        "type": "Polygon",
        "coordinates": [
          [
            [
              10.947319209922549,
              36.998462449388676
            ],
            [
              10.947319209922549,
              36.99756413410456
            ],
            [
              10.948217525206669,
              36.99756413410456
            ],
            [
              10.948217525206669,
              36.99801329174662
            ],
            [
              10.94776836756461,
              36.99801329174662
            ],
            [
              10.94776836756461,
              36.998462449388676
            ],
            [
              10.947319209922549,
              36.998462449388676
            ]
          ]
        ]
      },
      "id": "+24373+82372",
      "properties": {
        "count": 3,
        "zone": 1
      }
    },
    {
      "type": "Feature",
      "geometry": {
        "geodesic": false,
        "type": "Polygon",
        "coordinates": [
          [
            [
              10.950014155774907,
              36.98498772012688
            ],
            [
              10.950463313416968,
              36.98498772012688
            ],
            [
              10.950463313416968,
              36.98543687776894
            ],
            [
              10.950014155774907,
              36.98543687776894
            ],
            [
              10.950014155774907,
              36.98498772012688
            ]
          ]
        ]
      },
      "id": "+24379+82343",
      "properties": {
        "count": 1,
        "zone": 1
      }
    },
    {
      "type": "Feature",
      "geometry": {
        "geodesic": false,
        "type": "Polygon",
        "coordinates": [
          [
            [
              10.950014155774907,
              36.94995342404622
            ],
            [
              10.950014155774907,
              36.94950426640416
            ],
            [
              10.950463313416968,
              36.94950426640416
            ],
            [
              10.950463313416968,
              36.9490551087621
            ],
            [
              10.950912471059027,
              36.9490551087621
            ],
            [
              10.950912471059027,
              36.94995342404622
            ],
            [
              10.950014155774907,
              36.94995342404622
            ]
          ]
        ]
      },
      "id": "+24380+82264",
      "properties": {
        "count": 3,
        "zone": 1
      }
    },
    {
      "type": "Feature",
      "geometry": {
        "geodesic": false,
        "type": "Polygon",
        "coordinates": [
          [
            [
              10.950912471059027,
              36.909978393902904
            ],
            [
              10.951361628701086,
              36.909978393902904
            ],
            [
              10.951361628701086,
              36.91042755154496
            ],
            [
              10.950912471059027,
              36.91042755154496
            ],
            [
              10.950912471059027,
              36.909978393902904
            ]
          ]
        ]
      },
      "id": "+24381+82176",
      "properties": {
        "count": 1,
        "zone": 1
      }
    },
    {
      "type": "Feature",
      "geometry": {
        "geodesic": false,
        "type": "Polygon",
        "coordinates": [
          [
            [
              10.950912471059027,
              36.995767503536314
            ],
            [
              10.951361628701086,
              36.995767503536314
            ],
            [
              10.951361628701086,
              36.99621666117837
            ],
            [
              10.950912471059027,
              36.99621666117837
            ],
            [
              10.950912471059027,
              36.995767503536314
            ]
          ]
        ]
      },
      "id": "+24381+82367",
      "properties": {
        "count": 1,
        "zone": 1
      }
    },
    {
      "type": "Feature",
      "geometry": {
        "geodesic": false,
        "type": "Polygon",
        "coordinates": [
          [
            [
              10.951361628701086,
              36.983191089558645
            ],
            [
              10.951810786343147,
              36.983191089558645
            ],
            [
              10.951810786343147,
              36.983640247200704
            ],
            [
              10.951361628701086,
              36.983640247200704
            ],
            [
              10.951361628701086,
              36.983191089558645
            ]
          ]
        ]
      },
      "id": "+24382+82339",
      "properties": {
        "count": 1,
        "zone": 1
      }
    },
    {
      "type": "Feature",
      "geometry": {
        "geodesic": false,
        "type": "Polygon",
        "coordinates": [
          [
            [
              10.952259943985206,
              36.71863723838544
            ],
            [
              10.952709101627267,
              36.71863723838544
            ],
            [
              10.952709101627267,
              36.7190863960275
            ],
            [
              10.952259943985206,
              36.7190863960275
            ],
            [
              10.952259943985206,
              36.71863723838544
            ]
          ]
        ]
      },
      "id": "+24384+81750",
      "properties": {
        "count": 1,
        "zone": 1
      }
    },
    {
      "type": "Feature",
      "geometry": {
        "geodesic": false,
        "type": "Polygon",
        "coordinates": [
          [
            [
              10.952259943985206,
              36.992174242399834
            ],
            [
              10.952709101627267,
              36.992174242399834
            ],
            [
              10.952709101627267,
              36.9926234000419
            ],
            [
              10.952259943985206,
              36.9926234000419
            ],
            [
              10.952259943985206,
              36.992174242399834
            ]
          ]
        ]
      },
      "id": "+24384+82359",
      "properties": {
        "count": 1,
        "zone": 1
      }
    },
    {
      "type": "Feature",
      "geometry": {
        "geodesic": false,
        "type": "Polygon",
        "coordinates": [
          [
            [
              10.953158259269326,
              36.70201840562923
            ],
            [
              10.953607416911385,
              36.70201840562923
            ],
            [
              10.953607416911385,
              36.70246756327129
            ],
            [
              10.953158259269326,
              36.70246756327129
            ],
            [
              10.953158259269326,
              36.70201840562923
            ]
          ]
        ]
      },
      "id": "+24386+81713",
      "properties": {
        "count": 1,
        "zone": 1
      }
    },
    {
      "type": "Feature",
      "geometry": {
        "geodesic": false,
        "type": "Polygon",
        "coordinates": [
          [
            [
              10.952709101627267,
              36.71818808074338
            ],
            [
              10.953607416911385,
              36.71818808074338
            ],
            [
              10.953607416911385,
              36.71863723838544
            ],
            [
              10.952709101627267,
              36.71863723838544
            ],
            [
              10.952709101627267,
              36.71818808074338
            ]
          ]
        ]
      },
      "id": "+24386+81749",
      "properties": {
        "count": 2,
        "zone": 1
      }
    },
    {
      "type": "Feature",
      "geometry": {
        "geodesic": false,
        "type": "Polygon",
        "coordinates": [
          [
            [
              10.952709101627267,
              36.955792473393
            ],
            [
              10.952709101627267,
              36.95489415810888
            ],
            [
              10.953158259269326,
              36.95489415810888
            ],
            [
              10.953158259269326,
              36.95534331575094
            ],
            [
              10.953607416911385,
              36.95534331575094
            ],
            [
              10.953607416911385,
              36.955792473393
            ],
            [
              10.952709101627267,
              36.955792473393
            ]
          ]
        ]
      },
      "id": "+24386+82277",
      "properties": {
        "count": 3,
        "zone": 1
      }
    },
    {
      "type": "Feature",
      "geometry": {
        "geodesic": false,
        "type": "Polygon",
        "coordinates": [
          [
            [
              10.953158259269326,
              36.9926234000419
            ],
            [
              10.953607416911385,
              36.9926234000419
            ],
            [
              10.953607416911385,
              36.99307255768396
            ],
            [
              10.953158259269326,
              36.99307255768396
            ],
            [
              10.953158259269326,
              36.9926234000419
            ]
          ]
        ]
      },
      "id": "+24386+82360",
      "properties": {
        "count": 1,
        "zone": 1
      }
    },
    {
      "type": "Feature",
      "geometry": {
        "geodesic": false,
        "type": "Polygon",
        "coordinates": [
          [
            [
              10.954056574553446,
              36.99980992231485
            ],
            [
              10.954505732195505,
              36.99980992231485
            ],
            [
              10.954505732195505,
              37.00025907995691
            ],
            [
              10.954056574553446,
              37.00025907995691
            ],
            [
              10.954056574553446,
              36.99980992231485
            ]
          ]
        ]
      },
      "id": "+24388+82376",
      "properties": {
        "count": 1,
        "zone": 1
      }
    },
    {
      "type": "Feature",
      "geometry": {
        "geodesic": false,
        "type": "Polygon",
        "coordinates": [
          [
            [
              10.955853205121684,
              36.98049614370628
            ],
            [
              10.956302362763745,
              36.98049614370628
            ],
            [
              10.956302362763745,
              36.98094530134834
            ],
            [
              10.955853205121684,
              36.98094530134834
            ],
            [
              10.955853205121684,
              36.98049614370628
            ]
          ]
        ]
      },
      "id": "+24392+82333",
      "properties": {
        "count": 1,
        "zone": 1
      }
    },
    {
      "type": "Feature",
      "geometry": {
        "geodesic": false,
        "type": "Polygon",
        "coordinates": [
          [
            [
              10.959446466258163,
              36.73884933227813
            ],
            [
              10.959895623900222,
              36.73884933227813
            ],
            [
              10.959895623900222,
              36.739298489920195
            ],
            [
              10.959446466258163,
              36.739298489920195
            ],
            [
              10.959446466258163,
              36.73884933227813
            ]
          ]
        ]
      },
      "id": "+24400+81795",
      "properties": {
        "count": 1,
        "zone": 1
      }
    },
    {
      "type": "Feature",
      "geometry": {
        "geodesic": false,
        "type": "Polygon",
        "coordinates": [
          [
            [
              10.960793939184342,
              37.002504868167215
            ],
            [
              10.961243096826403,
              37.002504868167215
            ],
            [
              10.961243096826403,
              37.002954025809274
            ],
            [
              10.960793939184342,
              37.002954025809274
            ],
            [
              10.960793939184342,
              37.002504868167215
            ]
          ]
        ]
      },
      "id": "+24403+82382",
      "properties": {
        "count": 1,
        "zone": 1
      }
    },
    {
      "type": "Feature",
      "geometry": {
        "geodesic": false,
        "type": "Polygon",
        "coordinates": [
          [
            [
              10.961692254468462,
              36.712349031396606
            ],
            [
              10.96214141211052,
              36.712349031396606
            ],
            [
              10.96214141211052,
              36.712798189038665
            ],
            [
              10.961692254468462,
              36.712798189038665
            ],
            [
              10.961692254468462,
              36.712349031396606
            ]
          ]
        ]
      },
      "id": "+24405+81736",
      "properties": {
        "count": 1,
        "zone": 1
      }
    },
    {
      "type": "Feature",
      "geometry": {
        "geodesic": false,
        "type": "Polygon",
        "coordinates": [
          [
            [
              10.96303972739464,
              36.95489415810888
            ],
            [
              10.96303972739464,
              36.95444500046682
            ],
            [
              10.962590569752582,
              36.95444500046682
            ],
            [
              10.962590569752582,
              36.95399584282476
            ],
            [
              10.9634888850367,
              36.95399584282476
            ],
            [
              10.9634888850367,
              36.95489415810888
            ],
            [
              10.96303972739464,
              36.95489415810888
            ]
          ]
        ]
      },
      "id": "+24408+82275",
      "properties": {
        "count": 3,
        "zone": 1
      }
    },
    {
      "type": "Feature",
      "geometry": {
        "geodesic": false,
        "type": "Polygon",
        "coordinates": [
          [
            [
              10.96303972739464,
              36.805773820945035
            ],
            [
              10.96393804267876,
              36.805773820945035
            ],
            [
              10.96393804267876,
              36.806222978587094
            ],
            [
              10.96303972739464,
              36.806222978587094
            ],
            [
              10.96303972739464,
              36.805773820945035
            ]
          ]
        ]
      },
      "id": "+24409+81944",
      "properties": {
        "count": 2,
        "zone": 1
      }
    },
    {
      "type": "Feature",
      "geometry": {
        "geodesic": false,
        "type": "Polygon",
        "coordinates": [
          [
            [
              10.96393804267876,
              37.036640848963756
            ],
            [
              10.96438720032082,
              37.036640848963756
            ],
            [
              10.96438720032082,
              37.037090006605816
            ],
            [
              10.96393804267876,
              37.037090006605816
            ],
            [
              10.96393804267876,
              37.036640848963756
            ]
          ]
        ]
      },
      "id": "+24410+82458",
      "properties": {
        "count": 1,
        "zone": 1
      }
    },
    {
      "type": "Feature",
      "geometry": {
        "geodesic": false,
        "type": "Polygon",
        "coordinates": [
          [
            [
              10.96438720032082,
              37.03619169132169
            ],
            [
              10.96483635796288,
              37.03619169132169
            ],
            [
              10.96483635796288,
              37.036640848963756
            ],
            [
              10.96438720032082,
              37.036640848963756
            ],
            [
              10.96438720032082,
              37.03619169132169
            ]
          ]
        ]
      },
      "id": "+24411+82457",
      "properties": {
        "count": 1,
        "zone": 1
      }
    },
    {
      "type": "Feature",
      "geometry": {
        "geodesic": false,
        "type": "Polygon",
        "coordinates": [
          [
            [
              10.96528551560494,
              36.74513753926697
            ],
            [
              10.965734673246999,
              36.74513753926697
            ],
            [
              10.965734673246999,
              36.74558669690903
            ],
            [
              10.96528551560494,
              36.74558669690903
            ],
            [
              10.96528551560494,
              36.74513753926697
            ]
          ]
        ]
      },
      "id": "+24413+81809",
      "properties": {
        "count": 1,
        "zone": 1
      }
    },
    {
      "type": "Feature",
      "geometry": {
        "geodesic": false,
        "type": "Polygon",
        "coordinates": [
          [
            [
              10.965734673246999,
              37.018674543281364
            ],
            [
              10.96618383088906,
              37.018674543281364
            ],
            [
              10.96618383088906,
              37.01912370092342
            ],
            [
              10.965734673246999,
              37.01912370092342
            ],
            [
              10.965734673246999,
              37.018674543281364
            ]
          ]
        ]
      },
      "id": "+24414+82418",
      "properties": {
        "count": 1,
        "zone": 1
      }
    },
    {
      "type": "Feature",
      "geometry": {
        "geodesic": false,
        "type": "Polygon",
        "coordinates": [
          [
            [
              10.970226249667597,
              36.7949940375356
            ],
            [
              10.970675407309656,
              36.7949940375356
            ],
            [
              10.970675407309656,
              36.79544319517766
            ],
            [
              10.970226249667597,
              36.79544319517766
            ],
            [
              10.970226249667597,
              36.7949940375356
            ]
          ]
        ]
      },
      "id": "+24424+81920",
      "properties": {
        "count": 1,
        "zone": 1
      }
    },
    {
      "type": "Feature",
      "geometry": {
        "geodesic": false,
        "type": "Polygon",
        "coordinates": [
          [
            [
              10.971124564951717,
              36.76220552966524
            ],
            [
              10.971573722593776,
              36.76220552966524
            ],
            [
              10.971573722593776,
              36.7626546873073
            ],
            [
              10.971124564951717,
              36.7626546873073
            ],
            [
              10.971124564951717,
              36.76220552966524
            ]
          ]
        ]
      },
      "id": "+24426+81847",
      "properties": {
        "count": 1,
        "zone": 1
      }
    },
    {
      "type": "Feature",
      "geometry": {
        "geodesic": false,
        "type": "Polygon",
        "coordinates": [
          [
            [
              10.971573722593776,
              36.7626546873073
            ],
            [
              10.972022880235835,
              36.7626546873073
            ],
            [
              10.972022880235835,
              36.763103844949356
            ],
            [
              10.971573722593776,
              36.763103844949356
            ],
            [
              10.971573722593776,
              36.7626546873073
            ]
          ]
        ]
      },
      "id": "+24427+81848",
      "properties": {
        "count": 1,
        "zone": 1
      }
    },
    {
      "type": "Feature",
      "geometry": {
        "geodesic": false,
        "type": "Polygon",
        "coordinates": [
          [
            [
              10.972022880235835,
              36.758612268528765
            ],
            [
              10.972472037877896,
              36.758612268528765
            ],
            [
              10.972472037877896,
              36.759061426170824
            ],
            [
              10.972022880235835,
              36.759061426170824
            ],
            [
              10.972022880235835,
              36.758612268528765
            ]
          ]
        ]
      },
      "id": "+24428+81839",
      "properties": {
        "count": 1,
        "zone": 1
      }
    },
    {
      "type": "Feature",
      "geometry": {
        "geodesic": false,
        "type": "Polygon",
        "coordinates": [
          [
            [
              10.972022880235835,
              36.98498772012688
            ],
            [
              10.972472037877896,
              36.98498772012688
            ],
            [
              10.972472037877896,
              36.98543687776894
            ],
            [
              10.972022880235835,
              36.98543687776894
            ],
            [
              10.972022880235835,
              36.98498772012688
            ]
          ]
        ]
      },
      "id": "+24428+82343",
      "properties": {
        "count": 1,
        "zone": 1
      }
    },
    {
      "type": "Feature",
      "geometry": {
        "geodesic": false,
        "type": "Polygon",
        "coordinates": [
          [
            [
              10.972472037877896,
              37.00160655288309
            ],
            [
              10.972921195519955,
              37.00160655288309
            ],
            [
              10.972921195519955,
              37.00205571052515
            ],
            [
              10.972472037877896,
              37.00205571052515
            ],
            [
              10.972472037877896,
              37.00160655288309
            ]
          ]
        ]
      },
      "id": "+24429+82380",
      "properties": {
        "count": 1,
        "zone": 1
      }
    },
    {
      "type": "Feature",
      "geometry": {
        "geodesic": false,
        "type": "Polygon",
        "coordinates": [
          [
            [
              10.979209402508792,
              37.02765769612256
            ],
            [
              10.979658560150853,
              37.02765769612256
            ],
            [
              10.979658560150853,
              37.02810685376462
            ],
            [
              10.979209402508792,
              37.02810685376462
            ],
            [
              10.979209402508792,
              37.02765769612256
            ]
          ]
        ]
      },
      "id": "+24444+82438",
      "properties": {
        "count": 1,
        "zone": 1
      }
    },
    {
      "type": "Feature",
      "geometry": {
        "geodesic": false,
        "type": "Polygon",
        "coordinates": [
          [
            [
              10.98325182128733,
              36.94636016290974
            ],
            [
              10.98370097892939,
              36.94636016290974
            ],
            [
              10.98370097892939,
              36.9468093205518
            ],
            [
              10.98325182128733,
              36.9468093205518
            ],
            [
              10.98325182128733,
              36.94636016290974
            ]
          ]
        ]
      },
      "id": "+24453+82257",
      "properties": {
        "count": 1,
        "zone": 1
      }
    },
    {
      "type": "Feature",
      "geometry": {
        "geodesic": false,
        "type": "Polygon",
        "coordinates": [
          [
            [
              10.985946767139689,
              36.74558669690903
            ],
            [
              10.986395924781748,
              36.74558669690903
            ],
            [
              10.986395924781748,
              36.74603585455109
            ],
            [
              10.985946767139689,
              36.74603585455109
            ],
            [
              10.985946767139689,
              36.74558669690903
            ]
          ]
        ]
      },
      "id": "+24459+81810",
      "properties": {
        "count": 1,
        "zone": 1
      }
    },
    {
      "type": "Feature",
      "geometry": {
        "geodesic": false,
        "type": "Polygon",
        "coordinates": [
          [
            [
              10.987743397707927,
              36.74873080040345
            ],
            [
              10.988192555349988,
              36.74873080040345
            ],
            [
              10.988192555349988,
              36.74917995804551
            ],
            [
              10.987743397707927,
              36.74917995804551
            ],
            [
              10.987743397707927,
              36.74873080040345
            ]
          ]
        ]
      },
      "id": "+24463+81817",
      "properties": {
        "count": 1,
        "zone": 1
      }
    },
    {
      "type": "Feature",
      "geometry": {
        "geodesic": false,
        "type": "Polygon",
        "coordinates": [
          [
            [
              10.988192555349988,
              37.01373380921871
            ],
            [
              10.989090870634106,
              37.01373380921871
            ],
            [
              10.989090870634106,
              37.014182966860766
            ],
            [
              10.988192555349988,
              37.014182966860766
            ],
            [
              10.988192555349988,
              37.01373380921871
            ]
          ]
        ]
      },
      "id": "+24465+82407",
      "properties": {
        "count": 2,
        "zone": 1
      }
    },
    {
      "type": "Feature",
      "geometry": {
        "geodesic": false,
        "type": "Polygon",
        "coordinates": [
          [
            [
              10.988192555349988,
              36.75007827332963
            ],
            [
              10.988192555349988,
              36.74962911568757
            ],
            [
              10.988641712992047,
              36.74962911568757
            ],
            [
              10.988641712992047,
              36.74917995804551
            ],
            [
              10.989090870634106,
              36.74917995804551
            ],
            [
              10.989090870634106,
              36.74962911568757
            ],
            [
              10.989540028276167,
              36.74962911568757
            ],
            [
              10.989540028276167,
              36.75007827332963
            ],
            [
              10.988192555349988,
              36.75007827332963
            ]
          ]
        ]
      },
      "id": "+24466+81819",
      "properties": {
        "count": 4,
        "zone": 1
      }
    },
    {
      "type": "Feature",
      "geometry": {
        "geodesic": false,
        "type": "Polygon",
        "coordinates": [
          [
            [
              10.989090870634106,
              36.75052743097169
            ],
            [
              10.989540028276167,
              36.75052743097169
            ],
            [
              10.989540028276167,
              36.750976588613746
            ],
            [
              10.989090870634106,
              36.750976588613746
            ],
            [
              10.989090870634106,
              36.75052743097169
            ]
          ]
        ]
      },
      "id": "+24466+81821",
      "properties": {
        "count": 1,
        "zone": 1
      }
    },
    {
      "type": "Feature",
      "geometry": {
        "geodesic": false,
        "type": "Polygon",
        "coordinates": [
          [
            [
              10.989090870634106,
              37.00385234109339
            ],
            [
              10.989540028276167,
              37.00385234109339
            ],
            [
              10.989540028276167,
              37.00475065637751
            ],
            [
              10.989090870634106,
              37.00475065637751
            ],
            [
              10.989090870634106,
              37.00385234109339
            ]
          ]
        ]
      },
      "id": "+24466+82386",
      "properties": {
        "count": 2,
        "zone": 1
      }
    },
    {
      "type": "Feature",
      "geometry": {
        "geodesic": false,
        "type": "Polygon",
        "coordinates": [
          [
            [
              10.989989185918226,
              36.78556172705235
            ],
            [
              10.990438343560287,
              36.78556172705235
            ],
            [
              10.990438343560287,
              36.786010884694406
            ],
            [
              10.989989185918226,
              36.786010884694406
            ],
            [
              10.989989185918226,
              36.78556172705235
            ]
          ]
        ]
      },
      "id": "+24468+81899",
      "properties": {
        "count": 1,
        "zone": 1
      }
    },
    {
      "type": "Feature",
      "geometry": {
        "geodesic": false,
        "type": "Polygon",
        "coordinates": [
          [
            [
              10.990438343560287,
              37.00385234109339
            ],
            [
              10.990887501202346,
              37.00385234109339
            ],
            [
              10.990887501202346,
              37.00430149873545
            ],
            [
              10.990438343560287,
              37.00430149873545
            ],
            [
              10.990438343560287,
              37.00385234109339
            ]
          ]
        ]
      },
      "id": "+24469+82385",
      "properties": {
        "count": 1,
        "zone": 1
      }
    },
    {
      "type": "Feature",
      "geometry": {
        "geodesic": false,
        "type": "Polygon",
        "coordinates": [
          [
            [
              10.990887501202346,
              36.75277321918198
            ],
            [
              10.990887501202346,
              36.75232406153992
            ],
            [
              10.990438343560287,
              36.75232406153992
            ],
            [
              10.990438343560287,
              36.751874903897864
            ],
            [
              10.989989185918226,
              36.751874903897864
            ],
            [
              10.989989185918226,
              36.75052743097169
            ],
            [
              10.990438343560287,
              36.75052743097169
            ],
            [
              10.990438343560287,
              36.750976588613746
            ],
            [
              10.990887501202346,
              36.750976588613746
            ],
            [
              10.990887501202346,
              36.751425746255805
            ],
            [
              10.991336658844405,
              36.751425746255805
            ],
            [
              10.991336658844405,
              36.751874903897864
            ],
            [
              10.991785816486466,
              36.751874903897864
            ],
            [
              10.991785816486466,
              36.75277321918198
            ],
            [
              10.990887501202346,
              36.75277321918198
            ]
          ]
        ]
      },
      "id": "+24471+81825",
      "properties": {
        "count": 11,
        "zone": 1
      }
    },
    {
      "type": "Feature",
      "geometry": {
        "geodesic": false,
        "type": "Polygon",
        "coordinates": [
          [
            [
              10.991336658844405,
              37.00430149873545
            ],
            [
              10.991336658844405,
              37.00385234109339
            ],
            [
              10.990887501202346,
              37.00385234109339
            ],
            [
              10.990887501202346,
              37.00340318345133
            ],
            [
              10.991785816486466,
              37.00340318345133
            ],
            [
              10.991785816486466,
              37.00430149873545
            ],
            [
              10.991336658844405,
              37.00430149873545
            ]
          ]
        ]
      },
      "id": "+24471+82385",
      "properties": {
        "count": 3,
        "zone": 1
      }
    },
    {
      "type": "Feature",
      "geometry": {
        "geodesic": false,
        "type": "Polygon",
        "coordinates": [
          [
            [
              10.992684131770584,
              36.95219921225652
            ],
            [
              10.993133289412645,
              36.95219921225652
            ],
            [
              10.993133289412645,
              36.952648369898576
            ],
            [
              10.992684131770584,
              36.952648369898576
            ],
            [
              10.992684131770584,
              36.95219921225652
            ]
          ]
        ]
      },
      "id": "+24474+82270",
      "properties": {
        "count": 1,
        "zone": 1
      }
    },
    {
      "type": "Feature",
      "geometry": {
        "geodesic": false,
        "type": "Polygon",
        "coordinates": [
          [
            [
              10.993133289412645,
              37.04876810529937
            ],
            [
              10.993582447054704,
              37.04876810529937
            ],
            [
              10.993582447054704,
              37.049217262941426
            ],
            [
              10.993133289412645,
              37.049217262941426
            ],
            [
              10.993133289412645,
              37.04876810529937
            ]
          ]
        ]
      },
      "id": "+24475+82485",
      "properties": {
        "count": 1,
        "zone": 1
      }
    },
    {
      "type": "Feature",
      "geometry": {
        "geodesic": false,
        "type": "Polygon",
        "coordinates": [
          [
            [
              10.994929919980883,
              36.75681563796052
            ],
            [
              10.995379077622944,
              36.75681563796052
            ],
            [
              10.995379077622944,
              36.75726479560258
            ],
            [
              10.994929919980883,
              36.75726479560258
            ],
            [
              10.994929919980883,
              36.75681563796052
            ]
          ]
        ]
      },
      "id": "+24479+81835",
      "properties": {
        "count": 1,
        "zone": 1
      }
    },
    {
      "type": "Feature",
      "geometry": {
        "geodesic": false,
        "type": "Polygon",
        "coordinates": [
          [
            [
              10.995379077622944,
              36.754569849750226
            ],
            [
              10.995828235265003,
              36.754569849750226
            ],
            [
              10.995828235265003,
              36.755019007392285
            ],
            [
              10.995379077622944,
              36.755019007392285
            ],
            [
              10.995379077622944,
              36.754569849750226
            ]
          ]
        ]
      },
      "id": "+24480+81830",
      "properties": {
        "count": 1,
        "zone": 1
      }
    },
    {
      "type": "Feature",
      "geometry": {
        "geodesic": false,
        "type": "Polygon",
        "coordinates": [
          [
            [
              10.995828235265003,
              36.75367153446611
            ],
            [
              10.996277392907063,
              36.75367153446611
            ],
            [
              10.996277392907063,
              36.754569849750226
            ],
            [
              10.995828235265003,
              36.754569849750226
            ],
            [
              10.995828235265003,
              36.75367153446611
            ]
          ]
        ]
      },
      "id": "+24481+81829",
      "properties": {
        "count": 2,
        "zone": 1
      }
    },
    {
      "type": "Feature",
      "geometry": {
        "geodesic": false,
        "type": "Polygon",
        "coordinates": [
          [
            [
              10.996277392907063,
              37.04203074066847
            ],
            [
              10.996726550549123,
              37.04203074066847
            ],
            [
              10.996726550549123,
              37.04247989831053
            ],
            [
              10.996277392907063,
              37.04247989831053
            ],
            [
              10.996277392907063,
              37.04203074066847
            ]
          ]
        ]
      },
      "id": "+24482+82470",
      "properties": {
        "count": 1,
        "zone": 1
      }
    },
    {
      "type": "Feature",
      "geometry": {
        "geodesic": false,
        "type": "Polygon",
        "coordinates": [
          [
            [
              10.997624865833242,
              36.7581631108867
            ],
            [
              10.998074023475302,
              36.7581631108867
            ],
            [
              10.998074023475302,
              36.758612268528765
            ],
            [
              10.997624865833242,
              36.758612268528765
            ],
            [
              10.997624865833242,
              36.7581631108867
            ]
          ]
        ]
      },
      "id": "+24485+81838",
      "properties": {
        "count": 1,
        "zone": 1
      }
    },
    {
      "type": "Feature",
      "geometry": {
        "geodesic": false,
        "type": "Polygon",
        "coordinates": [
          [
            [
              10.997624865833242,
              36.76085805673906
            ],
            [
              10.998074023475302,
              36.76085805673906
            ],
            [
              10.998074023475302,
              36.76175637202318
            ],
            [
              10.997624865833242,
              36.76175637202318
            ],
            [
              10.997624865833242,
              36.76085805673906
            ]
          ]
        ]
      },
      "id": "+24485+81845",
      "properties": {
        "count": 2,
        "zone": 1
      }
    },
    {
      "type": "Feature",
      "geometry": {
        "geodesic": false,
        "type": "Polygon",
        "coordinates": [
          [
            [
              10.998523181117362,
              36.76175637202318
            ],
            [
              10.998972338759422,
              36.76175637202318
            ],
            [
              10.998972338759422,
              36.76220552966524
            ],
            [
              10.998523181117362,
              36.76220552966524
            ],
            [
              10.998523181117362,
              36.76175637202318
            ]
          ]
        ]
      },
      "id": "+24487+81846",
      "properties": {
        "count": 1,
        "zone": 1
      }
    },
    {
      "type": "Feature",
      "geometry": {
        "geodesic": false,
        "type": "Polygon",
        "coordinates": [
          [
            [
              10.998972338759422,
              36.99307255768396
            ],
            [
              10.999421496401482,
              36.99307255768396
            ],
            [
              10.999421496401482,
              36.99352171532602
            ],
            [
              10.998972338759422,
              36.99352171532602
            ],
            [
              10.998972338759422,
              36.99307255768396
            ]
          ]
        ]
      },
      "id": "+24488+82361",
      "properties": {
        "count": 1,
        "zone": 1
      }
    },
    {
      "type": "Feature",
      "geometry": {
        "geodesic": false,
        "type": "Polygon",
        "coordinates": [
          [
            [
              10.999421496401482,
              36.76220552966524
            ],
            [
              10.99987065404354,
              36.76220552966524
            ],
            [
              10.99987065404354,
              36.7626546873073
            ],
            [
              10.999421496401482,
              36.7626546873073
            ],
            [
              10.999421496401482,
              36.76220552966524
            ]
          ]
        ]
      },
      "id": "+24489+81847",
      "properties": {
        "count": 1,
        "zone": 1
      }
    },
    {
      "type": "Feature",
      "geometry": {
        "geodesic": false,
        "type": "Polygon",
        "coordinates": [
          [
            [
              11.008404649242676,
              37.060895361634984
            ],
            [
              11.008853806884737,
              37.060895361634984
            ],
            [
              11.008853806884737,
              37.06134451927704
            ],
            [
              11.008404649242676,
              37.06134451927704
            ],
            [
              11.008404649242676,
              37.060895361634984
            ]
          ]
        ]
      },
      "id": "+24509+82512",
      "properties": {
        "count": 1,
        "zone": 1
      }
    },
    {
      "type": "Feature",
      "geometry": {
        "geodesic": false,
        "type": "Polygon",
        "coordinates": [
          [
            [
              11.011548752737095,
              37.0640394651294
            ],
            [
              11.011548752737095,
              37.06314114984528
            ],
            [
              11.012447068021215,
              37.06314114984528
            ],
            [
              11.012447068021215,
              37.06359030748734
            ],
            [
              11.012896225663274,
              37.06359030748734
            ],
            [
              11.012896225663274,
              37.0640394651294
            ],
            [
              11.011548752737095,
              37.0640394651294
            ]
          ]
        ]
      },
      "id": "+24518+82518",
      "properties": {
        "count": 5,
        "zone": 1
      }
    },
    {
      "type": "Feature",
      "geometry": {
        "geodesic": false,
        "type": "Polygon",
        "coordinates": [
          [
            [
              11.013794540947394,
              36.979148670780106
            ],
            [
              11.014243698589453,
              36.979148670780106
            ],
            [
              11.014243698589453,
              36.979597828422165
            ],
            [
              11.013794540947394,
              36.979597828422165
            ],
            [
              11.013794540947394,
              36.979148670780106
            ]
          ]
        ]
      },
      "id": "+24521+82330",
      "properties": {
        "count": 1,
        "zone": 1
      }
    },
    {
      "type": "Feature",
      "geometry": {
        "geodesic": false,
        "type": "Polygon",
        "coordinates": [
          [
            [
              11.019633590294172,
              36.96926720265479
            ],
            [
              11.02008274793623,
              36.96926720265479
            ],
            [
              11.02008274793623,
              36.96971636029685
            ],
            [
              11.019633590294172,
              36.96971636029685
            ],
            [
              11.019633590294172,
              36.96926720265479
            ]
          ]
        ]
      },
      "id": "+24534+82308",
      "properties": {
        "count": 1,
        "zone": 1
      }
    },
    {
      "type": "Feature",
      "geometry": {
        "geodesic": false,
        "type": "Polygon",
        "coordinates": [
          [
            [
              11.02008274793623,
              36.786909199978524
            ],
            [
              11.02053190557829,
              36.786909199978524
            ],
            [
              11.02053190557829,
              36.78735835762058
            ],
            [
              11.02008274793623,
              36.78735835762058
            ],
            [
              11.02008274793623,
              36.786909199978524
            ]
          ]
        ]
      },
      "id": "+24535+81902",
      "properties": {
        "count": 1,
        "zone": 1
      }
    },
    {
      "type": "Feature",
      "geometry": {
        "geodesic": false,
        "type": "Polygon",
        "coordinates": [
          [
            [
              11.02008274793623,
              36.96971636029685
            ],
            [
              11.02053190557829,
              36.96971636029685
            ],
            [
              11.02053190557829,
              36.97016551793891
            ],
            [
              11.02008274793623,
              36.97016551793891
            ],
            [
              11.02008274793623,
              36.96971636029685
            ]
          ]
        ]
      },
      "id": "+24535+82309",
      "properties": {
        "count": 1,
        "zone": 1
      }
    },
    {
      "type": "Feature",
      "geometry": {
        "geodesic": false,
        "type": "Polygon",
        "coordinates": [
          [
            [
              11.02098106322035,
              37.05775125814056
            ],
            [
              11.02143022086241,
              37.05775125814056
            ],
            [
              11.02143022086241,
              37.05820041578262
            ],
            [
              11.02098106322035,
              37.05820041578262
            ],
            [
              11.02098106322035,
              37.05775125814056
            ]
          ]
        ]
      },
      "id": "+24537+82505",
      "properties": {
        "count": 1,
        "zone": 1
      }
    },
    {
      "type": "Feature",
      "geometry": {
        "geodesic": false,
        "type": "Polygon",
        "coordinates": [
          [
            [
              11.02143022086241,
              37.05999704635086
            ],
            [
              11.021879378504469,
              37.05999704635086
            ],
            [
              11.021879378504469,
              37.06044620399292
            ],
            [
              11.02143022086241,
              37.06044620399292
            ],
            [
              11.02143022086241,
              37.05999704635086
            ]
          ]
        ]
      },
      "id": "+24538+82510",
      "properties": {
        "count": 1,
        "zone": 1
      }
    },
    {
      "type": "Feature",
      "geometry": {
        "geodesic": false,
        "type": "Polygon",
        "coordinates": [
          [
            [
              11.021879378504469,
              37.060895361634984
            ],
            [
              11.02232853614653,
              37.060895361634984
            ],
            [
              11.02232853614653,
              37.06134451927704
            ],
            [
              11.021879378504469,
              37.06134451927704
            ],
            [
              11.021879378504469,
              37.060895361634984
            ]
          ]
        ]
      },
      "id": "+24539+82512",
      "properties": {
        "count": 1,
        "zone": 1
      }
    },
    {
      "type": "Feature",
      "geometry": {
        "geodesic": false,
        "type": "Polygon",
        "coordinates": [
          [
            [
              11.021879378504469,
              37.068531041549996
            ],
            [
              11.02232853614653,
              37.068531041549996
            ],
            [
              11.02232853614653,
              37.068980199192055
            ],
            [
              11.021879378504469,
              37.068980199192055
            ],
            [
              11.021879378504469,
              37.068531041549996
            ]
          ]
        ]
      },
      "id": "+24539+82529",
      "properties": {
        "count": 1,
        "zone": 1
      }
    },
    {
      "type": "Feature",
      "geometry": {
        "geodesic": false,
        "type": "Polygon",
        "coordinates": [
          [
            [
              11.02232853614653,
              37.064937780413516
            ],
            [
              11.022777693788589,
              37.064937780413516
            ],
            [
              11.022777693788589,
              37.065386938055575
            ],
            [
              11.02232853614653,
              37.065386938055575
            ],
            [
              11.02232853614653,
              37.064937780413516
            ]
          ]
        ]
      },
      "id": "+24540+82521",
      "properties": {
        "count": 1,
        "zone": 1
      }
    },
    {
      "type": "Feature",
      "geometry": {
        "geodesic": false,
        "type": "Polygon",
        "coordinates": [
          [
            [
              11.022777693788589,
              37.065386938055575
            ],
            [
              11.023226851430648,
              37.065386938055575
            ],
            [
              11.023226851430648,
              37.06583609569764
            ],
            [
              11.022777693788589,
              37.06583609569764
            ],
            [
              11.022777693788589,
              37.065386938055575
            ]
          ]
        ]
      },
      "id": "+24541+82522",
      "properties": {
        "count": 1,
        "zone": 1
      }
    },
    {
      "type": "Feature",
      "geometry": {
        "geodesic": false,
        "type": "Polygon",
        "coordinates": [
          [
            [
              11.022777693788589,
              37.06673441098176
            ],
            [
              11.023226851430648,
              37.06673441098176
            ],
            [
              11.023226851430648,
              37.06718356862382
            ],
            [
              11.022777693788589,
              37.06718356862382
            ],
            [
              11.022777693788589,
              37.06673441098176
            ]
          ]
        ]
      },
      "id": "+24541+82525",
      "properties": {
        "count": 1,
        "zone": 1
      }
    },
    {
      "type": "Feature",
      "geometry": {
        "geodesic": false,
        "type": "Polygon",
        "coordinates": [
          [
            [
              11.023226851430648,
              37.06448862277146
            ],
            [
              11.023676009072709,
              37.06448862277146
            ],
            [
              11.023676009072709,
              37.064937780413516
            ],
            [
              11.023226851430648,
              37.064937780413516
            ],
            [
              11.023226851430648,
              37.06448862277146
            ]
          ]
        ]
      },
      "id": "+24542+82520",
      "properties": {
        "count": 1,
        "zone": 1
      }
    },
    {
      "type": "Feature",
      "geometry": {
        "geodesic": false,
        "type": "Polygon",
        "coordinates": [
          [
            [
              11.024125166714768,
              37.068980199192055
            ],
            [
              11.024574324356829,
              37.068980199192055
            ],
            [
              11.024574324356829,
              37.069429356834114
            ],
            [
              11.024125166714768,
              37.069429356834114
            ],
            [
              11.024125166714768,
              37.068980199192055
            ]
          ]
        ]
      },
      "id": "+24544+82530",
      "properties": {
        "count": 1,
        "zone": 1
      }
    },
    {
      "type": "Feature",
      "geometry": {
        "geodesic": false,
        "type": "Polygon",
        "coordinates": [
          [
            [
              11.024574324356829,
              36.97420793671745
            ],
            [
              11.025023481998888,
              36.97420793671745
            ],
            [
              11.025023481998888,
              36.97465709435951
            ],
            [
              11.024574324356829,
              36.97465709435951
            ],
            [
              11.024574324356829,
              36.97420793671745
            ]
          ]
        ]
      },
      "id": "+24545+82319",
      "properties": {
        "count": 1,
        "zone": 1
      }
    },
    {
      "type": "Feature",
      "geometry": {
        "geodesic": false,
        "type": "Polygon",
        "coordinates": [
          [
            [
              11.024574324356829,
              37.07032767211823
            ],
            [
              11.025023481998888,
              37.07032767211823
            ],
            [
              11.025023481998888,
              37.0707768297603
            ],
            [
              11.024574324356829,
              37.0707768297603
            ],
            [
              11.024574324356829,
              37.07032767211823
            ]
          ]
        ]
      },
      "id": "+24545+82533",
      "properties": {
        "count": 1,
        "zone": 1
      }
    },
    {
      "type": "Feature",
      "geometry": {
        "geodesic": false,
        "type": "Polygon",
        "coordinates": [
          [
            [
              11.025023481998888,
              37.014632124502825
            ],
            [
              11.025023481998888,
              37.01373380921871
            ],
            [
              11.024574324356829,
              37.01373380921871
            ],
            [
              11.024574324356829,
              37.01328465157665
            ],
            [
              11.025023481998888,
              37.01328465157665
            ],
            [
              11.025023481998888,
              37.01283549393459
            ],
            [
              11.025472639640947,
              37.01283549393459
            ],
            [
              11.025472639640947,
              37.014632124502825
            ],
            [
              11.025023481998888,
              37.014632124502825
            ]
          ]
        ]
      },
      "id": "+24546+82408",
      "properties": {
        "count": 5,
        "zone": 1
      }
    },
    {
      "type": "Feature",
      "geometry": {
        "geodesic": false,
        "type": "Polygon",
        "coordinates": [
          [
            [
              11.026820112567126,
              37.07122598740236
            ],
            [
              11.027269270209187,
              37.07122598740236
            ],
            [
              11.027269270209187,
              37.071675145044416
            ],
            [
              11.026820112567126,
              37.071675145044416
            ],
            [
              11.026820112567126,
              37.07122598740236
            ]
          ]
        ]
      },
      "id": "+24550+82535",
      "properties": {
        "count": 1,
        "zone": 1
      }
    },
    {
      "type": "Feature",
      "geometry": {
        "geodesic": false,
        "type": "Polygon",
        "coordinates": [
          [
            [
              11.027718427851246,
              37.06808188390794
            ],
            [
              11.028167585493307,
              37.06808188390794
            ],
            [
              11.028167585493307,
              37.068531041549996
            ],
            [
              11.027718427851246,
              37.068531041549996
            ],
            [
              11.027718427851246,
              37.06808188390794
            ]
          ]
        ]
      },
      "id": "+24552+82528",
      "properties": {
        "count": 1,
        "zone": 1
      }
    },
    {
      "type": "Feature",
      "geometry": {
        "geodesic": false,
        "type": "Polygon",
        "coordinates": [
          [
            [
              11.028616743135366,
              36.85563031921367
            ],
            [
              11.029515058419486,
              36.85563031921367
            ],
            [
              11.029515058419486,
              36.85607947685573
            ],
            [
              11.028616743135366,
              36.85607947685573
            ],
            [
              11.028616743135366,
              36.85563031921367
            ]
          ]
        ]
      },
      "id": "+24555+82055",
      "properties": {
        "count": 2,
        "zone": 1
      }
    },
    {
      "type": "Feature",
      "geometry": {
        "geodesic": false,
        "type": "Polygon",
        "coordinates": [
          [
            [
              11.029515058419486,
              36.85518116157161
            ],
            [
              11.030862531345665,
              36.85518116157161
            ],
            [
              11.030862531345665,
              36.85563031921367
            ],
            [
              11.029515058419486,
              36.85563031921367
            ],
            [
              11.029515058419486,
              36.85518116157161
            ]
          ]
        ]
      },
      "id": "+24558+82054",
      "properties": {
        "count": 3,
        "zone": 1
      }
    },
    {
      "type": "Feature",
      "geometry": {
        "geodesic": false,
        "type": "Polygon",
        "coordinates": [
          [
            [
              11.031311688987724,
              37.01238633629253
            ],
            [
              11.031311688987724,
              37.011488021008404
            ],
            [
              11.030413373703604,
              37.011488021008404
            ],
            [
              11.030413373703604,
              37.010589705724286
            ],
            [
              11.029515058419486,
              37.010589705724286
            ],
            [
              11.029515058419486,
              37.00969139044017
            ],
            [
              11.030413373703604,
              37.00969139044017
            ],
            [
              11.030413373703604,
              37.01014054808223
            ],
            [
              11.030862531345665,
              37.01014054808223
            ],
            [
              11.030862531345665,
              37.011038863366345
            ],
            [
              11.031760846629783,
              37.011038863366345
            ],
            [
              11.031760846629783,
              37.011488021008404
            ],
            [
              11.032210004271844,
              37.011488021008404
            ],
            [
              11.032210004271844,
              37.01193717865047
            ],
            [
              11.031760846629783,
              37.01193717865047
            ],
            [
              11.031760846629783,
              37.01238633629253
            ],
            [
              11.031311688987724,
              37.01238633629253
            ]
          ]
        ]
      },
      "id": "+24560+82403",
      "properties": {
        "count": 12,
        "zone": 1
      }
    },
    {
      "type": "Feature",
      "geometry": {
        "geodesic": false,
        "type": "Polygon",
        "coordinates": [
          [
            [
              11.032210004271844,
              36.960733207455654
            ],
            [
              11.032659161913903,
              36.960733207455654
            ],
            [
              11.032659161913903,
              36.96118236509771
            ],
            [
              11.032210004271844,
              36.96118236509771
            ],
            [
              11.032210004271844,
              36.960733207455654
            ]
          ]
        ]
      },
      "id": "+24562+82289",
      "properties": {
        "count": 1,
        "zone": 1
      }
    },
    {
      "type": "Feature",
      "geometry": {
        "geodesic": false,
        "type": "Polygon",
        "coordinates": [
          [
            [
              11.032659161913903,
              36.960284049813595
            ],
            [
              11.033108319555964,
              36.960284049813595
            ],
            [
              11.033108319555964,
              36.960733207455654
            ],
            [
              11.032659161913903,
              36.960733207455654
            ],
            [
              11.032659161913903,
              36.960284049813595
            ]
          ]
        ]
      },
      "id": "+24563+82288",
      "properties": {
        "count": 1,
        "zone": 1
      }
    },
    {
      "type": "Feature",
      "geometry": {
        "geodesic": false,
        "type": "Polygon",
        "coordinates": [
          [
            [
              11.034904950124202,
              36.808917924439456
            ],
            [
              11.035354107766262,
              36.808917924439456
            ],
            [
              11.035354107766262,
              36.809367082081515
            ],
            [
              11.034904950124202,
              36.809367082081515
            ],
            [
              11.034904950124202,
              36.808917924439456
            ]
          ]
        ]
      },
      "id": "+24568+81951",
      "properties": {
        "count": 1,
        "zone": 1
      }
    },
    {
      "type": "Feature",
      "geometry": {
        "geodesic": false,
        "type": "Polygon",
        "coordinates": [
          [
            [
              11.036701580692442,
              37.08380240138003
            ],
            [
              11.036701580692442,
              37.08290408609591
            ],
            [
              11.037150738334502,
              37.08290408609591
            ],
            [
              11.037150738334502,
              37.08245492845385
            ],
            [
              11.03759989597656,
              37.08245492845385
            ],
            [
              11.03759989597656,
              37.08200577081179
            ],
            [
              11.038049053618622,
              37.08200577081179
            ],
            [
              11.038049053618622,
              37.08290408609591
            ],
            [
              11.03759989597656,
              37.08290408609591
            ],
            [
              11.03759989597656,
              37.08335324373797
            ],
            [
              11.037150738334502,
              37.08335324373797
            ],
            [
              11.037150738334502,
              37.08380240138003
            ],
            [
              11.036701580692442,
              37.08380240138003
            ]
          ]
        ]
      },
      "id": "+24572+82562",
      "properties": {
        "count": 6,
        "zone": 1
      }
    },
    {
      "type": "Feature",
      "geometry": {
        "geodesic": false,
        "type": "Polygon",
        "coordinates": [
          [
            [
              11.035803265408322,
              37.08559903194827
            ],
            [
              11.035803265408322,
              37.08514987430621
            ],
            [
              11.036701580692442,
              37.08514987430621
            ],
            [
              11.036701580692442,
              37.084251559022086
            ],
            [
              11.037150738334502,
              37.084251559022086
            ],
            [
              11.037150738334502,
              37.08559903194827
            ],
            [
              11.035803265408322,
              37.08559903194827
            ]
          ]
        ]
      },
      "id": "+24572+82566",
      "properties": {
        "count": 5,
        "zone": 1
      }
    },
    {
      "type": "Feature",
      "geometry": {
        "geodesic": false,
        "type": "Polygon",
        "coordinates": [
          [
            [
              11.03759989597656,
              36.83901148645746
            ],
            [
              11.038049053618622,
              36.83901148645746
            ],
            [
              11.038049053618622,
              36.83946064409952
            ],
            [
              11.03759989597656,
              36.83946064409952
            ],
            [
              11.03759989597656,
              36.83901148645746
            ]
          ]
        ]
      },
      "id": "+24574+82018",
      "properties": {
        "count": 1,
        "zone": 1
      }
    },
    {
      "type": "Feature",
      "geometry": {
        "geodesic": false,
        "type": "Polygon",
        "coordinates": [
          [
            [
              11.038049053618622,
              36.972860463791264
            ],
            [
              11.038049053618622,
              36.971962148507146
            ],
            [
              11.03759989597656,
              36.971962148507146
            ],
            [
              11.03759989597656,
              36.972860463791264
            ],
            [
              11.036701580692442,
              36.972860463791264
            ],
            [
              11.036701580692442,
              36.972411306149205
            ],
            [
              11.037150738334502,
              36.972411306149205
            ],
            [
              11.037150738334502,
              36.97151299086509
            ],
            [
              11.0393965265448,
              36.97151299086509
            ],
            [
              11.0393965265448,
              36.971962148507146
            ],
            [
              11.03849821126068,
              36.971962148507146
            ],
            [
              11.03849821126068,
              36.972860463791264
            ],
            [
              11.038049053618622,
              36.972860463791264
            ]
          ]
        ]
      },
      "id": "+24575+82315",
      "properties": {
        "count": 10,
        "zone": 1
      }
    },
    {
      "type": "Feature",
      "geometry": {
        "geodesic": false,
        "type": "Polygon",
        "coordinates": [
          [
            [
              11.0393965265448,
              36.97106383322303
            ],
            [
              11.03984568418686,
              36.97106383322303
            ],
            [
              11.03984568418686,
              36.97151299086509
            ],
            [
              11.0393965265448,
              36.97151299086509
            ],
            [
              11.0393965265448,
              36.97106383322303
            ]
          ]
        ]
      },
      "id": "+24578+82312",
      "properties": {
        "count": 1,
        "zone": 1
      }
    },
    {
      "type": "Feature",
      "geometry": {
        "geodesic": false,
        "type": "Polygon",
        "coordinates": [
          [
            [
              11.0393965265448,
              36.998911607030735
            ],
            [
              11.03984568418686,
              36.998911607030735
            ],
            [
              11.03984568418686,
              36.999360764672794
            ],
            [
              11.0393965265448,
              36.999360764672794
            ],
            [
              11.0393965265448,
              36.998911607030735
            ]
          ]
        ]
      },
      "id": "+24578+82374",
      "properties": {
        "count": 1,
        "zone": 1
      }
    },
    {
      "type": "Feature",
      "geometry": {
        "geodesic": false,
        "type": "Polygon",
        "coordinates": [
          [
            [
              11.03984568418686,
              36.97151299086509
            ],
            [
              11.040294841828919,
              36.97151299086509
            ],
            [
              11.040294841828919,
              36.971962148507146
            ],
            [
              11.03984568418686,
              36.971962148507146
            ],
            [
              11.03984568418686,
              36.97151299086509
            ]
          ]
        ]
      },
      "id": "+24579+82313",
      "properties": {
        "count": 1,
        "zone": 1
      }
    },
    {
      "type": "Feature",
      "geometry": {
        "geodesic": false,
        "type": "Polygon",
        "coordinates": [
          [
            [
              11.04074399947098,
              36.864164314412804
            ],
            [
              11.041193157113039,
              36.864164314412804
            ],
            [
              11.041193157113039,
              36.86461347205486
            ],
            [
              11.04074399947098,
              36.86461347205486
            ],
            [
              11.04074399947098,
              36.864164314412804
            ]
          ]
        ]
      },
      "id": "+24581+82074",
      "properties": {
        "count": 1,
        "zone": 1
      }
    },
    {
      "type": "Feature",
      "geometry": {
        "geodesic": false,
        "type": "Polygon",
        "coordinates": [
          [
            [
              11.042989787681279,
              37.075268406180896
            ],
            [
              11.043438945323338,
              37.075268406180896
            ],
            [
              11.043438945323338,
              37.075717563822955
            ],
            [
              11.042989787681279,
              37.075717563822955
            ],
            [
              11.042989787681279,
              37.075268406180896
            ]
          ]
        ]
      },
      "id": "+24586+82544",
      "properties": {
        "count": 1,
        "zone": 1
      }
    },
    {
      "type": "Feature",
      "geometry": {
        "geodesic": false,
        "type": "Polygon",
        "coordinates": [
          [
            [
              11.043888102965397,
              36.80757045151328
            ],
            [
              11.043888102965397,
              36.80712129387121
            ],
            [
              11.042989787681279,
              36.80712129387121
            ],
            [
              11.042989787681279,
              36.80667213622915
            ],
            [
              11.043438945323338,
              36.80667213622915
            ],
            [
              11.043438945323338,
              36.806222978587094
            ],
            [
              11.043888102965397,
              36.806222978587094
            ],
            [
              11.043888102965397,
              36.80667213622915
            ],
            [
              11.044337260607458,
              36.80667213622915
            ],
            [
              11.044337260607458,
              36.80712129387121
            ],
            [
              11.044786418249517,
              36.80712129387121
            ],
            [
              11.044786418249517,
              36.80757045151328
            ],
            [
              11.043888102965397,
              36.80757045151328
            ]
          ]
        ]
      },
      "id": "+24589+81947",
      "properties": {
        "count": 6,
        "zone": 1
      }
    },
    {
      "type": "Feature",
      "geometry": {
        "geodesic": false,
        "type": "Polygon",
        "coordinates": [
          [
            [
              11.048379679385995,
              36.82374012662743
            ],
            [
              11.048828837028054,
              36.82374012662743
            ],
            [
              11.048828837028054,
              36.82418928426949
            ],
            [
              11.048379679385995,
              36.82418928426949
            ],
            [
              11.048379679385995,
              36.82374012662743
            ]
          ]
        ]
      },
      "id": "+24598+81984",
      "properties": {
        "count": 1,
        "zone": 1
      }
    },
    {
      "type": "Feature",
      "geometry": {
        "geodesic": false,
        "type": "Polygon",
        "coordinates": [
          [
            [
              11.048828837028054,
              37.07437009089677
            ],
            [
              11.049277994670115,
              37.07437009089677
            ],
            [
              11.049277994670115,
              37.07481924853883
            ],
            [
              11.048828837028054,
              37.07481924853883
            ],
            [
              11.048828837028054,
              37.07437009089677
            ]
          ]
        ]
      },
      "id": "+24599+82542",
      "properties": {
        "count": 1,
        "zone": 1
      }
    },
    {
      "type": "Feature",
      "geometry": {
        "geodesic": false,
        "type": "Polygon",
        "coordinates": [
          [
            [
              11.053769571090713,
              36.96971636029685
            ],
            [
              11.053769571090713,
              36.96926720265479
            ],
            [
              11.054218728732772,
              36.96926720265479
            ],
            [
              11.054218728732772,
              36.96881804501273
            ],
            [
              11.054667886374832,
              36.96881804501273
            ],
            [
              11.054667886374832,
              36.96971636029685
            ],
            [
              11.053769571090713,
              36.96971636029685
            ]
          ]
        ]
      },
      "id": "+24611+82308",
      "properties": {
        "count": 3,
        "zone": 1
      }
    },
    {
      "type": "Feature",
      "geometry": {
        "geodesic": false,
        "type": "Polygon",
        "coordinates": [
          [
            [
              11.054667886374832,
              37.01373380921871
            ],
            [
              11.055117044016892,
              37.01373380921871
            ],
            [
              11.055117044016892,
              37.014182966860766
            ],
            [
              11.054667886374832,
              37.014182966860766
            ],
            [
              11.054667886374832,
              37.01373380921871
            ]
          ]
        ]
      },
      "id": "+24612+82407",
      "properties": {
        "count": 1,
        "zone": 1
      }
    },
    {
      "type": "Feature",
      "geometry": {
        "geodesic": false,
        "type": "Polygon",
        "coordinates": [
          [
            [
              11.054667886374832,
              36.87404578253812
            ],
            [
              11.055566201658952,
              36.87404578253812
            ],
            [
              11.055566201658952,
              36.87449494018018
            ],
            [
              11.054667886374832,
              36.87449494018018
            ],
            [
              11.054667886374832,
              36.87404578253812
            ]
          ]
        ]
      },
      "id": "+24613+82096",
      "properties": {
        "count": 2,
        "zone": 1
      }
    },
    {
      "type": "Feature",
      "geometry": {
        "geodesic": false,
        "type": "Polygon",
        "coordinates": [
          [
            [
              11.056464516943072,
              37.056852942856445
            ],
            [
              11.05691367458513,
              37.056852942856445
            ],
            [
              11.05691367458513,
              37.057302100498504
            ],
            [
              11.056464516943072,
              37.057302100498504
            ],
            [
              11.056464516943072,
              37.056852942856445
            ]
          ]
        ]
      },
      "id": "+24616+82503",
      "properties": {
        "count": 1,
        "zone": 1
      }
    },
    {
      "type": "Feature",
      "geometry": {
        "geodesic": false,
        "type": "Polygon",
        "coordinates": [
          [
            [
              11.05736283222719,
              37.05550546993026
            ],
            [
              11.05781198986925,
              37.05550546993026
            ],
            [
              11.05781198986925,
              37.055954627572326
            ],
            [
              11.05736283222719,
              37.055954627572326
            ],
            [
              11.05736283222719,
              37.05550546993026
            ]
          ]
        ]
      },
      "id": "+24618+82500",
      "properties": {
        "count": 1,
        "zone": 1
      }
    },
    {
      "type": "Feature",
      "geometry": {
        "geodesic": false,
        "type": "Polygon",
        "coordinates": [
          [
            [
              11.05871030515337,
              37.049217262941426
            ],
            [
              11.05915946279543,
              37.049217262941426
            ],
            [
              11.05915946279543,
              37.049666420583485
            ],
            [
              11.05871030515337,
              37.049666420583485
            ],
            [
              11.05871030515337,
              37.049217262941426
            ]
          ]
        ]
      },
      "id": "+24621+82486",
      "properties": {
        "count": 1,
        "zone": 1
      }
    },
    {
      "type": "Feature",
      "geometry": {
        "geodesic": false,
        "type": "Polygon",
        "coordinates": [
          [
            [
              11.05915946279543,
              37.052361366435846
            ],
            [
              11.059608620437489,
              37.052361366435846
            ],
            [
              11.059608620437489,
              37.052810524077906
            ],
            [
              11.05915946279543,
              37.052810524077906
            ],
            [
              11.05915946279543,
              37.052361366435846
            ]
          ]
        ]
      },
      "id": "+24622+82493",
      "properties": {
        "count": 1,
        "zone": 1
      }
    },
    {
      "type": "Feature",
      "geometry": {
        "geodesic": false,
        "type": "Polygon",
        "coordinates": [
          [
            [
              11.059608620437489,
              37.055954627572326
            ],
            [
              11.06005777807955,
              37.055954627572326
            ],
            [
              11.06005777807955,
              37.056403785214385
            ],
            [
              11.059608620437489,
              37.056403785214385
            ],
            [
              11.059608620437489,
              37.055954627572326
            ]
          ]
        ]
      },
      "id": "+24623+82501",
      "properties": {
        "count": 1,
        "zone": 1
      }
    },
    {
      "type": "Feature",
      "geometry": {
        "geodesic": false,
        "type": "Polygon",
        "coordinates": [
          [
            [
              11.06005777807955,
              37.052810524077906
            ],
            [
              11.060506935721609,
              37.052810524077906
            ],
            [
              11.060506935721609,
              37.05415799700408
            ],
            [
              11.06005777807955,
              37.05415799700408
            ],
            [
              11.06005777807955,
              37.052810524077906
            ]
          ]
        ]
      },
      "id": "+24624+82496",
      "properties": {
        "count": 3,
        "zone": 1
      }
    },
    {
      "type": "Feature",
      "geometry": {
        "geodesic": false,
        "type": "Polygon",
        "coordinates": [
          [
            [
              11.06005777807955,
              37.05460715464614
            ],
            [
              11.060506935721609,
              37.05460715464614
            ],
            [
              11.060506935721609,
              37.0550563122882
            ],
            [
              11.06005777807955,
              37.0550563122882
            ],
            [
              11.06005777807955,
              37.05460715464614
            ]
          ]
        ]
      },
      "id": "+24624+82498",
      "properties": {
        "count": 1,
        "zone": 1
      }
    },
    {
      "type": "Feature",
      "geometry": {
        "geodesic": false,
        "type": "Polygon",
        "coordinates": [
          [
            [
              11.060506935721609,
              37.052810524077906
            ],
            [
              11.060506935721609,
              37.052361366435846
            ],
            [
              11.06005777807955,
              37.052361366435846
            ],
            [
              11.06005777807955,
              37.05101389350967
            ],
            [
              11.060506935721609,
              37.05101389350967
            ],
            [
              11.060506935721609,
              37.05191220879379
            ],
            [
              11.061405251005729,
              37.05191220879379
            ],
            [
              11.061405251005729,
              37.052361366435846
            ],
            [
              11.060956093363668,
              37.052361366435846
            ],
            [
              11.060956093363668,
              37.052810524077906
            ],
            [
              11.060506935721609,
              37.052810524077906
            ]
          ]
        ]
      },
      "id": "+24625+82493",
      "properties": {
        "count": 6,
        "zone": 1
      }
    },
    {
      "type": "Feature",
      "geometry": {
        "geodesic": false,
        "type": "Polygon",
        "coordinates": [
          [
            [
              11.060506935721609,
              36.9926234000419
            ],
            [
              11.061405251005729,
              36.9926234000419
            ],
            [
              11.061405251005729,
              36.99307255768396
            ],
            [
              11.060506935721609,
              36.99307255768396
            ],
            [
              11.060506935721609,
              36.9926234000419
            ]
          ]
        ]
      },
      "id": "+24626+82360",
      "properties": {
        "count": 2,
        "zone": 1
      }
    },
    {
      "type": "Feature",
      "geometry": {
        "geodesic": false,
        "type": "Polygon",
        "coordinates": [
          [
            [
              11.063651039216028,
              37.057302100498504
            ],
            [
              11.064100196858087,
              37.057302100498504
            ],
            [
              11.064100196858087,
              37.05775125814056
            ],
            [
              11.063651039216028,
              37.05775125814056
            ],
            [
              11.063651039216028,
              37.057302100498504
            ]
          ]
        ]
      },
      "id": "+24632+82504",
      "properties": {
        "count": 1,
        "zone": 1
      }
    },
    {
      "type": "Feature",
      "geometry": {
        "geodesic": false,
        "type": "Polygon",
        "coordinates": [
          [
            [
              11.069939246204864,
              36.843053905236
            ],
            [
              11.070388403846923,
              36.843053905236
            ],
            [
              11.070388403846923,
              36.84350306287806
            ],
            [
              11.069939246204864,
              36.84350306287806
            ],
            [
              11.069939246204864,
              36.843053905236
            ]
          ]
        ]
      },
      "id": "+24646+82027",
      "properties": {
        "count": 1,
        "zone": 1
      }
    },
    {
      "type": "Feature",
      "geometry": {
        "geodesic": false,
        "type": "Polygon",
        "coordinates": [
          [
            [
              11.073083349699282,
              36.82598591483772
            ],
            [
              11.073083349699282,
              36.825536757195664
            ],
            [
              11.072185034415163,
              36.825536757195664
            ],
            [
              11.072185034415163,
              36.825087599553605
            ],
            [
              11.071735876773102,
              36.825087599553605
            ],
            [
              11.071735876773102,
              36.824638441911546
            ],
            [
              11.069939246204864,
              36.824638441911546
            ],
            [
              11.069939246204864,
              36.82418928426949
            ],
            [
              11.070388403846923,
              36.82418928426949
            ],
            [
              11.070388403846923,
              36.82374012662743
            ],
            [
              11.069490088562803,
              36.82374012662743
            ],
            [
              11.069490088562803,
              36.82284181134331
            ],
            [
              11.068591773278685,
              36.82284181134331
            ],
            [
              11.068591773278685,
              36.82329096898537
            ],
            [
              11.068142615636624,
              36.82329096898537
            ],
            [
              11.068142615636624,
              36.82418928426949
            ],
            [
              11.067693457994565,
              36.82418928426949
            ],
            [
              11.067693457994565,
              36.824638441911546
            ],
            [
              11.067244300352506,
              36.824638441911546
            ],
            [
              11.067244300352506,
              36.82418928426949
            ],
            [
              11.066345985068386,
              36.82418928426949
            ],
            [
              11.066345985068386,
              36.82374012662743
            ],
            [
              11.065447669784266,
              36.82374012662743
            ],
            [
              11.065447669784266,
              36.82329096898537
            ],
            [
              11.063651039216028,
              36.82329096898537
            ],
            [
              11.063651039216028,
              36.82284181134331
            ],
            [
              11.063201881573967,
              36.82284181134331
            ],
            [
              11.063201881573967,
              36.82239265370125
            ],
            [
              11.062752723931908,
              36.82239265370125
            ],
            [
              11.062752723931908,
              36.82194349605919
            ],
            [
              11.062303566289849,
              36.82194349605919
            ],
            [
              11.062303566289849,
              36.821494338417125
            ],
            [
              11.063201881573967,
              36.821494338417125
            ],
            [
              11.063201881573967,
              36.821045180775066
            ],
            [
              11.063651039216028,
              36.821045180775066
            ],
            [
              11.063651039216028,
              36.81969770784889
            ],
            [
              11.064100196858087,
              36.81969770784889
            ],
            [
              11.064100196858087,
              36.81924855020683
            ],
            [
              11.064998512142207,
              36.81924855020683
            ],
            [
              11.064998512142207,
              36.81969770784889
            ],
            [
              11.065896827426325,
              36.81969770784889
            ],
            [
              11.065896827426325,
              36.82014686549095
            ],
            [
              11.066345985068386,
              36.82014686549095
            ],
            [
              11.066345985068386,
              36.82059602313301
            ],
            [
              11.066795142710445,
              36.82059602313301
            ],
            [
              11.066795142710445,
              36.821045180775066
            ],
            [
              11.068142615636624,
              36.821045180775066
            ],
            [
              11.068142615636624,
              36.821494338417125
            ],
            [
              11.069040930920744,
              36.821494338417125
            ],
            [
              11.069040930920744,
              36.82194349605919
            ],
            [
              11.069939246204864,
              36.82194349605919
            ],
            [
              11.069939246204864,
              36.82239265370125
            ],
            [
              11.070388403846923,
              36.82239265370125
            ],
            [
              11.070388403846923,
              36.82284181134331
            ],
            [
              11.071286719131043,
              36.82284181134331
            ],
            [
              11.071286719131043,
              36.82329096898537
            ],
            [
              11.071735876773102,
              36.82329096898537
            ],
            [
              11.071735876773102,
              36.82374012662743
            ],
            [
              11.072185034415163,
              36.82374012662743
            ],
            [
              11.072185034415163,
              36.82418928426949
            ],
            [
              11.073083349699282,
              36.82418928426949
            ],
            [
              11.073083349699282,
              36.824638441911546
            ],
            [
              11.073532507341342,
              36.824638441911546
            ],
            [
              11.073532507341342,
              36.825536757195664
            ],
            [
              11.073981664983402,
              36.825536757195664
            ],
            [
              11.073981664983402,
              36.82598591483772
            ],
            [
              11.073083349699282,
              36.82598591483772
            ]
          ]
        ]
      },
      "id": "+24654+81988",
      "properties": {
        "count": 129,
        "zone": 1
      }
    },
    {
      "type": "Feature",
      "geometry": {
        "geodesic": false,
        "type": "Polygon",
        "coordinates": [
          [
            [
              11.073532507341342,
              37.050115578225544
            ],
            [
              11.073981664983402,
              37.050115578225544
            ],
            [
              11.073981664983402,
              37.0505647358676
            ],
            [
              11.073532507341342,
              37.0505647358676
            ],
            [
              11.073532507341342,
              37.050115578225544
            ]
          ]
        ]
      },
      "id": "+24654+82488",
      "properties": {
        "count": 1,
        "zone": 1
      }
    },
    {
      "type": "Feature",
      "geometry": {
        "geodesic": false,
        "type": "Polygon",
        "coordinates": [
          [
            [
              11.07667661083576,
              36.980046986064224
            ],
            [
              11.07667661083576,
              36.97869951313805
            ],
            [
              11.07712576847782,
              36.97869951313805
            ],
            [
              11.07712576847782,
              36.97780119785393
            ],
            [
              11.078473241404,
              36.97780119785393
            ],
            [
              11.078473241404,
              36.97825035549599
            ],
            [
              11.078922399046059,
              36.97825035549599
            ],
            [
              11.078922399046059,
              36.979148670780106
            ],
            [
              11.078024083761939,
              36.979148670780106
            ],
            [
              11.078024083761939,
              36.980046986064224
            ],
            [
              11.07667661083576,
              36.980046986064224
            ]
          ]
        ]
      },
      "id": "+24663+82331",
      "properties": {
        "count": 18,
        "zone": 1
      }
    },
    {
      "type": "Feature",
      "geometry": {
        "geodesic": false,
        "type": "Polygon",
        "coordinates": [
          [
            [
              11.078473241404,
              36.97780119785393
            ],
            [
              11.078473241404,
              36.97735204021186
            ],
            [
              11.078024083761939,
              36.97735204021186
            ],
            [
              11.078024083761939,
              36.9769028825698
            ],
            [
              11.078473241404,
              36.9769028825698
            ],
            [
              11.078473241404,
              36.976453724927744
            ],
            [
              11.07937155668812,
              36.976453724927744
            ],
            [
              11.07937155668812,
              36.9769028825698
            ],
            [
              11.078922399046059,
              36.9769028825698
            ],
            [
              11.078922399046059,
              36.97780119785393
            ],
            [
              11.078473241404,
              36.97780119785393
            ]
          ]
        ]
      },
      "id": "+24665+82326",
      "properties": {
        "count": 5,
        "zone": 1
      }
    },
    {
      "type": "Feature",
      "geometry": {
        "geodesic": false,
        "type": "Polygon",
        "coordinates": [
          [
            [
              11.078473241404,
              36.98094530134834
            ],
            [
              11.078473241404,
              36.98049614370628
            ],
            [
              11.078922399046059,
              36.98049614370628
            ],
            [
              11.078922399046059,
              36.979597828422165
            ],
            [
              11.07937155668812,
              36.979597828422165
            ],
            [
              11.07937155668812,
              36.98094530134834
            ],
            [
              11.078473241404,
              36.98094530134834
            ]
          ]
        ]
      },
      "id": "+24666+82333",
      "properties": {
        "count": 4,
        "zone": 1
      }
    },
    {
      "type": "Feature",
      "geometry": {
        "geodesic": false,
        "type": "Polygon",
        "coordinates": [
          [
            [
              11.083413975466657,
              36.9490551087621
            ],
            [
              11.083863133108716,
              36.9490551087621
            ],
            [
              11.083863133108716,
              36.94950426640416
            ],
            [
              11.083413975466657,
              36.94950426640416
            ],
            [
              11.083413975466657,
              36.9490551087621
            ]
          ]
        ]
      },
      "id": "+24676+82263",
      "properties": {
        "count": 1,
        "zone": 1
      }
    },
    {
      "type": "Feature",
      "geometry": {
        "geodesic": false,
        "type": "Polygon",
        "coordinates": [
          [
            [
              11.099134492938749,
              36.85607947685573
            ],
            [
              11.099583650580808,
              36.85607947685573
            ],
            [
              11.099583650580808,
              36.85652863449779
            ],
            [
              11.099134492938749,
              36.85652863449779
            ],
            [
              11.099134492938749,
              36.85607947685573
            ]
          ]
        ]
      },
      "id": "+24711+82056",
      "properties": {
        "count": 1,
        "zone": 1
      }
    },
    {
      "type": "Feature",
      "geometry": {
        "geodesic": false,
        "type": "Polygon",
        "coordinates": [
          [
            [
              11.099583650580808,
              36.83721485588922
            ],
            [
              11.100032808222869,
              36.83721485588922
            ],
            [
              11.100032808222869,
              36.83766401353128
            ],
            [
              11.099583650580808,
              36.83766401353128
            ],
            [
              11.099583650580808,
              36.83721485588922
            ]
          ]
        ]
      },
      "id": "+24712+82014",
      "properties": {
        "count": 1,
        "zone": 1
      }
    },
    {
      "type": "Feature",
      "geometry": {
        "geodesic": false,
        "type": "Polygon",
        "coordinates": [
          [
            [
              11.100481965864928,
              36.83721485588922
            ],
            [
              11.100931123506987,
              36.83721485588922
            ],
            [
              11.100931123506987,
              36.83766401353128
            ],
            [
              11.100481965864928,
              36.83766401353128
            ],
            [
              11.100481965864928,
              36.83721485588922
            ]
          ]
        ]
      },
      "id": "+24714+82014",
      "properties": {
        "count": 1,
        "zone": 1
      }
    },
    {
      "type": "Feature",
      "geometry": {
        "geodesic": false,
        "type": "Polygon",
        "coordinates": [
          [
            [
              11.103176911717286,
              36.83811317117334
            ],
            [
              11.104075227001406,
              36.83811317117334
            ],
            [
              11.104075227001406,
              36.83901148645746
            ],
            [
              11.103176911717286,
              36.83901148645746
            ],
            [
              11.103176911717286,
              36.83811317117334
            ]
          ]
        ]
      },
      "id": "+24721+82017",
      "properties": {
        "count": 4,
        "zone": 1
      }
    },
    {
      "type": "Feature",
      "geometry": {
        "geodesic": false,
        "type": "Polygon",
        "coordinates": [
          [
            [
              11.119346586831437,
              36.88392725066343
            ],
            [
              11.119795744473498,
              36.88392725066343
            ],
            [
              11.119795744473498,
              36.88437640830549
            ],
            [
              11.119346586831437,
              36.88437640830549
            ],
            [
              11.119346586831437,
              36.88392725066343
            ]
          ]
        ]
      },
      "id": "+24756+82118",
      "properties": {
        "count": 1,
        "zone": 1
      }
    },
    {
      "type": "Feature",
      "geometry": {
        "geodesic": false,
        "type": "Polygon",
        "coordinates": [
          [
            [
              11.120244902115557,
              36.88123230481108
            ],
            [
              11.120694059757616,
              36.88123230481108
            ],
            [
              11.120694059757616,
              36.88168146245314
            ],
            [
              11.120244902115557,
              36.88168146245314
            ],
            [
              11.120244902115557,
              36.88123230481108
            ]
          ]
        ]
      },
      "id": "+24758+82112",
      "properties": {
        "count": 1,
        "zone": 1
      }
    },
    {
      "type": "Feature",
      "geometry": {
        "geodesic": false,
        "type": "Polygon",
        "coordinates": [
          [
            [
              11.121143217399677,
              36.883028935379315
            ],
            [
              11.121143217399677,
              36.882579777737256
            ],
            [
              11.120694059757616,
              36.882579777737256
            ],
            [
              11.120694059757616,
              36.88168146245314
            ],
            [
              11.121143217399677,
              36.88168146245314
            ],
            [
              11.121143217399677,
              36.88033398952696
            ],
            [
              11.121592375041736,
              36.88033398952696
            ],
            [
              11.121592375041736,
              36.879884831884894
            ],
            [
              11.122041532683797,
              36.879884831884894
            ],
            [
              11.122041532683797,
              36.878986516600776
            ],
            [
              11.121592375041736,
              36.878986516600776
            ],
            [
              11.121592375041736,
              36.87853735895872
            ],
            [
              11.122041532683797,
              36.87853735895872
            ],
            [
              11.122041532683797,
              36.87808820131666
            ],
            [
              11.122490690325856,
              36.87808820131666
            ],
            [
              11.122490690325856,
              36.8776390436746
            ],
            [
              11.122041532683797,
              36.8776390436746
            ],
            [
              11.122041532683797,
              36.87449494018018
            ],
            [
              11.122939847967915,
              36.87449494018018
            ],
            [
              11.122939847967915,
              36.87629157074842
            ],
            [
              11.123389005609976,
              36.87629157074842
            ],
            [
              11.123389005609976,
              36.87584241310636
            ],
            [
              11.124287320894094,
              36.87584241310636
            ],
            [
              11.124287320894094,
              36.87718988603254
            ],
            [
              11.125185636178214,
              36.87718988603254
            ],
            [
              11.125185636178214,
              36.87674072839048
            ],
            [
              11.126083951462334,
              36.87674072839048
            ],
            [
              11.126083951462334,
              36.87629157074842
            ],
            [
              11.126533109104393,
              36.87629157074842
            ],
            [
              11.126533109104393,
              36.87584241310636
            ],
            [
              11.126982266746454,
              36.87584241310636
            ],
            [
              11.126982266746454,
              36.87449494018018
            ],
            [
              11.127880582030572,
              36.87449494018018
            ],
            [
              11.127880582030572,
              36.87404578253812
            ],
            [
              11.128329739672633,
              36.87404578253812
            ],
            [
              11.128329739672633,
              36.87359662489606
            ],
            [
              11.127880582030572,
              36.87359662489606
            ],
            [
              11.127880582030572,
              36.873147467254
            ],
            [
              11.127431424388513,
              36.873147467254
            ],
            [
              11.127431424388513,
              36.87224915196988
            ],
            [
              11.127880582030572,
              36.87224915196988
            ],
            [
              11.127880582030572,
              36.87179999432782
            ],
            [
              11.127431424388513,
              36.87179999432782
            ],
            [
              11.127431424388513,
              36.871350836685764
            ],
            [
              11.126982266746454,
              36.871350836685764
            ],
            [
              11.126982266746454,
              36.87045252140164
            ],
            [
              11.126533109104393,
              36.87045252140164
            ],
            [
              11.126533109104393,
              36.87000336375958
            ],
            [
              11.126982266746454,
              36.87000336375958
            ],
            [
              11.126982266746454,
              36.86955420611752
            ],
            [
              11.128329739672633,
              36.86955420611752
            ],
            [
              11.128329739672633,
              36.87000336375958
            ],
            [
              11.128778897314692,
              36.87000336375958
            ],
            [
              11.128778897314692,
              36.870901679043705
            ],
            [
              11.128329739672633,
              36.870901679043705
            ],
            [
              11.128329739672633,
              36.871350836685764
            ],
            [
              11.128778897314692,
              36.871350836685764
            ],
            [
              11.128778897314692,
              36.87179999432782
            ],
            [
              11.129228054956751,
              36.87179999432782
            ],
            [
              11.129228054956751,
              36.87449494018018
            ],
            [
              11.128778897314692,
              36.87449494018018
            ],
            [
              11.128778897314692,
              36.875393255464296
            ],
            [
              11.127880582030572,
              36.875393255464296
            ],
            [
              11.127880582030572,
              36.87674072839048
            ],
            [
              11.127431424388513,
              36.87674072839048
            ],
            [
              11.127431424388513,
              36.87718988603254
            ],
            [
              11.126982266746454,
              36.87718988603254
            ],
            [
              11.126982266746454,
              36.87808820131666
            ],
            [
              11.126083951462334,
              36.87808820131666
            ],
            [
              11.126083951462334,
              36.878986516600776
            ],
            [
              11.125185636178214,
              36.878986516600776
            ],
            [
              11.125185636178214,
              36.879435674242835
            ],
            [
              11.123838163252035,
              36.879435674242835
            ],
            [
              11.123838163252035,
              36.879884831884894
            ],
            [
              11.123389005609976,
              36.879884831884894
            ],
            [
              11.123389005609976,
              36.88078314716902
            ],
            [
              11.122939847967915,
              36.88078314716902
            ],
            [
              11.122939847967915,
              36.88123230481108
            ],
            [
              11.122490690325856,
              36.88123230481108
            ],
            [
              11.122490690325856,
              36.88168146245314
            ],
            [
              11.122939847967915,
              36.88168146245314
            ],
            [
              11.122939847967915,
              36.8821306200952
            ],
            [
              11.122041532683797,
              36.8821306200952
            ],
            [
              11.122041532683797,
              36.882579777737256
            ],
            [
              11.121592375041736,
              36.882579777737256
            ],
            [
              11.121592375041736,
              36.883028935379315
            ],
            [
              11.121143217399677,
              36.883028935379315
            ]
          ],
          [
            [
              11.128778897314692,
              36.873147467254
            ],
            [
              11.128329739672633,
              36.873147467254
            ],
            [
              11.128329739672633,
              36.87269830961194
            ],
            [
              11.128778897314692,
              36.87269830961194
            ],
            [
              11.128778897314692,
              36.873147467254
            ]
          ]
        ]
      },
      "id": "+24760+82115",
      "properties": {
        "count": 154,
        "zone": 1
      }
    },
    {
      "type": "Feature",
      "geometry": {
        "geodesic": false,
        "type": "Polygon",
        "coordinates": [
          [
            [
              11.123838163252035,
              36.8821306200952
            ],
            [
              11.124287320894094,
              36.8821306200952
            ],
            [
              11.124287320894094,
              36.882579777737256
            ],
            [
              11.123838163252035,
              36.882579777737256
            ],
            [
              11.123838163252035,
              36.8821306200952
            ]
          ]
        ]
      },
      "id": "+24766+82114",
      "properties": {
        "count": 1,
        "zone": 1
      }
    },
    {
      "type": "Feature",
      "geometry": {
        "geodesic": false,
        "type": "Polygon",
        "coordinates": [
          [
            [
              11.124287320894094,
              36.875393255464296
            ],
            [
              11.124287320894094,
              36.87494409782224
            ],
            [
              11.123389005609976,
              36.87494409782224
            ],
            [
              11.123389005609976,
              36.87449494018018
            ],
            [
              11.122939847967915,
              36.87449494018018
            ],
            [
              11.122939847967915,
              36.87404578253812
            ],
            [
              11.123389005609976,
              36.87404578253812
            ],
            [
              11.123389005609976,
              36.87359662489606
            ],
            [
              11.123838163252035,
              36.87359662489606
            ],
            [
              11.123838163252035,
              36.873147467254
            ],
            [
              11.124287320894094,
              36.873147467254
            ],
            [
              11.124287320894094,
              36.87269830961194
            ],
            [
              11.124736478536155,
              36.87269830961194
            ],
            [
              11.124736478536155,
              36.87224915196988
            ],
            [
              11.125185636178214,
              36.87224915196988
            ],
            [
              11.125185636178214,
              36.87404578253812
            ],
            [
              11.124736478536155,
              36.87404578253812
            ],
            [
              11.124736478536155,
              36.875393255464296
            ],
            [
              11.124287320894094,
              36.875393255464296
            ]
          ]
        ]
      },
      "id": "+24767+82098",
      "properties": {
        "count": 18,
        "zone": 1
      }
    },
    {
      "type": "Feature",
      "geometry": {
        "geodesic": false,
        "type": "Polygon",
        "coordinates": [
          [
            [
              11.124287320894094,
              36.88168146245314
            ],
            [
              11.124736478536155,
              36.88168146245314
            ],
            [
              11.124736478536155,
              36.8821306200952
            ],
            [
              11.124287320894094,
              36.8821306200952
            ],
            [
              11.124287320894094,
              36.88168146245314
            ]
          ]
        ]
      },
      "id": "+24767+82113",
      "properties": {
        "count": 1,
        "zone": 1
      }
    },
    {
      "type": "Feature",
      "geometry": {
        "geodesic": false,
        "type": "Polygon",
        "coordinates": [
          [
            [
              11.125185636178214,
              36.87179999432782
            ],
            [
              11.126083951462334,
              36.87179999432782
            ],
            [
              11.126083951462334,
              36.87224915196988
            ],
            [
              11.125185636178214,
              36.87224915196988
            ],
            [
              11.125185636178214,
              36.87179999432782
            ]
          ]
        ]
      },
      "id": "+24770+82091",
      "properties": {
        "count": 2,
        "zone": 1
      }
    },
    {
      "type": "Feature",
      "geometry": {
        "geodesic": false,
        "type": "Polygon",
        "coordinates": [
          [
            [
              11.126982266746454,
              36.85383368864543
            ],
            [
              11.127431424388513,
              36.85383368864543
            ],
            [
              11.127431424388513,
              36.85428284628749
            ],
            [
              11.126982266746454,
              36.85428284628749
            ],
            [
              11.126982266746454,
              36.85383368864543
            ]
          ]
        ]
      },
      "id": "+24773+82051",
      "properties": {
        "count": 1,
        "zone": 1
      }
    },
    {
      "type": "Feature",
      "geometry": {
        "geodesic": false,
        "type": "Polygon",
        "coordinates": [
          [
            [
              11.127431424388513,
              36.863265999128686
            ],
            [
              11.127431424388513,
              36.86281684148663
            ],
            [
              11.126982266746454,
              36.86281684148663
            ],
            [
              11.126982266746454,
              36.86146936856045
            ],
            [
              11.127880582030572,
              36.86146936856045
            ],
            [
              11.127880582030572,
              36.86191852620251
            ],
            [
              11.128329739672633,
              36.86191852620251
            ],
            [
              11.128329739672633,
              36.86281684148663
            ],
            [
              11.127880582030572,
              36.86281684148663
            ],
            [
              11.127880582030572,
              36.863265999128686
            ],
            [
              11.127431424388513,
              36.863265999128686
            ]
          ]
        ]
      },
      "id": "+24774+82071",
      "properties": {
        "count": 9,
        "zone": 1
      }
    },
    {
      "type": "Feature",
      "geometry": {
        "geodesic": false,
        "type": "Polygon",
        "coordinates": [
          [
            [
              11.127880582030572,
              36.864164314412804
            ],
            [
              11.128329739672633,
              36.864164314412804
            ],
            [
              11.128329739672633,
              36.86461347205486
            ],
            [
              11.127880582030572,
              36.86461347205486
            ],
            [
              11.127880582030572,
              36.864164314412804
            ]
          ]
        ]
      },
      "id": "+24775+82074",
      "properties": {
        "count": 1,
        "zone": 1
      }
    },
    {
      "type": "Feature",
      "geometry": {
        "geodesic": false,
        "type": "Polygon",
        "coordinates": [
          [
            [
              11.127880582030572,
              36.86820673319134
            ],
            [
              11.128778897314692,
              36.86820673319134
            ],
            [
              11.128778897314692,
              36.86910504847546
            ],
            [
              11.127880582030572,
              36.86910504847546
            ],
            [
              11.127880582030572,
              36.86820673319134
            ]
          ]
        ]
      },
      "id": "+24776+82084",
      "properties": {
        "count": 4,
        "zone": 1
      }
    },
    {
      "type": "Feature",
      "geometry": {
        "geodesic": false,
        "type": "Polygon",
        "coordinates": [
          [
            [
              11.128778897314692,
              36.870901679043705
            ],
            [
              11.129228054956751,
              36.870901679043705
            ],
            [
              11.129228054956751,
              36.871350836685764
            ],
            [
              11.128778897314692,
              36.871350836685764
            ],
            [
              11.128778897314692,
              36.870901679043705
            ]
          ]
        ]
      },
      "id": "+24777+82089",
      "properties": {
        "count": 1,
        "zone": 1
      }
    },
    {
      "type": "Feature",
      "geometry": {
        "geodesic": false,
        "type": "Polygon",
        "coordinates": [
          [
            [
              11.13416878901941,
              36.87224915196988
            ],
            [
              11.13461794666147,
              36.87224915196988
            ],
            [
              11.13461794666147,
              36.87269830961194
            ],
            [
              11.13416878901941,
              36.87269830961194
            ],
            [
              11.13416878901941,
              36.87224915196988
            ]
          ]
        ]
      },
      "id": "+24789+82092",
      "properties": {
        "count": 1,
        "zone": 1
      }
    }
  ]
}
